Bar Diameter,Maximum bar length,Reinforcement Volume,Rebar Number,Mark,Total Bar Length,Quantity,Workset,Host Category,Host Mark,REBAR-PARTITION,WEIGHT IN KG,Style,Bend Diameter
8 mm,1135 mm,1483.00 cm³,1752,1644,29503 mm,26,STR-Model,Structural Framing,B 250X400,Beam,11.656372,Stirrup / Tie,64 mm
8 mm,1135 mm,456.31 cm³,1752,1644,9078 mm,8,STR-Model,Structural Framing,B 250X400,Beam,3.586576,Stirrup / Tie,64 mm
8 mm,1135 mm,798.54 cm³,1752,1644,15886 mm,14,STR-Model,Structural Framing,B 250X400,Beam,6.276508,Stirrup / Tie,64 mm
8 mm,1135 mm,1483.00 cm³,1752,1644,29503 mm,26,STR-Model,Structural Framing,B 250X400,Beam,11.656372,Stirrup / Tie,64 mm
8 mm,1135 mm,1597.08 cm³,1752,1644,31773 mm,28,STR-Model,Structural Framing,B 250X400,Beam,12.553016,Stirrup / Tie,64 mm
8 mm,1135 mm,456.31 cm³,1752,1644,9078 mm,8,STR-Model,Structural Framing,B 250X400,Beam,3.586576,Stirrup / Tie,64 mm
8 mm,1135 mm,1483.00 cm³,1752,1644,29503 mm,26,STR-Model,Structural Framing,B 250X400,Beam,11.656372,Stirrup / Tie,64 mm
8 mm,1135 mm,513.35 cm³,1752,1644,10213 mm,9,STR-Model,Structural Framing,B 250X400,Beam,4.034898,Stirrup / Tie,64 mm
8 mm,1135 mm,2680.81 cm³,1752,1644,53333 mm,47,STR-Model,Structural Framing,B 250X400,Beam,21.071134,Stirrup / Tie,64 mm
8 mm,1135 mm,1311.88 cm³,1999,1857,26099 mm,23,STR-Model,Structural Framing,TB1,Beam,10.311406,Stirrup / Tie,64 mm
8 mm,1135 mm,912.61 cm³,1999,1857,18156 mm,16,STR-Model,Structural Framing,TB1,Beam,7.173152,Stirrup / Tie,64 mm
8 mm,1135 mm,684.46 cm³,1999,1857,13617 mm,12,STR-Model,Structural Framing,TB1,Beam,5.379864,Stirrup / Tie,64 mm
8 mm,1135 mm,798.54 cm³,1999,1857,15886 mm,14,STR-Model,Structural Framing,TB1,Beam,6.276508,Stirrup / Tie,64 mm
8 mm,1135 mm,684.46 cm³,1999,1857,13617 mm,12,STR-Model,Structural Framing,TB1,Beam,5.379864,Stirrup / Tie,64 mm
8 mm,1135 mm,1368.92 cm³,1752,1644,27234 mm,24,STR-Model,Structural Framing,TB1,Beam,10.759728,Stirrup / Tie,64 mm
8 mm,1135 mm,3422.31 cm³,1968,1968,68085 mm,60,STR-Model,Structural Column,ST-C1 250x400x8275,Column,26.89932,Stirrup / Tie,64 mm
8 mm,1135 mm,3422.31 cm³,1968,1644,68085 mm,60,STR-Model,Structural Column,ST-C1 250x400x8275,Column,26.89932,Stirrup / Tie,64 mm
8 mm,1135 mm,3422.31 cm³,1968,1644,68085 mm,60,STR-Model,Structural Column,ST-C1 250x400x8275,Column,26.89932,Stirrup / Tie,64 mm
8 mm,1135 mm,3422.31 cm³,1968,1644,68085 mm,60,STR-Model,Structural Column,ST-C1 250x400x8275,Column,26.89932,Stirrup / Tie,64 mm
8 mm,1135 mm,3422.31 cm³,1968,1644,68085 mm,60,STR-Model,Structural Column,ST-C1 250x400x8275,Column,26.89932,Stirrup / Tie,64 mm
8 mm,1135 mm,3422.31 cm³,1968,1644,68085 mm,60,STR-Model,Structural Column,ST-C1 250x400x8275,Column,26.89932,Stirrup / Tie,64 mm
8 mm,1135 mm,570.38 cm³,1999,1857,11347 mm,10,STR-Model,Structural Framing,TB1,Beam,4.48322,Stirrup / Tie,64 mm
8 mm,1135 mm,3422.31 cm³,1968,1644,68085 mm,60,STR-Model,Structural Column,ST-C1 250x400x8275,Column,26.89932,Stirrup / Tie,64 mm
8 mm,1135 mm,684.46 cm³,1999,1857,13617 mm,12,STR-Model,Structural Framing,TB1,Beam,5.379864,Stirrup / Tie,64 mm
8 mm,1135 mm,798.54 cm³,1999,1857,15886 mm,14,STR-Model,Structural Framing,TB1,Beam,6.276508,Stirrup / Tie,64 mm
8 mm,1135 mm,798.54 cm³,1999,1857,15886 mm,14,STR-Model,Structural Framing,TB1,Beam,6.276508,Stirrup / Tie,64 mm
8 mm,1135 mm,684.46 cm³,1999,1857,13617 mm,12,STR-Model,Structural Framing,TB1,Beam,5.379864,Stirrup / Tie,64 mm
8 mm,1135 mm,3194.15 cm³,1968,1644,63546 mm,56,STR-Model,Structural Column,ST-C1 250x400x8275,Column,25.106032,Stirrup / Tie,64 mm
8 mm,1135 mm,3194.15 cm³,1968,1644,63546 mm,56,STR-Model,Structural Column,ST-C1 250x400x8275,Column,25.106032,Stirrup / Tie,64 mm
8 mm,1135 mm,3194.15 cm³,1968,1644,63546 mm,56,STR-Model,Structural Column,ST-C1 250x400x8275,Column,25.106032,Stirrup / Tie,64 mm
8 mm,1135 mm,3194.15 cm³,1968,1644,63546 mm,56,STR-Model,Structural Column,ST-C1 250x400x8275,Column,25.106032,Stirrup / Tie,64 mm
8 mm,837 mm,1977.58 cm³,2646,2675,39343 mm,47,STR-Model,Wall,,CT-UPSTAND,15.543794,Stirrup / Tie,32 mm
8 mm,837 mm,1977.58 cm³,2646,2675,39343 mm,47,STR-Model,Wall,,CT-UPSTAND,15.543794,Stirrup / Tie,32 mm
8 mm,1135 mm,513.35 cm³,1752,1644,10213 mm,9,STR-Model,Structural Framing,B 250X400,Beam,4.034898,Stirrup / Tie,64 mm
8 mm,2155 mm,866.47 cm³,3418,3349,17238 mm,8,STR-Model,Structural Column,,shaded foundation,6.810483,Stirrup / Tie,64 mm
8 mm,1155 mm,232.17 cm³,3424,3355,4619 mm,4,STR-OUTER STRUCTURES,Structural Column,OS MEP SUPPORT,,1.824895,Stirrup / Tie,64 mm
8 mm,955 mm,192.10 cm³,3423,3354,3822 mm,4,STR-OUTER STRUCTURES,Structural Column,OS MEP SUPPORT,,1.509928,Stirrup / Tie,64 mm
8 mm,1155 mm,232.17 cm³,3424,3355,4619 mm,4,STR-OUTER STRUCTURES,Structural Column,OS MEP SUPPORT,,1.824895,Stirrup / Tie,64 mm
8 mm,955 mm,191.96 cm³,3515,3456,3819 mm,4,STR-OUTER STRUCTURES,Structural Column,OS MEP SUPPORT,,1.508826,Stirrup / Tie,64 mm
8 mm,1155 mm,232.17 cm³,3424,3355,4619 mm,4,STR-OUTER STRUCTURES,Structural Column,OS MEP SUPPORT,,1.824895,Stirrup / Tie,64 mm
8 mm,955 mm,192.10 cm³,3423,3354,3822 mm,4,STR-OUTER STRUCTURES,Structural Column,OS MEP SUPPORT,,1.509928,Stirrup / Tie,64 mm
8 mm,1155 mm,232.17 cm³,3424,3355,4619 mm,4,STR-OUTER STRUCTURES,Structural Column,OS MEP SUPPORT,,1.824895,Stirrup / Tie,64 mm
8 mm,955 mm,192.10 cm³,3423,3354,3822 mm,4,STR-OUTER STRUCTURES,Structural Column,OS MEP SUPPORT,,1.509928,Stirrup / Tie,64 mm
8 mm,1155 mm,232.17 cm³,3424,3355,4619 mm,4,STR-OUTER STRUCTURES,Structural Column,OS MEP SUPPORT,,1.824895,Stirrup / Tie,64 mm
8 mm,955 mm,192.10 cm³,3423,3354,3822 mm,4,STR-OUTER STRUCTURES,Structural Column,OS MEP SUPPORT,,1.509928,Stirrup / Tie,64 mm
8 mm,1155 mm,348.26 cm³,3424,3355,6928 mm,6,STR-OUTER STRUCTURES,Structural Column,OS MEP SUPPORT,,2.737342,Stirrup / Tie,64 mm
8 mm,955 mm,288.15 cm³,3423,3354,5733 mm,6,STR-OUTER STRUCTURES,Structural Column,OS MEP SUPPORT,,2.264893,Stirrup / Tie,64 mm
8 mm,2655 mm,800.65 cm³,3441,3371,15928 mm,6,STR-OUTER STRUCTURES,Structural Column,OS MEP SUPPORT,,6.293123,Stirrup / Tie,64 mm
8 mm,975 mm,293.98 cm³,3531,3476,5848 mm,6,STR-OUTER STRUCTURES,Structural Column,OS MEP SUPPORT,,2.310649,Stirrup / Tie,64 mm
8 mm,975 mm,293.98 cm³,3531,3476,5848 mm,6,STR-OUTER STRUCTURES,Structural Column,OS MEP SUPPORT,,2.310649,Stirrup / Tie,64 mm
8 mm,975 mm,293.98 cm³,3531,3476,5848 mm,6,STR-OUTER STRUCTURES,Structural Column,OS MEP SUPPORT,,2.310649,Stirrup / Tie,64 mm
8 mm,1155 mm,348.26 cm³,3424,3355,6928 mm,6,STR-OUTER STRUCTURES,Structural Column,OS MEP SUPPORT,,2.737342,Stirrup / Tie,64 mm
8 mm,955 mm,288.15 cm³,3423,3354,5733 mm,6,STR-OUTER STRUCTURES,Structural Column,OS MEP SUPPORT,,2.264893,Stirrup / Tie,64 mm
8 mm,1155 mm,348.26 cm³,3424,3355,6928 mm,6,STR-OUTER STRUCTURES,Structural Column,OS MEP SUPPORT,,2.737342,Stirrup / Tie,64 mm
8 mm,955 mm,288.15 cm³,3423,3354,5733 mm,6,STR-OUTER STRUCTURES,Structural Column,OS MEP SUPPORT,,2.264893,Stirrup / Tie,64 mm
8 mm,1755 mm,352.81 cm³,3451,3381,7019 mm,4,STR-OUTER STRUCTURES,Structural Column,OS MEP SUPPORT,,2.773103,Stirrup / Tie,64 mm
8 mm,955 mm,191.96 cm³,3521,3462,3819 mm,4,STR-OUTER STRUCTURES,Structural Column,OS MEP SUPPORT,,1.508826,Stirrup / Tie,64 mm
8 mm,955 mm,191.96 cm³,3521,3462,3819 mm,4,STR-OUTER STRUCTURES,Structural Column,OS MEP SUPPORT,,1.508826,Stirrup / Tie,64 mm
8 mm,1561 mm,627.84 cm³,3526,3471,12491 mm,8,STR-OUTER STRUCTURES,Structural Column,,shaded foundation,4.934853,Stirrup / Tie,64 mm
8 mm,1561 mm,627.84 cm³,3526,3471,12491 mm,8,STR-OUTER STRUCTURES,Structural Column,,shaded foundation,4.934853,Stirrup / Tie,64 mm
8 mm,1155 mm,290.22 cm³,3424,3355,5774 mm,5,STR-OUTER STRUCTURES,Structural Column,OS MEP SUPPORT,,2.281119,Stirrup / Tie,64 mm
8 mm,955 mm,239.95 cm³,3515,3456,4774 mm,5,STR-OUTER STRUCTURES,Structural Column,OS MEP SUPPORT,,1.886032,Stirrup / Tie,64 mm
8 mm,1155 mm,232.17 cm³,3424,3355,4619 mm,4,STR-OUTER STRUCTURES,Structural Column,OS MEP SUPPORT,,1.824895,Stirrup / Tie,64 mm
8 mm,955 mm,191.96 cm³,3515,3456,3819 mm,4,STR-OUTER STRUCTURES,Structural Column,OS MEP SUPPORT,,1.508826,Stirrup / Tie,64 mm
8 mm,1155 mm,232.17 cm³,3424,3355,4619 mm,4,STR-OUTER STRUCTURES,Structural Column,OS MEP SUPPORT,,1.824895,Stirrup / Tie,64 mm
8 mm,955 mm,191.96 cm³,3515,3456,3819 mm,4,STR-OUTER STRUCTURES,Structural Column,OS MEP SUPPORT,,1.508826,Stirrup / Tie,64 mm
8 mm,1955 mm,491.28 cm³,3519,3460,9774 mm,5,STR-OUTER STRUCTURES,Structural Column,OS MEP SUPPORT,,3.861465,Stirrup / Tie,64 mm
8 mm,955 mm,239.95 cm³,3521,3462,4774 mm,5,STR-OUTER STRUCTURES,Structural Column,OS MEP SUPPORT,,1.886032,Stirrup / Tie,64 mm
8 mm,955 mm,239.95 cm³,3521,3462,4774 mm,5,STR-OUTER STRUCTURES,Structural Column,OS MEP SUPPORT,,1.886032,Stirrup / Tie,64 mm
8 mm,1655 mm,499.06 cm³,3533,3478,9928 mm,6,STR-OUTER STRUCTURES,Structural Column,OS MEP SUPPORT,,3.922602,Stirrup / Tie,64 mm
8 mm,955 mm,287.94 cm³,3521,3462,5728 mm,6,STR-OUTER STRUCTURES,Structural Column,OS MEP SUPPORT,,2.263238,Stirrup / Tie,64 mm
8 mm,955 mm,287.94 cm³,3521,3462,5728 mm,6,STR-OUTER STRUCTURES,Structural Column,OS MEP SUPPORT,,2.263238,Stirrup / Tie,64 mm
10 mm,3356 mm,1318.04 cm³,20,21,16782 mm,5,STR-Model,Structural Foundation,F3,Footing,10.359758,Stirrup / Tie,40 mm
10 mm,2108 mm,827.85 cm³,21,23,10541 mm,5,STR-Model,Structural Foundation,F3,Footing,6.506904,Stirrup / Tie,40 mm
10 mm,2108 mm,827.85 cm³,21,23,10541 mm,5,STR-Model,Structural Foundation,F3,Footing,6.506904,Stirrup / Tie,40 mm
10 mm,2108 mm,827.85 cm³,21,23,10541 mm,5,STR-Model,Structural Foundation,F3,Footing,6.506904,Stirrup / Tie,40 mm
10 mm,2108 mm,827.85 cm³,21,23,10541 mm,5,STR-Model,Structural Foundation,F3,Footing,6.506904,Stirrup / Tie,40 mm
10 mm,3356 mm,1581.64 cm³,20,21,20138 mm,6,STR-Model,Structural Foundation,F3A,Footing,12.43171,Stirrup / Tie,40 mm
10 mm,2108 mm,993.42 cm³,21,23,12649 mm,6,STR-Model,Structural Foundation,F3A,Footing,7.808284,Stirrup / Tie,40 mm
10 mm,2108 mm,993.42 cm³,21,23,12649 mm,6,STR-Model,Structural Foundation,F3A,Footing,7.808284,Stirrup / Tie,40 mm
10 mm,2108 mm,993.42 cm³,21,23,12649 mm,6,STR-Model,Structural Foundation,F3A,Footing,7.808284,Stirrup / Tie,40 mm
10 mm,2108 mm,993.42 cm³,21,23,12649 mm,6,STR-Model,Structural Foundation,F3A,Footing,7.808284,Stirrup / Tie,40 mm
10 mm,1356 mm,426.11 cm³,37,34,5425 mm,4,STR-Model,Structural Foundation,F6,Footing,3.349223,Stirrup / Tie,40 mm
10 mm,1076 mm,338.15 cm³,38,35,4305 mm,4,STR-Model,Structural Foundation,F6,Footing,2.657821,Stirrup / Tie,40 mm
10 mm,2556 mm,1003.88 cm³,43,43,12782 mm,5,STR-Model,Structural Foundation,F3,Footing,7.890466,Stirrup / Tie,40 mm
10 mm,1356 mm,426.11 cm³,37,34,5425 mm,4,STR-Model,Structural Foundation,F12,Footing,3.349223,Stirrup / Tie,40 mm
10 mm,1076 mm,338.15 cm³,38,35,4305 mm,4,STR-Model,Structural Foundation,F12,Footing,2.657821,Stirrup / Tie,40 mm
10 mm,3356 mm,1318.04 cm³,20,21,16782 mm,5,STR-Model,Structural Foundation,F1,Footing,10.359758,Stirrup / Tie,40 mm
10 mm,2108 mm,827.85 cm³,21,23,10541 mm,5,STR-Model,Structural Foundation,F1,Footing,6.506904,Stirrup / Tie,40 mm
10 mm,2108 mm,827.85 cm³,21,23,10541 mm,5,STR-Model,Structural Foundation,F1,Footing,6.506904,Stirrup / Tie,40 mm
10 mm,2108 mm,827.85 cm³,21,23,10541 mm,5,STR-Model,Structural Foundation,F1,Footing,6.506904,Stirrup / Tie,40 mm
10 mm,2108 mm,827.85 cm³,21,23,10541 mm,5,STR-Model,Structural Foundation,F1,Footing,6.506904,Stirrup / Tie,40 mm
10 mm,1836 mm,721.13 cm³,87,87,9182 mm,5,STR-Model,Structural Foundation,F1,Footing,5.668104,Stirrup / Tie,40 mm
10 mm,1272 mm,499.34 cm³,88,80,6358 mm,5,STR-Model,Structural Foundation,F1,Footing,3.924783,Stirrup / Tie,40 mm
10 mm,1708 mm,670.79 cm³,99,84,8541 mm,5,STR-Model,Structural Foundation,F3,Footing,5.2724,Stirrup / Tie,40 mm
10 mm,1708 mm,670.79 cm³,99,84,8541 mm,5,STR-Model,Structural Foundation,F3,Footing,5.2724,Stirrup / Tie,40 mm
10 mm,956 mm,225.33 cm³,34,31,2869 mm,3,STR-Model,Structural Foundation,F9,Footing,1.77113,Stirrup / Tie,40 mm
10 mm,956 mm,225.33 cm³,34,31,2869 mm,3,STR-Model,Structural Foundation,F9,Footing,1.77113,Stirrup / Tie,40 mm
10 mm,1756 mm,551.77 cm³,119,219,7025 mm,4,STR-Model,Structural Foundation,F6A,Footing,4.33694,Stirrup / Tie,40 mm
10 mm,1291 mm,405.59 cm³,121,108,5164 mm,4,STR-Model,Structural Foundation,F6A,Footing,3.187911,Stirrup / Tie,40 mm
10 mm,1291 mm,405.59 cm³,121,108,5164 mm,4,STR-Model,Structural Foundation,F6A,Footing,3.187911,Stirrup / Tie,40 mm
10 mm,1356 mm,426.11 cm³,37,34,5425 mm,4,STR-Model,Structural Foundation,F6B,Footing,3.349223,Stirrup / Tie,40 mm
10 mm,1076 mm,338.15 cm³,38,35,4305 mm,4,STR-Model,Structural Foundation,F6B,Footing,2.657821,Stirrup / Tie,40 mm
10 mm,2400 mm,754.03 cm³,137,123,9601 mm,4,STR-Model,Structural Foundation,F4A,Footing,5.926646,Standard,40 mm
10 mm,2400 mm,754.03 cm³,137,123,9601 mm,4,STR-Model,Structural Foundation,F4A,Footing,5.926646,Standard,40 mm
10 mm,2400 mm,565.52 cm³,137,123,7200 mm,3,STR-Model,Structural Foundation,F7,Footing,4.444984,Standard,40 mm
10 mm,2400 mm,565.52 cm³,137,123,7200 mm,3,STR-Model,Structural Foundation,F7,Footing,4.444984,Standard,40 mm
10 mm,1356 mm,426.11 cm³,37,34,5425 mm,4,STR-Model,Structural Column,C3 400x400x7500,Footing,3.349223,Stirrup / Tie,40 mm
10 mm,1076 mm,338.15 cm³,38,35,4305 mm,4,STR-Model,Structural Column,C3 400x400x7500,Footing,2.657821,Stirrup / Tie,40 mm
10 mm,2400 mm,565.52 cm³,137,123,7200 mm,3,STR-Model,Wall,W5,Footing,4.444984,Standard,40 mm
10 mm,2400 mm,565.52 cm³,137,123,7200 mm,3,STR-Model,Wall,W5,Footing,4.444984,Standard,40 mm
10 mm,3356 mm,1318.04 cm³,188,188,16782 mm,5,STR-Model,Structural Foundation,F5,Footing,10.359758,Stirrup / Tie,40 mm
10 mm,2108 mm,827.85 cm³,189,189,10541 mm,5,STR-Model,Structural Foundation,F5,Footing,6.506904,Stirrup / Tie,40 mm
10 mm,2108 mm,827.85 cm³,189,189,10541 mm,5,STR-Model,Structural Foundation,F5,Footing,6.506904,Stirrup / Tie,40 mm
10 mm,2108 mm,827.85 cm³,189,189,10541 mm,5,STR-Model,Structural Foundation,F5,Footing,6.506904,Stirrup / Tie,40 mm
10 mm,2108 mm,827.85 cm³,189,189,10541 mm,5,STR-Model,Structural Foundation,F5,Footing,6.506904,Stirrup / Tie,40 mm
10 mm,956 mm,600.89 cm³,190,190,7651 mm,8,STR-Model,Structural Column,PD1 300x300x2000,Footing,4.723012,Stirrup / Tie,40 mm
10 mm,1356 mm,532.64 cm³,191,191,6782 mm,5,STR-Model,Structural Column,C3 400x400x7500,Footing,4.186529,Stirrup / Tie,40 mm
10 mm,1076 mm,422.68 cm³,192,192,5382 mm,5,STR-Model,Structural Column,C3 400x400x7500,Footing,3.322276,Stirrup / Tie,40 mm
10 mm,3436 mm,2429.01 cm³,202,202,30927 mm,9,STR-Model,Structural Column,C1 900x900x10500,Column,19.092037,Stirrup / Tie,40 mm
10 mm,2148 mm,1518.44 cm³,200,200,19333 mm,9,STR-Model,Structural Column,C1 900x900x10500,Column,11.934972,Stirrup / Tie,40 mm
10 mm,2148 mm,1518.44 cm³,200,200,19333 mm,9,STR-Model,Structural Column,C1 900x900x10500,Column,11.934972,Stirrup / Tie,40 mm
10 mm,3436 mm,3238.68 cm³,202,202,41236 mm,12,STR-Model,Structural Column,C1 900x900x10500,Footing,25.456049,Stirrup / Tie,40 mm
10 mm,2148 mm,9616.81 cm³,200,200,122445 mm,57,STR-Model,Structural Column,C1 900x900x10500,Column,75.588158,Stirrup / Tie,40 mm
10 mm,2148 mm,9616.81 cm³,200,200,122445 mm,57,STR-Model,Structural Column,C1 900x900x10500,Column,75.588158,Stirrup / Tie,40 mm
10 mm,3436 mm,15383.74 cm³,202,202,195872 mm,57,STR-Model,Structural Column,C1 900x900x10500,Column,120.916235,Stirrup / Tie,40 mm
10 mm,2148 mm,9616.81 cm³,200,200,122445 mm,57,STR-Model,Structural Column,C1 900x900x10500,Column,75.588158,Stirrup / Tie,40 mm
10 mm,2148 mm,9616.81 cm³,200,200,122445 mm,57,STR-Model,Structural Column,C1 900x900x10500,Column,75.588158,Stirrup / Tie,40 mm
10 mm,2148 mm,1518.44 cm³,200,200,19333 mm,9,STR-Model,Structural Column,C1 900x900x10500,Column,11.934972,Stirrup / Tie,40 mm
10 mm,2637 mm,11805.99 cm³,207,207,150319 mm,57,STR-Model,Structural Column,C2 700x700x10500,Column,92.795065,Stirrup / Tie,40 mm
10 mm,1749 mm,7827.85 cm³,208,208,99667 mm,57,STR-Model,Structural Column,C2 700x700x10500,Column,61.526927,Stirrup / Tie,40 mm
10 mm,1749 mm,7827.85 cm³,206,206,99667 mm,57,STR-Model,Structural Column,C2 700x700x10500,Column,61.526927,Stirrup / Tie,40 mm
10 mm,2627 mm,1857.03 cm³,1020,926,23645 mm,9,STR-Model,Structural Column,C2 700x700x10500,Column,14.596293,Stirrup / Tie,40 mm
10 mm,1749 mm,1235.98 cm³,208,208,15737 mm,9,STR-Model,Structural Column,C2 700x700x10500,Column,9.714778,Stirrup / Tie,40 mm
10 mm,1729 mm,1221.84 cm³,1019,927,15557 mm,9,STR-Model,Structural Column,C2 700x700x10500,Column,9.60366,Stirrup / Tie,40 mm
10 mm,2627 mm,1650.70 cm³,1020,926,21017 mm,8,STR-Model,Structural Column,C2 700x700x10500,Column,12.974483,Stirrup / Tie,40 mm
10 mm,1749 mm,1098.65 cm³,208,208,13988 mm,8,STR-Model,Structural Column,C2 700x700x10500,Column,8.635358,Stirrup / Tie,40 mm
10 mm,1749 mm,1098.65 cm³,206,206,13988 mm,8,STR-Model,Structural Column,C2 700x700x10500,Column,8.635358,Stirrup / Tie,40 mm
10 mm,2607 mm,1842.76 cm³,1687,1545,23463 mm,9,STR-Model,Structural Column,C2 700x700x10500,Column,14.484064,Stirrup / Tie,40 mm
10 mm,1708 mm,1207.42 cm³,99,84,15373 mm,9,STR-Model,Structural Column,C2 700x700x10500,Column,9.490319,Stirrup / Tie,40 mm
10 mm,1749 mm,1235.98 cm³,206,206,15737 mm,9,STR-Model,Structural Column,C2 700x700x10500,Column,9.714778,Stirrup / Tie,40 mm
10 mm,1356 mm,852.22 cm³,37,34,10851 mm,8,STR-Model,Structural Column,C3 400x400x7500,Column,6.698446,Stirrup / Tie,40 mm
10 mm,1076 mm,676.29 cm³,38,35,8611 mm,8,STR-Model,Structural Column,C3 400x400x7500,Column,5.315642,Stirrup / Tie,40 mm
10 mm,1436 mm,3609.96 cm³,215,234,45963 mm,32,STR-Model,Structural Column,C3 400x400x7500,Column,28.374267,Stirrup / Tie,40 mm
10 mm,1129 mm,2836.50 cm³,240,259,36115 mm,32,STR-Model,Structural Column,C3 400x400x7500,Column,22.294925,Stirrup / Tie,40 mm
10 mm,1436 mm,902.49 cm³,215,234,11491 mm,8,STR-Model,Structural Column,C3 400x400x7500,Column,7.093567,Stirrup / Tie,40 mm
10 mm,1132 mm,711.28 cm³,242,261,9056 mm,8,STR-Model,Structural Column,C3 400x400x7500,Column,5.590693,Stirrup / Tie,40 mm
10 mm,1836 mm,1153.81 cm³,234,257,14691 mm,8,STR-Model,Structural Column,C4 500x500x10500,Column,9.068966,Stirrup / Tie,40 mm
10 mm,1331 mm,836.31 cm³,235,258,10648 mm,8,STR-Model,Structural Column,C4 500x500x10500,Column,6.573366,Stirrup / Tie,40 mm
10 mm,1331 mm,836.31 cm³,235,258,10648 mm,8,STR-Model,Structural Column,C4 500x500x10500,Column,6.573366,Stirrup / Tie,40 mm
10 mm,2148 mm,1518.44 cm³,200,200,19333 mm,9,STR-Model,Structural Column,C1 900x900x10500,Column,11.934972,Stirrup / Tie,40 mm
10 mm,2148 mm,1518.44 cm³,200,200,19333 mm,9,STR-Model,Structural Column,C1 900x900x10500,Column,11.934972,Stirrup / Tie,40 mm
10 mm,3436 mm,2429.01 cm³,202,202,30927 mm,9,STR-Model,Structural Column,C1 900x900x10500,Column,19.092037,Stirrup / Tie,40 mm
10 mm,2148 mm,1518.44 cm³,200,200,19333 mm,9,STR-Model,Structural Column,C1 900x900x10500,Column,11.934972,Stirrup / Tie,40 mm
10 mm,2148 mm,1518.44 cm³,200,200,19333 mm,9,STR-Model,Structural Column,C1 900x900x10500,Column,11.934972,Stirrup / Tie,40 mm
10 mm,1836 mm,4615.25 cm³,234,257,58763 mm,32,STR-Model,Structural Column,C4 500x500x10500,Column,36.275863,Stirrup / Tie,40 mm
10 mm,1331 mm,3345.22 cm³,235,258,42593 mm,32,STR-Model,Structural Column,C4 500x500x10500,Column,26.293464,Stirrup / Tie,40 mm
10 mm,1331 mm,3345.22 cm³,235,258,42593 mm,32,STR-Model,Structural Column,C4 500x500x10500,Column,26.293464,Stirrup / Tie,40 mm
10 mm,1436 mm,902.49 cm³,215,234,11491 mm,8,STR-Model,Structural Column,C3 400x400x7500,Column,7.093567,Stirrup / Tie,40 mm
10 mm,1110 mm,697.67 cm³,216,216,8883 mm,8,STR-Model,Structural Column,C3 400x400x7500,Column,5.483687,Stirrup / Tie,40 mm
10 mm,1836 mm,1874.95 cm³,87,87,23873 mm,13,STR-Model,Structural Column,ST-C2 300x700x2000,Column,14.737069,Stirrup / Tie,40 mm
10 mm,1272 mm,1298.27 cm³,88,80,16530 mm,13,STR-Model,Structural Column,ST-C2 300x700x2000,Column,10.204436,Stirrup / Tie,40 mm
10 mm,1736 mm,7773.24 cm³,241,260,98972 mm,57,STR-Model,Structural Column,ST-C2 250x700x8900,Column,61.097641,Stirrup / Tie,40 mm
10 mm,1172 mm,5244.76 cm³,253,1897,66778 mm,57,STR-Model,Structural Column,ST-C2 250x700x8900,Column,41.223788,Stirrup / Tie,40 mm
10 mm,2136 mm,10067.20 cm³,271,285,128180 mm,60,STR-Model,Structural Column,ST-C3 250x900x8865,Column,79.128156,Stirrup / Tie,40 mm
10 mm,899 mm,4237.37 cm³,272,286,53952 mm,60,STR-Model,Structural Column,ST-C3 250x900x8865,Column,33.305762,Stirrup / Tie,40 mm
10 mm,899 mm,4237.37 cm³,272,286,53952 mm,60,STR-Model,Structural Column,ST-C3 250x900x8865,Column,33.305762,Stirrup / Tie,40 mm
10 mm,1836 mm,3028.76 cm³,234,257,38563 mm,21,STR-Model,Structural Column,C4 500x500x10500,Column,23.806035,Stirrup / Tie,40 mm
10 mm,1331 mm,2195.30 cm³,235,258,27951 mm,21,STR-Model,Structural Column,C4 500x500x10500,Column,17.255086,Stirrup / Tie,40 mm
10 mm,1331 mm,2195.30 cm³,235,258,27951 mm,21,STR-Model,Structural Column,C4 500x500x10500,Column,17.255086,Stirrup / Tie,40 mm
10 mm,1836 mm,1298.04 cm³,234,257,16527 mm,9,STR-Model,Structural Column,C4 500x500x10500,Column,10.202587,Stirrup / Tie,40 mm
10 mm,1331 mm,940.84 cm³,235,258,11979 mm,9,STR-Model,Structural Column,C4 500x500x10500,Column,7.395037,Stirrup / Tie,40 mm
10 mm,1331 mm,940.84 cm³,235,258,11979 mm,9,STR-Model,Structural Column,C4 500x500x10500,Column,7.395037,Stirrup / Tie,40 mm
10 mm,1836 mm,1730.72 cm³,234,257,22036 mm,12,STR-Model,Structural Column,C4 500x500x10500,Column,13.603449,Stirrup / Tie,40 mm
10 mm,1331 mm,1254.46 cm³,235,258,15972 mm,12,STR-Model,Structural Column,C4 500x500x10500,Column,9.860049,Stirrup / Tie,40 mm
10 mm,1331 mm,1254.46 cm³,235,258,15972 mm,12,STR-Model,Structural Column,C4 500x500x10500,Column,9.860049,Stirrup / Tie,40 mm
10 mm,1836 mm,1153.81 cm³,234,257,14691 mm,8,STR-Model,Structural Column,C4 500x500x10500,Column,9.068966,Stirrup / Tie,40 mm
10 mm,1331 mm,836.31 cm³,235,258,10648 mm,8,STR-Model,Structural Column,C4 500x500x10500,Column,6.573366,Stirrup / Tie,40 mm
10 mm,1331 mm,836.31 cm³,235,258,10648 mm,8,STR-Model,Structural Column,C4 500x500x10500,Column,6.573366,Stirrup / Tie,40 mm
10 mm,2236 mm,2458.97 cm³,281,281,31309 mm,14,STR-Model,Structural Column,ST-C3 300x900x2000,Column,19.327488,Stirrup / Tie,40 mm
10 mm,998 mm,1097.19 cm³,282,293,13970 mm,14,STR-Model,Structural Column,ST-C3 300x900x2000,Column,8.623928,Stirrup / Tie,40 mm
10 mm,998 mm,1097.14 cm³,282,293,13969 mm,14,STR-Model,Structural Column,ST-C3 300x900x2000,Column,8.623497,Stirrup / Tie,40 mm
10 mm,2440 mm,1916.48 cm³,292,304,24401 mm,10,STR-Model,Wall,W5,Wall,15.063543,Standard,40 mm
10 mm,2440 mm,1916.48 cm³,292,304,24401 mm,10,STR-Model,Wall,W5,Wall,15.063543,Standard,40 mm
10 mm,1136 mm,5622.67 cm³,299,299,71590 mm,63,STR-Model,Structural Column,ST-C1 250x400x8275,Column,44.194163,Stirrup / Tie,40 mm
10 mm,2441 mm,7092.14 cm³,335,335,90300 mm,37,STR-Model,Wall,W4,Wall,55.744246,Standard,40 mm
10 mm,2441 mm,7092.14 cm³,335,335,90300 mm,37,STR-Model,Wall,W4,Wall,55.744246,Standard,40 mm
10 mm,4202 mm,1319.98 cm³,349,356,16807 mm,4,STR-Model,Structural Column,,Corbel,10.375052,Stirrup / Tie,40 mm
10 mm,1756 mm,5241.85 cm³,1018,925,66741 mm,38,STR-Model,Structural Framing,GB1,Ground Beam,41.200926,Stirrup / Tie,40 mm
10 mm,1756 mm,5103.90 cm³,1018,925,64985 mm,37,STR-Model,Structural Framing,GB1,Ground Beam,40.116691,Stirrup / Tie,40 mm
10 mm,1756 mm,5103.90 cm³,1018,925,64985 mm,37,STR-Model,Structural Framing,GB1,Ground Beam,40.116691,Stirrup / Tie,40 mm
10 mm,1756 mm,5103.90 cm³,1018,925,64985 mm,37,STR-Model,Structural Framing,GB1,Ground Beam,40.116691,Stirrup / Tie,40 mm
10 mm,1556 mm,3422.59 cm³,998,777,43578 mm,28,STR-Model,Structural Framing,GB2,Ground Beam,26.901568,Stirrup / Tie,40 mm
10 mm,1556 mm,3300.36 cm³,998,777,42021 mm,27,STR-Model,Structural Framing,GB2,Ground Beam,25.940798,Stirrup / Tie,40 mm
10 mm,1556 mm,3300.36 cm³,777,777,42021 mm,27,STR-Model,Structural Framing,GB2,Ground Beam,25.940798,Stirrup / Tie,40 mm
10 mm,1556 mm,3300.36 cm³,777,777,42021 mm,27,STR-Model,Structural Framing,GB2,Ground Beam,25.940798,Stirrup / Tie,40 mm
10 mm,1556 mm,3300.36 cm³,998,777,42021 mm,27,STR-Model,Structural Framing,GB2,Ground Beam,25.940798,Stirrup / Tie,40 mm
10 mm,1556 mm,3300.36 cm³,998,777,42021 mm,27,STR-Model,Structural Framing,GB2,Ground Beam,25.940798,Stirrup / Tie,40 mm
10 mm,1556 mm,3667.06 cm³,998,777,46690 mm,30,STR-Model,Structural Framing,GB3,Ground Beam,28.823109,Stirrup / Tie,40 mm
10 mm,1556 mm,3300.36 cm³,998,777,42021 mm,27,STR-Model,Structural Framing,GB3,Ground Beam,25.940798,Stirrup / Tie,40 mm
10 mm,1556 mm,3300.36 cm³,998,777,42021 mm,27,STR-Model,Structural Framing,GB3,Ground Beam,25.940798,Stirrup / Tie,40 mm
10 mm,1556 mm,3300.36 cm³,998,777,42021 mm,27,STR-Model,Structural Framing,GB3,Ground Beam,25.940798,Stirrup / Tie,40 mm
10 mm,1556 mm,3300.36 cm³,998,777,42021 mm,27,STR-Model,Structural Framing,GB3,Ground Beam,25.940798,Stirrup / Tie,40 mm
10 mm,1556 mm,3300.36 cm³,998,777,42021 mm,27,STR-Model,Structural Framing,GB3,Ground Beam,25.940798,Stirrup / Tie,40 mm
10 mm,1556 mm,3300.36 cm³,998,777,42021 mm,27,STR-Model,Structural Framing,GB3,Ground Beam,25.940798,Stirrup / Tie,40 mm
10 mm,1556 mm,3422.59 cm³,998,777,43578 mm,28,STR-Model,Structural Framing,GB3,Ground Beam,26.901568,Stirrup / Tie,40 mm
10 mm,1556 mm,3422.59 cm³,998,777,43578 mm,28,STR-Model,Structural Framing,GB2,Ground Beam,26.901568,Stirrup / Tie,40 mm
10 mm,1556 mm,3422.59 cm³,998,777,43578 mm,28,STR-Model,Structural Framing,GB2,Ground Beam,26.901568,Stirrup / Tie,40 mm
10 mm,1556 mm,3422.59 cm³,998,777,43578 mm,28,STR-Model,Structural Framing,GB2,Ground Beam,26.901568,Stirrup / Tie,40 mm
10 mm,1556 mm,977.88 cm³,998,777,12451 mm,8,STR-Model,Structural Framing,GB2,Ground Beam,7.686162,Stirrup / Tie,40 mm
10 mm,1556 mm,977.88 cm³,998,777,12451 mm,8,STR-Model,Structural Framing,GB2,Ground Beam,7.686162,Stirrup / Tie,40 mm
10 mm,1556 mm,977.88 cm³,998,777,12451 mm,8,STR-Model,Structural Framing,GB2,Ground Beam,7.686162,Stirrup / Tie,40 mm
10 mm,1556 mm,3422.59 cm³,998,777,43578 mm,28,STR-Model,Structural Framing,GB3,Ground Beam,26.901568,Stirrup / Tie,40 mm
10 mm,1556 mm,3422.59 cm³,998,777,43578 mm,28,STR-Model,Structural Framing,GB3,Ground Beam,26.901568,Stirrup / Tie,40 mm
10 mm,1556 mm,1222.35 cm³,998,777,15563 mm,10,STR-Model,Structural Framing,GB2,Ground Beam,9.607703,Stirrup / Tie,40 mm
10 mm,1556 mm,1222.35 cm³,998,777,15563 mm,10,STR-Model,Structural Framing,GB2,Ground Beam,9.607703,Stirrup / Tie,40 mm
10 mm,1556 mm,1222.35 cm³,998,777,15563 mm,10,STR-Model,Structural Framing,GB2,Ground Beam,9.607703,Stirrup / Tie,40 mm
10 mm,1556 mm,3300.36 cm³,998,777,42021 mm,27,STR-Model,Structural Framing,GB2,Ground Beam,25.940798,Stirrup / Tie,40 mm
10 mm,1556 mm,3300.36 cm³,998,777,42021 mm,27,STR-Model,Structural Framing,GB2,Ground Beam,25.940798,Stirrup / Tie,40 mm
10 mm,1556 mm,3300.36 cm³,998,777,42021 mm,27,STR-Model,Structural Framing,GB2,Ground Beam,25.940798,Stirrup / Tie,40 mm
10 mm,1556 mm,3300.36 cm³,998,777,42021 mm,27,STR-Model,Structural Framing,GB2,Ground Beam,25.940798,Stirrup / Tie,40 mm
10 mm,1556 mm,3300.36 cm³,998,777,42021 mm,27,STR-Model,Structural Framing,GB2,Ground Beam,25.940798,Stirrup / Tie,40 mm
10 mm,1556 mm,3300.36 cm³,998,777,42021 mm,27,STR-Model,Structural Framing,GB2,Ground Beam,25.940798,Stirrup / Tie,40 mm
10 mm,1556 mm,3422.59 cm³,998,777,43578 mm,28,STR-Model,Structural Framing,GB2,Ground Beam,26.901568,Stirrup / Tie,40 mm
10 mm,1556 mm,3422.59 cm³,998,777,43578 mm,28,STR-Model,Structural Framing,GB2,Ground Beam,26.901568,Stirrup / Tie,40 mm
10 mm,1556 mm,3422.59 cm³,998,777,43578 mm,28,STR-Model,Structural Framing,GB2,Ground Beam,26.901568,Stirrup / Tie,40 mm
10 mm,1556 mm,3422.59 cm³,998,777,43578 mm,28,STR-Model,Structural Framing,GB3,Ground Beam,26.901568,Stirrup / Tie,40 mm
10 mm,1556 mm,3422.59 cm³,998,777,43578 mm,28,STR-Model,Structural Framing,GB2,Ground Beam,26.901568,Stirrup / Tie,40 mm
10 mm,1556 mm,3544.83 cm³,998,777,45134 mm,29,STR-Model,Structural Framing,GB2A,Ground Beam,27.862339,Stirrup / Tie,40 mm
10 mm,1556 mm,4156.00 cm³,998,777,52916 mm,34,STR-Model,Structural Framing,GB2A,Ground Beam,32.66619,Stirrup / Tie,40 mm
10 mm,1556 mm,2444.71 cm³,998,777,31127 mm,20,STR-Model,Structural Framing,GB2A,Ground Beam,19.215406,Stirrup / Tie,40 mm
10 mm,1556 mm,3300.36 cm³,998,777,42021 mm,27,STR-Model,Structural Framing,GB2,Ground Beam,25.940798,Stirrup / Tie,40 mm
10 mm,1556 mm,3055.89 cm³,998,777,38909 mm,25,STR-Model,Structural Framing,GB2,Ground Beam,24.019257,Stirrup / Tie,40 mm
10 mm,1556 mm,3544.83 cm³,998,777,45134 mm,29,STR-Model,Structural Framing,GB2A,Ground Beam,27.862339,Stirrup / Tie,40 mm
10 mm,1556 mm,3055.89 cm³,998,777,38909 mm,25,STR-Model,Structural Framing,GB2A,Ground Beam,24.019257,Stirrup / Tie,40 mm
10 mm,1556 mm,3544.83 cm³,998,777,45134 mm,29,STR-Model,Structural Framing,GB2A,Ground Beam,27.862339,Stirrup / Tie,40 mm
10 mm,1556 mm,2933.65 cm³,998,777,37352 mm,24,STR-Model,Structural Framing,GB2A,Ground Beam,23.058487,Stirrup / Tie,40 mm
10 mm,1556 mm,3544.83 cm³,998,777,45134 mm,29,STR-Model,Structural Framing,GB2A,Ground Beam,27.862339,Stirrup / Tie,40 mm
10 mm,1556 mm,3055.89 cm³,998,777,38909 mm,25,STR-Model,Structural Framing,GB2A,Ground Beam,24.019257,Stirrup / Tie,40 mm
10 mm,1596 mm,3635.93 cm³,1014,931,46294 mm,29,STR-Model,Structural Framing,GB2A,Ground Beam,28.578433,Stirrup / Tie,40 mm
10 mm,1556 mm,3055.40 cm³,1032,2397,38903 mm,25,STR-Model,Structural Framing,GB2A,Ground Beam,24.015446,Stirrup / Tie,40 mm
10 mm,1556 mm,3300.36 cm³,998,777,42021 mm,27,STR-Model,Structural Framing,GB3,Ground Beam,25.940798,Stirrup / Tie,40 mm
10 mm,1556 mm,3178.12 cm³,998,777,40465 mm,26,STR-Model,Structural Framing,GB3,Ground Beam,24.980028,Stirrup / Tie,40 mm
10 mm,1556 mm,2933.65 cm³,998,777,37352 mm,24,STR-Model,Structural Framing,GB2,Ground Beam,23.058487,Stirrup / Tie,40 mm
10 mm,1556 mm,2444.71 cm³,998,777,31127 mm,20,STR-Model,Structural Framing,GB2,Ground Beam,19.215406,Stirrup / Tie,40 mm
10 mm,1556 mm,2933.65 cm³,998,777,37352 mm,24,STR-Model,Structural Framing,GB2,Ground Beam,23.058487,Stirrup / Tie,40 mm
10 mm,1556 mm,2444.71 cm³,998,777,31127 mm,20,STR-Model,Structural Framing,GB2,Ground Beam,19.215406,Stirrup / Tie,40 mm
10 mm,1556 mm,2933.65 cm³,998,777,37352 mm,24,STR-Model,Structural Framing,GB2,Ground Beam,23.058487,Stirrup / Tie,40 mm
10 mm,1556 mm,2444.71 cm³,998,777,31127 mm,20,STR-Model,Structural Framing,GB2,Ground Beam,19.215406,Stirrup / Tie,40 mm
10 mm,1556 mm,2933.65 cm³,998,777,37352 mm,24,STR-Model,Structural Framing,GB2,Ground Beam,23.058487,Stirrup / Tie,40 mm
10 mm,1556 mm,1466.82 cm³,998,777,18676 mm,12,STR-Model,Structural Framing,GB2,Ground Beam,11.529244,Stirrup / Tie,40 mm
10 mm,1556 mm,3422.59 cm³,998,777,43578 mm,28,STR-Model,Structural Framing,GB3,Ground Beam,26.901568,Stirrup / Tie,40 mm
10 mm,1556 mm,3422.59 cm³,998,777,43578 mm,28,STR-Model,Structural Framing,GB3,Ground Beam,26.901568,Stirrup / Tie,40 mm
10 mm,1756 mm,3862.41 cm³,1018,925,49178 mm,28,STR-Model,Structural Framing,GB1,Ground Beam,30.358577,Stirrup / Tie,40 mm
10 mm,1556 mm,2933.65 cm³,998,777,37352 mm,24,STR-Model,Structural Framing,GB2,Ground Beam,23.058487,Stirrup / Tie,40 mm
10 mm,1556 mm,2933.65 cm³,998,777,37352 mm,24,STR-Model,Structural Framing,GB2,Ground Beam,23.058487,Stirrup / Tie,40 mm
10 mm,1556 mm,3422.59 cm³,998,777,43578 mm,28,STR-Model,Structural Framing,GB2,Ground Beam,26.901568,Stirrup / Tie,40 mm
10 mm,1556 mm,2200.24 cm³,998,777,28014 mm,18,STR-Model,Structural Framing,GB2,Ground Beam,17.293865,Stirrup / Tie,40 mm
10 mm,1556 mm,2078.00 cm³,998,777,26458 mm,17,STR-Model,Structural Framing,GB2,Ground Beam,16.333095,Stirrup / Tie,40 mm
10 mm,1756 mm,5103.90 cm³,1018,925,64985 mm,37,STR-Model,Structural Framing,GB1,Ground Beam,40.116691,Stirrup / Tie,40 mm
10 mm,1756 mm,5103.90 cm³,1018,925,64985 mm,37,STR-Model,Structural Framing,GB1,Ground Beam,40.116691,Stirrup / Tie,40 mm
10 mm,1756 mm,5103.90 cm³,1018,925,64985 mm,37,STR-Model,Structural Framing,GB1,Ground Beam,40.116691,Stirrup / Tie,40 mm
10 mm,1756 mm,9380.15 cm³,1018,925,119432 mm,68,STR-Model,Structural Framing,GB1,Ground Beam,73.727973,Stirrup / Tie,40 mm
10 mm,1556 mm,2322.47 cm³,998,777,29571 mm,19,STR-Model,Structural Framing,GB2,Ground Beam,18.254636,Stirrup / Tie,40 mm
10 mm,1556 mm,2566.94 cm³,998,777,32683 mm,21,STR-Model,Structural Framing,GB2,Ground Beam,20.176176,Stirrup / Tie,40 mm
10 mm,1556 mm,2566.94 cm³,998,777,32683 mm,21,STR-Model,Structural Framing,GB2,Ground Beam,20.176176,Stirrup / Tie,40 mm
10 mm,1556 mm,2566.94 cm³,998,777,32683 mm,21,STR-Model,Structural Framing,GB2,Ground Beam,20.176176,Stirrup / Tie,40 mm
10 mm,1556 mm,2689.18 cm³,998,777,34240 mm,22,STR-Model,Structural Framing,GB2,Ground Beam,21.136947,Stirrup / Tie,40 mm
10 mm,1756 mm,3862.41 cm³,1018,925,49178 mm,28,STR-Model,Structural Framing,GB1,Ground Beam,30.358577,Stirrup / Tie,40 mm
10 mm,1756 mm,5103.90 cm³,1018,925,64985 mm,37,STR-Model,Structural Framing,GB1,Ground Beam,40.116691,Stirrup / Tie,40 mm
10 mm,1756 mm,4828.02 cm³,1018,925,61472 mm,35,STR-Model,Structural Framing,GB1,Ground Beam,37.948221,Stirrup / Tie,40 mm
10 mm,1756 mm,4965.96 cm³,1018,925,63229 mm,36,STR-Model,Structural Framing,GB1,Ground Beam,39.032456,Stirrup / Tie,40 mm
10 mm,1756 mm,4828.02 cm³,1018,925,61472 mm,35,STR-Model,Structural Framing,GB1,Ground Beam,37.948221,Stirrup / Tie,40 mm
10 mm,1756 mm,5103.90 cm³,1018,925,64985 mm,37,STR-Model,Structural Framing,GB1,Ground Beam,40.116691,Stirrup / Tie,40 mm
10 mm,1756 mm,4965.96 cm³,1018,925,63229 mm,36,STR-Model,Structural Framing,GB1,Ground Beam,39.032456,Stirrup / Tie,40 mm
10 mm,1756 mm,3586.53 cm³,1018,925,45665 mm,26,STR-Model,Structural Framing,GB1,Ground Beam,28.190107,Stirrup / Tie,40 mm
10 mm,1556 mm,4278.24 cm³,998,777,54472 mm,35,STR-Model,Structural Framing,GB2,Ground Beam,33.62696,Stirrup / Tie,40 mm
10 mm,1556 mm,3789.30 cm³,998,777,48247 mm,31,STR-Model,Structural Framing,GB2,Ground Beam,29.783879,Stirrup / Tie,40 mm
10 mm,1556 mm,2444.71 cm³,998,777,31127 mm,20,STR-Model,Structural Framing,GB2,Ground Beam,19.215406,Stirrup / Tie,40 mm
10 mm,1556 mm,3544.83 cm³,998,777,45134 mm,29,STR-Model,Structural Framing,GB2,Ground Beam,27.862339,Stirrup / Tie,40 mm
10 mm,1556 mm,3055.89 cm³,998,777,38909 mm,25,STR-Model,Structural Framing,GB2,Ground Beam,24.019257,Stirrup / Tie,40 mm
10 mm,1556 mm,2444.71 cm³,998,777,31127 mm,20,STR-Model,Structural Framing,GB2,Ground Beam,19.215406,Stirrup / Tie,40 mm
10 mm,1556 mm,2200.24 cm³,998,777,28014 mm,18,STR-Model,Structural Framing,GB2A,Ground Beam,17.293865,Stirrup / Tie,40 mm
10 mm,1556 mm,3055.89 cm³,998,777,38909 mm,25,STR-Model,Structural Framing,GB2A,Ground Beam,24.019257,Stirrup / Tie,40 mm
10 mm,1556 mm,3544.83 cm³,998,777,45134 mm,29,STR-Model,Structural Framing,GB2A,Ground Beam,27.862339,Stirrup / Tie,40 mm
10 mm,1556 mm,3055.89 cm³,998,777,38909 mm,25,STR-Model,Structural Framing,GB2A,Ground Beam,24.019257,Stirrup / Tie,40 mm
10 mm,1556 mm,3544.83 cm³,998,777,45134 mm,29,STR-Model,Structural Framing,GB2,Ground Beam,27.862339,Stirrup / Tie,40 mm
10 mm,1556 mm,2078.00 cm³,998,777,26458 mm,17,STR-Model,Structural Framing,GB2,Ground Beam,16.333095,Stirrup / Tie,40 mm
10 mm,1556 mm,2566.94 cm³,998,777,32683 mm,21,STR-Model,Structural Framing,GB2,Ground Beam,20.176176,Stirrup / Tie,40 mm
10 mm,1556 mm,3422.59 cm³,998,777,43578 mm,28,STR-Model,Structural Framing,GB2,Ground Beam,26.901568,Stirrup / Tie,40 mm
10 mm,1556 mm,3300.36 cm³,998,777,42021 mm,27,STR-Model,Structural Framing,GB2,Ground Beam,25.940798,Stirrup / Tie,40 mm
10 mm,1556 mm,3055.89 cm³,998,777,38909 mm,25,STR-Model,Structural Framing,GB2,Ground Beam,24.019257,Stirrup / Tie,40 mm
10 mm,1356 mm,426.11 cm³,37,34,5425 mm,4,STR-Model,Structural Column,C3 400x400x7500,Footing,3.349223,Stirrup / Tie,40 mm
10 mm,1076 mm,338.15 cm³,38,35,4305 mm,4,STR-Model,Structural Column,C3 400x400x7500,Footing,2.657821,Stirrup / Tie,40 mm
10 mm,1356 mm,532.64 cm³,191,191,6782 mm,5,STR-Model,Structural Column,C3 400x400x7500,Footing,4.186529,Stirrup / Tie,40 mm
10 mm,1076 mm,422.68 cm³,192,192,5382 mm,5,STR-Model,Structural Column,C3 400x400x7500,Footing,3.322276,Stirrup / Tie,40 mm
10 mm,1556 mm,977.88 cm³,777,777,12451 mm,8,STR-Model,Structural Framing,,Ramp,7.686162,Stirrup / Tie,40 mm
10 mm,1156 mm,999.01 cm³,1509,1509,12720 mm,11,STR-Model,Structural Framing,,Ramp,7.852252,Stirrup / Tie,40 mm
10 mm,1256 mm,1381.43 cm³,1510,1406,17589 mm,14,STR-Model,Floor,,Ramp,10.858028,Stirrup / Tie,40 mm
10 mm,1455 mm,1599.98 cm³,1512,1512,20372 mm,14,STR-Model,Floor,,Ramp,12.575819,Stirrup / Tie,40 mm
10 mm,1043 mm,737.60 cm³,1518,1413,9391 mm,9,STR-Model,Slab Edge,,Ramp,5.797574,Stirrup / Tie,40 mm
10 mm,1070 mm,756.43 cm³,1519,1519,9631 mm,9,STR-Model,Slab Edge,,Ramp,5.94555,Stirrup / Tie,40 mm
10 mm,1297 mm,611.00 cm³,1523,1523,7780 mm,6,STR-Model,Wall,,Ramp,4.802467,Stirrup / Tie,40 mm
10 mm,1297 mm,611.00 cm³,1523,1523,7780 mm,6,STR-Model,Wall,,Ramp,4.802467,Stirrup / Tie,40 mm
10 mm,1245 mm,97.78 cm³,1524,1524,1245 mm,1,STR-Model,Wall,,Ramp,0.76853,Stirrup / Tie,40 mm
10 mm,1204 mm,94.55 cm³,1530,1424,1204 mm,1,STR-Model,Wall,,Ramp,0.743177,Stirrup / Tie,40 mm
10 mm,1164 mm,91.41 cm³,1529,1423,1164 mm,1,STR-Model,Wall,,Ramp,0.718485,Stirrup / Tie,40 mm
10 mm,1124 mm,88.27 cm³,1528,1422,1124 mm,1,STR-Model,Wall,,Ramp,0.693792,Stirrup / Tie,40 mm
10 mm,1084 mm,85.13 cm³,1527,1421,1084 mm,1,STR-Model,Wall,,Ramp,0.669099,Stirrup / Tie,40 mm
10 mm,1044 mm,81.99 cm³,1526,1526,1044 mm,1,STR-Model,Wall,,Ramp,0.644406,Stirrup / Tie,40 mm
10 mm,1007 mm,79.10 cm³,1525,1419,1007 mm,1,STR-Model,Wall,,Ramp,0.621726,Stirrup / Tie,40 mm
10 mm,1245 mm,97.78 cm³,1524,1524,1245 mm,1,STR-Model,Wall,,Ramp,0.76853,Stirrup / Tie,40 mm
10 mm,1204 mm,94.55 cm³,1530,1424,1204 mm,1,STR-Model,Wall,,Ramp,0.743177,Stirrup / Tie,40 mm
10 mm,1164 mm,91.41 cm³,1529,1423,1164 mm,1,STR-Model,Wall,,Ramp,0.718485,Stirrup / Tie,40 mm
10 mm,1124 mm,88.27 cm³,1528,1422,1124 mm,1,STR-Model,Wall,,Ramp,0.693792,Stirrup / Tie,40 mm
10 mm,1084 mm,85.13 cm³,1527,1421,1084 mm,1,STR-Model,Wall,,Ramp,0.669099,Stirrup / Tie,40 mm
10 mm,1044 mm,81.99 cm³,1526,1526,1044 mm,1,STR-Model,Wall,,Ramp,0.644406,Stirrup / Tie,40 mm
10 mm,1007 mm,79.10 cm³,1525,1419,1007 mm,1,STR-Model,Wall,,Ramp,0.621726,Stirrup / Tie,40 mm
10 mm,771 mm,6119.63 cm³,1538,1431,77918 mm,101,STR-Model,Wall,,UPSTAND,48.100293,Standard,40 mm
10 mm,1760 mm,1382.27 cm³,1543,1438,17600 mm,10,STR-Model,Wall,,Ramp,10.864638,Standard,40 mm
10 mm,1761 mm,1383.37 cm³,1550,1444,17614 mm,10,STR-Model,Wall,,Ramp,10.873281,Standard,40 mm
10 mm,1296 mm,916.34 cm³,1564,1564,11667 mm,9,STR-Model,Wall,,Ramp,7.202397,Stirrup / Tie,40 mm
10 mm,1296 mm,916.34 cm³,1564,1564,11667 mm,9,STR-Model,Wall,,Ramp,7.202397,Stirrup / Tie,40 mm
10 mm,1277 mm,14140.14 cm³,1572,1466,180038 mm,141,STR-Model,Slab Edge,,Ramp,111.141462,Stirrup / Tie,40 mm
10 mm,1313 mm,14743.34 cm³,1573,1573,187718 mm,143,STR-Model,Floor,,Ramp,115.882657,Stirrup / Tie,40 mm
10 mm,1943 mm,152.58 cm³,1576,1576,1943 mm,1,STR-Model,Wall,,Ramp,1.199244,Stirrup / Tie,40 mm
10 mm,1903 mm,149.43 cm³,1592,1592,1903 mm,1,STR-Model,Wall,,Ramp,1.174551,Stirrup / Tie,40 mm
10 mm,1863 mm,146.29 cm³,1591,1591,1863 mm,1,STR-Model,Wall,,Ramp,1.149858,Stirrup / Tie,40 mm
10 mm,1823 mm,143.15 cm³,1590,1484,1823 mm,1,STR-Model,Wall,,Ramp,1.125165,Stirrup / Tie,40 mm
10 mm,1783 mm,140.01 cm³,1589,1483,1783 mm,1,STR-Model,Wall,,Ramp,1.100472,Stirrup / Tie,40 mm
10 mm,1743 mm,136.87 cm³,1588,1482,1743 mm,1,STR-Model,Wall,,Ramp,1.075779,Stirrup / Tie,40 mm
10 mm,1703 mm,133.73 cm³,1587,1481,1703 mm,1,STR-Model,Wall,,Ramp,1.051086,Stirrup / Tie,40 mm
10 mm,1663 mm,130.58 cm³,1586,1480,1663 mm,1,STR-Model,Wall,,Ramp,1.026393,Stirrup / Tie,40 mm
10 mm,1623 mm,127.44 cm³,1585,1585,1623 mm,1,STR-Model,Wall,,Ramp,1.0017,Stirrup / Tie,40 mm
10 mm,1583 mm,124.30 cm³,1584,1584,1583 mm,1,STR-Model,Wall,,Ramp,0.977008,Stirrup / Tie,40 mm
10 mm,1543 mm,121.16 cm³,1583,1477,1543 mm,1,STR-Model,Wall,,Ramp,0.952315,Stirrup / Tie,40 mm
10 mm,1503 mm,118.02 cm³,1582,1582,1503 mm,1,STR-Model,Wall,,Ramp,0.927622,Stirrup / Tie,40 mm
10 mm,1463 mm,114.88 cm³,1581,1581,1463 mm,1,STR-Model,Wall,,Ramp,0.902929,Stirrup / Tie,40 mm
10 mm,1423 mm,111.73 cm³,1580,1580,1423 mm,1,STR-Model,Wall,,Ramp,0.878236,Stirrup / Tie,40 mm
10 mm,1383 mm,108.59 cm³,1579,1579,1383 mm,1,STR-Model,Wall,,Ramp,0.853543,Stirrup / Tie,40 mm
10 mm,1343 mm,105.45 cm³,1578,1578,1343 mm,1,STR-Model,Wall,,Ramp,0.82885,Stirrup / Tie,40 mm
10 mm,1303 mm,102.31 cm³,1577,1577,1303 mm,1,STR-Model,Wall,,Ramp,0.804157,Stirrup / Tie,40 mm
10 mm,1248 mm,98.02 cm³,1593,1593,1248 mm,1,STR-Model,Wall,,Ramp,0.770457,Stirrup / Tie,40 mm
10 mm,1943 mm,152.58 cm³,1576,1576,1943 mm,1,STR-Model,Wall,,Ramp,1.199244,Stirrup / Tie,40 mm
10 mm,1903 mm,149.43 cm³,1592,1592,1903 mm,1,STR-Model,Wall,,Ramp,1.174551,Stirrup / Tie,40 mm
10 mm,1863 mm,146.29 cm³,1591,1591,1863 mm,1,STR-Model,Wall,,Ramp,1.149858,Stirrup / Tie,40 mm
10 mm,1823 mm,143.15 cm³,1590,1484,1823 mm,1,STR-Model,Wall,,Ramp,1.125165,Stirrup / Tie,40 mm
10 mm,1783 mm,140.01 cm³,1589,1483,1783 mm,1,STR-Model,Wall,,Ramp,1.100472,Stirrup / Tie,40 mm
10 mm,1743 mm,136.87 cm³,1588,1482,1743 mm,1,STR-Model,Wall,,Ramp,1.075779,Stirrup / Tie,40 mm
10 mm,1703 mm,133.73 cm³,1587,1481,1703 mm,1,STR-Model,Wall,,Ramp,1.051086,Stirrup / Tie,40 mm
10 mm,1663 mm,130.58 cm³,1586,1480,1663 mm,1,STR-Model,Wall,,Ramp,1.026393,Stirrup / Tie,40 mm
10 mm,1623 mm,127.44 cm³,1585,1585,1623 mm,1,STR-Model,Wall,,Ramp,1.0017,Stirrup / Tie,40 mm
10 mm,1583 mm,124.30 cm³,1584,1584,1583 mm,1,STR-Model,Wall,,Ramp,0.977008,Stirrup / Tie,40 mm
10 mm,1543 mm,121.16 cm³,1583,1477,1543 mm,1,STR-Model,Wall,,Ramp,0.952315,Stirrup / Tie,40 mm
10 mm,1503 mm,118.02 cm³,1582,1582,1503 mm,1,STR-Model,Wall,,Ramp,0.927622,Stirrup / Tie,40 mm
10 mm,1463 mm,114.88 cm³,1581,1581,1463 mm,1,STR-Model,Wall,,Ramp,0.902929,Stirrup / Tie,40 mm
10 mm,1423 mm,111.73 cm³,1580,1580,1423 mm,1,STR-Model,Wall,,Ramp,0.878236,Stirrup / Tie,40 mm
10 mm,1383 mm,108.59 cm³,1579,1579,1383 mm,1,STR-Model,Wall,,Ramp,0.853543,Stirrup / Tie,40 mm
10 mm,1343 mm,105.45 cm³,1578,1578,1343 mm,1,STR-Model,Wall,,Ramp,0.82885,Stirrup / Tie,40 mm
10 mm,1303 mm,102.31 cm³,1577,1577,1303 mm,1,STR-Model,Wall,,Ramp,0.804157,Stirrup / Tie,40 mm
10 mm,1248 mm,98.02 cm³,1593,1593,1248 mm,1,STR-Model,Wall,,Ramp,0.770457,Stirrup / Tie,40 mm
10 mm,6130 mm,67880.59 cm³,1594,1594,864283 mm,141,STR-Model,Slab Edge,,Ramp,533.541431,Standard,40 mm
10 mm,1196 mm,1127.53 cm³,1645,1645,14356 mm,12,STR-Model,Structural Framing,,Ramp,8.862408,Stirrup / Tie,40 mm
10 mm,1196 mm,1973.18 cm³,1645,1645,25123 mm,21,STR-Model,Structural Framing,,Ramp,15.509215,Stirrup / Tie,40 mm
10 mm,1196 mm,1973.18 cm³,1644,1645,25123 mm,21,STR-Model,Structural Framing,,Ramp,15.509215,Stirrup / Tie,40 mm
10 mm,1196 mm,1127.53 cm³,1645,1645,14356 mm,12,STR-Model,Structural Framing,,Ramp,8.862408,Stirrup / Tie,40 mm
10 mm,1296 mm,916.34 cm³,1564,1564,11667 mm,9,STR-Model,Wall,,Ramp,7.202397,Stirrup / Tie,40 mm
10 mm,1296 mm,916.34 cm³,1564,1564,11667 mm,9,STR-Model,Wall,,Ramp,7.202397,Stirrup / Tie,40 mm
10 mm,1147 mm,630.40 cm³,1658,1517,8027 mm,7,STR-Model,Slab Edge,,Ramp,4.954983,Stirrup / Tie,40 mm
10 mm,1117 mm,87.74 cm³,1668,1527,1117 mm,1,STR-Model,Wall,,Ramp,0.689605,Stirrup / Tie,40 mm
10 mm,1184 mm,92.98 cm³,1669,1528,1184 mm,1,STR-Model,Wall,,Ramp,0.730844,Stirrup / Tie,40 mm
10 mm,1284 mm,100.82 cm³,1670,1529,1284 mm,1,STR-Model,Wall,,Ramp,0.792449,Stirrup / Tie,40 mm
10 mm,1250 mm,98.20 cm³,1671,1671,1250 mm,1,STR-Model,Wall,,Ramp,0.771826,Stirrup / Tie,40 mm
10 mm,1217 mm,95.59 cm³,1672,1531,1217 mm,1,STR-Model,Wall,,Ramp,0.751328,Stirrup / Tie,40 mm
10 mm,1151 mm,90.37 cm³,1673,1532,1151 mm,1,STR-Model,Wall,,Ramp,0.710338,Stirrup / Tie,40 mm
10 mm,1086 mm,85.26 cm³,1674,1533,1086 mm,1,STR-Model,Wall,,Ramp,0.670169,Stirrup / Tie,40 mm
10 mm,1050 mm,82.48 cm³,1675,1534,1050 mm,1,STR-Model,Wall,,Ramp,0.648283,Stirrup / Tie,40 mm
10 mm,1008 mm,79.15 cm³,1676,1535,1008 mm,1,STR-Model,Wall,,Ramp,0.622089,Stirrup / Tie,40 mm
10 mm,1296 mm,1119.97 cm³,1678,1564,14260 mm,11,STR-Model,Wall,,Ramp,8.80293,Stirrup / Tie,40 mm
10 mm,1117 mm,87.74 cm³,1668,1527,1117 mm,1,STR-Model,Wall,,Ramp,0.689605,Stirrup / Tie,40 mm
10 mm,1184 mm,92.98 cm³,1669,1528,1184 mm,1,STR-Model,Wall,,Ramp,0.730844,Stirrup / Tie,40 mm
10 mm,1284 mm,100.82 cm³,1670,1529,1284 mm,1,STR-Model,Wall,,Ramp,0.792449,Stirrup / Tie,40 mm
10 mm,1250 mm,98.20 cm³,1671,1671,1250 mm,1,STR-Model,Wall,,Ramp,0.771826,Stirrup / Tie,40 mm
10 mm,1217 mm,95.59 cm³,1672,1531,1217 mm,1,STR-Model,Wall,,Ramp,0.751328,Stirrup / Tie,40 mm
10 mm,1151 mm,90.37 cm³,1673,1532,1151 mm,1,STR-Model,Wall,,Ramp,0.710338,Stirrup / Tie,40 mm
10 mm,1086 mm,85.26 cm³,1674,1533,1086 mm,1,STR-Model,Wall,,Ramp,0.670169,Stirrup / Tie,40 mm
10 mm,1053 mm,82.70 cm³,1681,1539,1053 mm,1,STR-Model,Wall,,Ramp,0.65002,Stirrup / Tie,40 mm
10 mm,1008 mm,79.15 cm³,1676,1535,1008 mm,1,STR-Model,Wall,,Ramp,0.622089,Stirrup / Tie,40 mm
10 mm,1576 mm,1733.29 cm³,1697,1555,22069 mm,14,STR-Model,Structural Framing,SB4,Beam,13.623635,Stirrup / Tie,40 mm
10 mm,1576 mm,990.45 cm³,1697,1555,12611 mm,8,STR-Model,Structural Framing,SB4,Beam,7.784934,Stirrup / Tie,40 mm
10 mm,1576 mm,1114.26 cm³,1697,1555,14187 mm,9,STR-Model,Structural Framing,SB4,Beam,8.758051,Stirrup / Tie,40 mm
10 mm,1576 mm,990.45 cm³,1697,1555,12611 mm,8,STR-Model,Structural Framing,SB4,Beam,7.784934,Stirrup / Tie,40 mm
10 mm,2602 mm,23094.95 cm³,1749,1749,294054 mm,113,STR-Model,Structural Framing,B24,Beam,181.52627,Stirrup / Tie,40 mm
10 mm,2602 mm,27182.59 cm³,1750,1604,346099 mm,133,STR-Model,Structural Framing,B23,Beam,213.65512,Stirrup / Tie,40 mm
10 mm,1576 mm,5818.89 cm³,1751,1751,74088 mm,47,STR-Model,Structural Framing,SB1,Beam,45.736488,Stirrup / Tie,40 mm
10 mm,1576 mm,1114.26 cm³,1751,1751,14187 mm,9,STR-Model,Structural Framing,SB1,Beam,8.758051,Stirrup / Tie,40 mm
10 mm,1576 mm,1114.26 cm³,1751,1751,14187 mm,9,STR-Model,Structural Framing,SB2,Beam,8.758051,Stirrup / Tie,40 mm
10 mm,1576 mm,3218.96 cm³,1751,1751,40985 mm,26,STR-Model,Structural Framing,SB2,Beam,25.301036,Stirrup / Tie,40 mm
10 mm,1576 mm,990.45 cm³,1751,1751,12611 mm,8,STR-Model,Structural Framing,SB2,Beam,7.784934,Stirrup / Tie,40 mm
10 mm,1576 mm,3218.96 cm³,1751,1751,40985 mm,26,STR-Model,Structural Framing,SB2,Beam,25.301036,Stirrup / Tie,40 mm
10 mm,1576 mm,990.45 cm³,1751,1751,12611 mm,8,STR-Model,Structural Framing,SB3,Beam,7.784934,Stirrup / Tie,40 mm
10 mm,1576 mm,6190.31 cm³,1751,1751,78817 mm,50,STR-Model,Structural Framing,SB3,Beam,48.655838,Stirrup / Tie,40 mm
10 mm,1576 mm,6933.15 cm³,1751,1751,88276 mm,56,STR-Model,Structural Framing,SB2,Beam,54.494538,Stirrup / Tie,40 mm
10 mm,1576 mm,5942.70 cm³,1751,1751,75665 mm,48,STR-Model,Structural Framing,SB1,Beam,46.709604,Stirrup / Tie,40 mm
10 mm,1296 mm,4887.12 cm³,2006,2006,62225 mm,48,STR-OUTER STRUCTURES,Slab Edge,,OS-AHU,38.412784,Stirrup / Tie,40 mm
10 mm,1296 mm,4887.12 cm³,2006,2006,62225 mm,48,STR-OUTER STRUCTURES,Slab Edge,,OS-AHU,38.412784,Stirrup / Tie,40 mm
10 mm,1576 mm,1114.26 cm³,1697,1555,14187 mm,9,STR-Model,Structural Framing,SB4,Beam,8.758051,Stirrup / Tie,40 mm
10 mm,1576 mm,3218.96 cm³,1751,1751,40985 mm,26,STR-Model,Structural Framing,SB2,Beam,25.301036,Stirrup / Tie,40 mm
10 mm,1576 mm,3466.57 cm³,1751,1751,44138 mm,28,STR-Model,Structural Framing,SB2,Beam,27.247269,Stirrup / Tie,40 mm
10 mm,1576 mm,1733.29 cm³,1751,1751,22069 mm,14,STR-Model,Structural Framing,SB2,Beam,13.623635,Stirrup / Tie,40 mm
10 mm,2148 mm,1518.44 cm³,200,200,19333 mm,9,STR-Model,Structural Column,C1 900x900x10500,Column,11.934972,Stirrup / Tie,40 mm
10 mm,3436 mm,2429.01 cm³,202,202,30927 mm,9,STR-Model,Structural Column,C1 900x900x10500,Column,19.092037,Stirrup / Tie,40 mm
10 mm,2148 mm,1518.44 cm³,200,200,19333 mm,9,STR-Model,Structural Column,C1 900x900x10500,Column,11.934972,Stirrup / Tie,40 mm
10 mm,2148 mm,1518.44 cm³,200,200,19333 mm,9,STR-Model,Structural Column,C1 900x900x10500,Column,11.934972,Stirrup / Tie,40 mm
10 mm,2148 mm,1518.44 cm³,200,200,19333 mm,9,STR-Model,Structural Column,C1 900x900x10500,Column,11.934972,Stirrup / Tie,40 mm
10 mm,2148 mm,1518.44 cm³,200,200,19333 mm,9,STR-Model,Structural Column,C1 900x900x10500,Column,11.934972,Stirrup / Tie,40 mm
10 mm,1596 mm,1253.77 cm³,1932,1782,15963 mm,10,STR-OUTER STRUCTURES,Structural Framing,,OS-Stair,9.854632,Stirrup / Tie,40 mm
10 mm,1184 mm,929.71 cm³,1934,1784,11837 mm,10,STR-OUTER STRUCTURES,Structural Framing,,OS-Stair,7.307512,Stirrup / Tie,40 mm
10 mm,2629 mm,1651.86 cm³,1936,1786,21032 mm,8,STR-OUTER STRUCTURES,Structural Framing,,OS-RAMP,12.983614,Stirrup / Tie,40 mm
10 mm,1776 mm,1115.64 cm³,1939,1939,14205 mm,8,STR-OUTER STRUCTURES,Structural Framing,,OS-RAMP,8.768928,Stirrup / Tie,40 mm
10 mm,1596 mm,1128.39 cm³,1932,1782,14367 mm,9,STR-OUTER STRUCTURES,Structural Framing,,OS-Stair,8.869169,Stirrup / Tie,40 mm
10 mm,1184 mm,836.74 cm³,1934,1784,10654 mm,9,STR-OUTER STRUCTURES,Structural Framing,,OS-Stair,6.57676,Stirrup / Tie,40 mm
10 mm,1176 mm,1570.63 cm³,2000,1821,19998 mm,17,STR-Model,Structural Framing,TB1,Beam,12.345189,Stirrup / Tie,40 mm
10 mm,1176 mm,1847.81 cm³,2000,1821,23527 mm,20,STR-Model,Structural Framing,TB1,Beam,14.523752,Stirrup / Tie,40 mm
10 mm,1176 mm,1755.42 cm³,2000,1821,22351 mm,19,STR-Model,Structural Framing,TB1,Beam,13.797564,Stirrup / Tie,40 mm
10 mm,1176 mm,1847.81 cm³,2000,1821,23527 mm,20,STR-Model,Structural Framing,TB1,Beam,14.523752,Stirrup / Tie,40 mm
10 mm,1176 mm,1293.46 cm³,2000,1821,16469 mm,14,STR-Model,Structural Framing,TB1,Beam,10.166626,Stirrup / Tie,40 mm
10 mm,1176 mm,1847.81 cm³,2000,1821,23527 mm,20,STR-Model,Structural Framing,TB1,Beam,14.523752,Stirrup / Tie,40 mm
10 mm,2440 mm,5366.15 cm³,292,304,68324 mm,28,STR-Model,Wall,,Wall,42.177921,Standard,40 mm
10 mm,2440 mm,5366.15 cm³,292,304,68324 mm,28,STR-Model,Wall,,Wall,42.177921,Standard,40 mm
10 mm,1436 mm,3609.96 cm³,215,234,45963 mm,32,STR-Model,Structural Column,C3 400x400x7500,Column,28.374267,Stirrup / Tie,40 mm
10 mm,1129 mm,2836.50 cm³,240,259,36115 mm,32,STR-Model,Structural Column,C3 400x400x7500,Column,22.294925,Stirrup / Tie,40 mm
10 mm,1436 mm,789.68 cm³,215,234,10054 mm,7,STR-Model,Structural Column,C3 400x400x7500,Column,6.206871,Stirrup / Tie,40 mm
10 mm,1110 mm,610.46 cm³,216,216,7773 mm,7,STR-Model,Structural Column,C3 400x400x7500,Column,4.798226,Stirrup / Tie,40 mm
10 mm,2440 mm,1916.48 cm³,292,304,24401 mm,10,STR-Model,Wall,W5,Wall,15.063543,Standard,40 mm
10 mm,2440 mm,1916.48 cm³,292,304,24401 mm,10,STR-Model,Wall,W5,Wall,15.063543,Standard,40 mm
10 mm,2440 mm,5366.15 cm³,292,304,68324 mm,28,STR-Model,Wall,W5,Wall,42.177921,Standard,40 mm
10 mm,2440 mm,5366.15 cm³,292,304,68324 mm,28,STR-Model,Wall,W5,Wall,42.177921,Standard,40 mm
10 mm,1676 mm,3686.49 cm³,2063,2063,46938 mm,28,STR-Model,Structural Framing,B7 (B400X500),HCS-BEAM,28.975774,Stirrup / Tie,40 mm
10 mm,1676 mm,3686.49 cm³,2063,2063,46938 mm,28,STR-Model,Structural Framing,B6 (B400X500),HCS-BEAM,28.975774,Stirrup / Tie,40 mm
10 mm,1294 mm,5892.47 cm³,2323,2323,75025 mm,58,STR-Model,Wall,,HCS-PARAPET,46.314846,Standard,40 mm
10 mm,1294 mm,5892.47 cm³,2323,2323,75025 mm,58,STR-Model,Wall,,HCS-PARAPET,46.314846,Standard,40 mm
10 mm,12000 mm,3769.91 cm³,2459,2494,48000 mm,4,STR-Model,Wall,,HCS-PARAPET,29.631502,Standard,40 mm
10 mm,12000 mm,3769.91 cm³,2459,2494,48000 mm,4,STR-Model,Wall,,HCS-PARAPET,29.631502,Standard,40 mm
10 mm,1706 mm,3216.39 cm³,2089,1936,40952 mm,24,STR-Model,Structural Framing,B6 (B400X500),HCS-BEAM,25.28085,Stirrup / Tie,40 mm
10 mm,1706 mm,2412.29 cm³,2089,1936,30714 mm,18,STR-Model,Structural Framing,B8 (B400X500),HCS-BEAM,18.960637,Stirrup / Tie,40 mm
10 mm,1706 mm,2278.28 cm³,2089,1936,29008 mm,17,STR-Model,Structural Framing,B9 (B400X500),HCS-BEAM,17.907269,Stirrup / Tie,40 mm
10 mm,2006 mm,8509.23 cm³,2090,1937,108343 mm,54,STR-Model,Structural Framing,B10 (B400X650),HCS-BEAM,66.882544,Stirrup / Tie,40 mm
10 mm,1556 mm,3667.06 cm³,998,777,46690 mm,30,STR-Model,Structural Framing,GB2,Ground Beam,28.823109,Stirrup / Tie,40 mm
10 mm,1644 mm,3614.33 cm³,2350,2350,46019 mm,28,STR-Model,Wall,,HCS-PARAPET,28.408656,Standard,40 mm
10 mm,1644 mm,3614.33 cm³,2350,2350,46019 mm,28,STR-Model,Wall,,HCS-PARAPET,28.408656,Standard,40 mm
10 mm,5950 mm,1869.25 cm³,2363,2363,23800 mm,4,STR-Model,Wall,,HCS-PARAPET,14.692286,Standard,40 mm
10 mm,5950 mm,1869.25 cm³,2363,2363,23800 mm,4,STR-Model,Wall,,HCS-PARAPET,14.692286,Standard,40 mm
10 mm,1644 mm,3614.33 cm³,2350,2350,46019 mm,28,STR-Model,Wall,,HCS-PARAPET,28.408656,Standard,40 mm
10 mm,1644 mm,3614.33 cm³,2350,2350,46019 mm,28,STR-Model,Wall,,HCS-PARAPET,28.408656,Standard,40 mm
10 mm,5500 mm,1727.88 cm³,2354,2354,22000 mm,4,STR-Model,Wall,,HCS-PARAPET,13.581105,Standard,40 mm
10 mm,5500 mm,1727.88 cm³,2354,2354,22000 mm,4,STR-Model,Wall,,HCS-PARAPET,13.581105,Standard,40 mm
10 mm,1644 mm,3227.08 cm³,2350,2350,41088 mm,25,STR-Model,Wall,,HCS-PARAPET,25.364871,Standard,40 mm
10 mm,1644 mm,3227.08 cm³,2350,2350,41088 mm,25,STR-Model,Wall,,HCS-PARAPET,25.364871,Standard,40 mm
10 mm,5000 mm,1570.80 cm³,2362,2362,20000 mm,4,STR-Model,Wall,,HCS-PARAPET,12.346459,Standard,40 mm
10 mm,5000 mm,1570.80 cm³,2362,2362,20000 mm,4,STR-Model,Wall,,HCS-PARAPET,12.346459,Standard,40 mm
10 mm,1644 mm,4001.58 cm³,2350,2350,50950 mm,31,STR-Model,Wall,,HCS-PARAPET,31.452441,Standard,40 mm
10 mm,1644 mm,4001.58 cm³,2350,2350,50950 mm,31,STR-Model,Wall,,HCS-PARAPET,31.452441,Standard,40 mm
10 mm,6500 mm,2042.04 cm³,2361,2361,26000 mm,4,STR-Model,Wall,,HCS-PARAPET,16.050397,Standard,40 mm
10 mm,6500 mm,2042.04 cm³,2361,2361,26000 mm,4,STR-Model,Wall,,HCS-PARAPET,16.050397,Standard,40 mm
10 mm,4636 mm,1456.55 cm³,332,342,18545 mm,4,STR-Model,Structural Column,,Corbel,11.4485,Stirrup / Tie,40 mm
10 mm,1656 mm,2861.97 cm³,318,328,36440 mm,22,STR-Model,Structural Column,PD2 400x550x2900,CT-COLUMN,22.495057,Stirrup / Tie,40 mm
10 mm,1458 mm,2518.66 cm³,319,331,32069 mm,22,STR-Model,Structural Column,PD2 400x550x2900,CT-COLUMN,19.796641,Stirrup / Tie,40 mm
10 mm,1454 mm,2512.26 cm³,316,326,31987 mm,22,STR-Model,Structural Column,PD2 400x550x2900,CT-COLUMN,19.746388,Stirrup / Tie,40 mm
10 mm,1343 mm,2321.06 cm³,317,317,29553 mm,22,STR-Model,Structural Column,PD2 400x550x2900,CT-COLUMN,18.243525,Stirrup / Tie,40 mm
10 mm,1656 mm,2861.97 cm³,318,328,36440 mm,22,STR-Model,Structural Column,PD2 400x550x2900,CT-COLUMN,22.495057,Stirrup / Tie,40 mm
10 mm,1458 mm,2518.66 cm³,319,331,32069 mm,22,STR-Model,Structural Column,PD2 400x550x2900,CT-COLUMN,19.796641,Stirrup / Tie,40 mm
10 mm,1454 mm,2512.26 cm³,316,326,31987 mm,22,STR-Model,Structural Column,PD2 400x550x2900,CT-COLUMN,19.746388,Stirrup / Tie,40 mm
10 mm,1343 mm,2321.06 cm³,317,317,29553 mm,22,STR-Model,Structural Column,PD2 400x550x2900,CT-COLUMN,18.243525,Stirrup / Tie,40 mm
10 mm,1656 mm,2861.97 cm³,318,328,36440 mm,22,STR-Model,Structural Column,PD2 400x550x2900,CT-COLUMN,22.495057,Stirrup / Tie,40 mm
10 mm,1458 mm,2518.66 cm³,319,331,32069 mm,22,STR-Model,Structural Column,PD2 400x550x2900,CT-COLUMN,19.796641,Stirrup / Tie,40 mm
10 mm,1454 mm,2512.26 cm³,316,326,31987 mm,22,STR-Model,Structural Column,PD2 400x550x2900,CT-COLUMN,19.746388,Stirrup / Tie,40 mm
10 mm,1343 mm,2321.06 cm³,317,317,29553 mm,22,STR-Model,Structural Column,PD2 400x550x2900,CT-COLUMN,18.243525,Stirrup / Tie,40 mm
10 mm,1656 mm,2861.97 cm³,318,328,36440 mm,22,STR-Model,Structural Column,PD2 400x550x2900,CT-COLUMN,22.495057,Stirrup / Tie,40 mm
10 mm,1458 mm,2518.66 cm³,319,331,32069 mm,22,STR-Model,Structural Column,PD2 400x550x2900,CT-COLUMN,19.796641,Stirrup / Tie,40 mm
10 mm,1454 mm,2512.26 cm³,316,326,31987 mm,22,STR-Model,Structural Column,PD2 400x550x2900,CT-COLUMN,19.746388,Stirrup / Tie,40 mm
10 mm,1343 mm,2321.06 cm³,317,317,29553 mm,22,STR-Model,Structural Column,PD2 400x550x2900,CT-COLUMN,18.243525,Stirrup / Tie,40 mm
10 mm,1656 mm,2861.97 cm³,318,328,36440 mm,22,STR-Model,Structural Column,PD2 400x550x2900,CT-COLUMN,22.495057,Stirrup / Tie,40 mm
10 mm,1458 mm,2518.66 cm³,319,331,32069 mm,22,STR-Model,Structural Column,PD2 400x550x2900,CT-COLUMN,19.796641,Stirrup / Tie,40 mm
10 mm,1454 mm,2512.26 cm³,316,326,31987 mm,22,STR-Model,Structural Column,PD2 400x550x2900,CT-COLUMN,19.746388,Stirrup / Tie,40 mm
10 mm,1343 mm,2321.06 cm³,317,317,29553 mm,22,STR-Model,Structural Column,PD2 400x550x2900,CT-COLUMN,18.243525,Stirrup / Tie,40 mm
10 mm,1656 mm,2861.97 cm³,318,328,36440 mm,22,STR-Model,Structural Column,PD2 400x550x2900,CT-COLUMN,22.495057,Stirrup / Tie,40 mm
10 mm,1458 mm,2518.66 cm³,319,331,32069 mm,22,STR-Model,Structural Column,PD2 400x550x2900,CT-COLUMN,19.796641,Stirrup / Tie,40 mm
10 mm,1454 mm,2512.26 cm³,316,326,31987 mm,22,STR-Model,Structural Column,PD2 400x550x2900,CT-COLUMN,19.746388,Stirrup / Tie,40 mm
10 mm,1343 mm,2321.06 cm³,317,317,29553 mm,22,STR-Model,Structural Column,PD2 400x550x2900,CT-COLUMN,18.243525,Stirrup / Tie,40 mm
10 mm,1656 mm,4162.86 cm³,318,328,53003 mm,32,STR-Model,Structural Column,PD2 400x550x4400,CT-COLUMN,32.720083,Stirrup / Tie,40 mm
10 mm,1458 mm,3663.50 cm³,319,331,46645 mm,32,STR-Model,Structural Column,PD2 400x550x4400,CT-COLUMN,28.795114,Stirrup / Tie,40 mm
10 mm,1454 mm,3654.20 cm³,316,326,46527 mm,32,STR-Model,Structural Column,PD2 400x550x4400,CT-COLUMN,28.722018,Stirrup / Tie,40 mm
10 mm,1343 mm,3376.09 cm³,317,317,42986 mm,32,STR-Model,Structural Column,PD2 400x550x4400,CT-COLUMN,26.536037,Stirrup / Tie,40 mm
10 mm,1656 mm,4162.86 cm³,318,328,53003 mm,32,STR-Model,Structural Column,PD2 400x550x4400,CT-COLUMN,32.720083,Stirrup / Tie,40 mm
10 mm,1458 mm,3663.50 cm³,319,331,46645 mm,32,STR-Model,Structural Column,PD2 400x550x4400,CT-COLUMN,28.795114,Stirrup / Tie,40 mm
10 mm,1454 mm,3654.20 cm³,316,326,46527 mm,32,STR-Model,Structural Column,PD2 400x550x4400,CT-COLUMN,28.722018,Stirrup / Tie,40 mm
10 mm,1343 mm,3376.09 cm³,317,317,42986 mm,32,STR-Model,Structural Column,PD2 400x550x4400,CT-COLUMN,26.536037,Stirrup / Tie,40 mm
10 mm,1656 mm,4162.86 cm³,318,328,53003 mm,32,STR-Model,Structural Column,PD2 400x550x4400,CT-COLUMN,32.720083,Stirrup / Tie,40 mm
10 mm,1458 mm,3663.50 cm³,319,331,46645 mm,32,STR-Model,Structural Column,PD2 400x550x4400,CT-COLUMN,28.795114,Stirrup / Tie,40 mm
10 mm,1454 mm,3654.20 cm³,316,326,46527 mm,32,STR-Model,Structural Column,PD2 400x550x4400,CT-COLUMN,28.722018,Stirrup / Tie,40 mm
10 mm,1343 mm,3376.09 cm³,317,317,42986 mm,32,STR-Model,Structural Column,PD2 400x550x4400,CT-COLUMN,26.536037,Stirrup / Tie,40 mm
10 mm,1656 mm,4162.86 cm³,318,328,53003 mm,32,STR-Model,Structural Column,PD2 400x550x4400,CT-COLUMN,32.720083,Stirrup / Tie,40 mm
10 mm,1458 mm,3663.50 cm³,319,331,46645 mm,32,STR-Model,Structural Column,PD2 400x550x4400,CT-COLUMN,28.795114,Stirrup / Tie,40 mm
10 mm,1454 mm,3654.20 cm³,316,326,46527 mm,32,STR-Model,Structural Column,PD2 400x550x4400,CT-COLUMN,28.722018,Stirrup / Tie,40 mm
10 mm,1343 mm,3376.09 cm³,317,317,42986 mm,32,STR-Model,Structural Column,PD2 400x550x4400,CT-COLUMN,26.536037,Stirrup / Tie,40 mm
10 mm,3157 mm,5454.32 cm³,782,791,69447 mm,22,STR-Model,Structural Column,PD3 800x900x2900,CT-COLUMN,42.870922,Stirrup / Tie,40 mm
10 mm,2276 mm,3754.47 cm³,361,368,47803 mm,21,STR-Model,Structural Column,PD4 400x900x2900,CT-COLUMN,29.510099,Stirrup / Tie,40 mm
10 mm,1045 mm,1724.22 cm³,1893,1893,21953 mm,21,STR-Model,Structural Column,PD4 400x900x2900,CT-COLUMN,13.552347,Stirrup / Tie,40 mm
10 mm,1045 mm,1724.22 cm³,1893,1893,21953 mm,21,STR-Model,Structural Column,PD4 400x900x2900,CT-COLUMN,13.552347,Stirrup / Tie,40 mm
10 mm,2276 mm,3933.25 cm³,361,368,50080 mm,22,STR-Model,Structural Column,PD4 400x900x2900,CT-COLUMN,30.915342,Stirrup / Tie,40 mm
10 mm,1045 mm,1806.32 cm³,1893,1893,22999 mm,22,STR-Model,Structural Column,PD4 400x900x2900,CT-COLUMN,14.197697,Stirrup / Tie,40 mm
10 mm,1045 mm,1806.32 cm³,1893,1893,22999 mm,22,STR-Model,Structural Column,PD4 400x900x2900,CT-COLUMN,14.197697,Stirrup / Tie,40 mm
10 mm,2256 mm,3721.48 cm³,1902,1902,47383 mm,21,STR-Model,Structural Column,PD4 400x900x2900,CT-COLUMN,29.250824,Stirrup / Tie,40 mm
10 mm,1045 mm,1724.22 cm³,1893,1893,21953 mm,21,STR-Model,Structural Column,PD4 400x900x2900,CT-COLUMN,13.552347,Stirrup / Tie,40 mm
10 mm,1045 mm,1724.22 cm³,1893,1893,21953 mm,21,STR-Model,Structural Column,PD4 400x900x2900,CT-COLUMN,13.552347,Stirrup / Tie,40 mm
10 mm,2276 mm,5721.09 cm³,361,368,72843 mm,32,STR-Model,Structural Column,PD4 400x900x4400,CT-COLUMN,44.967771,Stirrup / Tie,40 mm
10 mm,1045 mm,2627.38 cm³,1893,1893,33453 mm,32,STR-Model,Structural Column,PD4 400x900x4400,CT-COLUMN,20.651196,Stirrup / Tie,40 mm
10 mm,1045 mm,2627.38 cm³,1893,1893,33453 mm,32,STR-Model,Structural Column,PD4 400x900x4400,CT-COLUMN,20.651196,Stirrup / Tie,40 mm
10 mm,2256 mm,5670.82 cm³,1902,1902,72203 mm,32,STR-Model,Structural Column,PD4 400x900x4400,CT-COLUMN,44.572684,Stirrup / Tie,40 mm
10 mm,1057 mm,2657.54 cm³,364,371,33837 mm,32,STR-Model,Structural Column,PD4 400x900x4400,CT-COLUMN,20.888248,Stirrup / Tie,40 mm
10 mm,1057 mm,2657.54 cm³,364,371,33837 mm,32,STR-Model,Structural Column,PD4 400x900x4400,CT-COLUMN,20.888248,Stirrup / Tie,40 mm
10 mm,2538 mm,4185.90 cm³,381,381,53296 mm,21,STR-Model,Structural Column,PD5 550x800x2900,CT-COLUMN,32.901152,Stirrup / Tie,40 mm
10 mm,1912 mm,3304.43 cm³,781,790,42073 mm,22,STR-Model,Structural Column,PD3 800x900x2900,CT-COLUMN,25.972815,Stirrup / Tie,40 mm
10 mm,2538 mm,4185.90 cm³,381,381,53296 mm,21,STR-Model,Structural Column,PD5 550x800x2900,CT-COLUMN,32.901152,Stirrup / Tie,40 mm
10 mm,2538 mm,4185.90 cm³,381,381,53296 mm,21,STR-Model,Structural Column,PD5 550x800x2900,CT-COLUMN,32.901152,Stirrup / Tie,40 mm
10 mm,2538 mm,4185.90 cm³,381,381,53296 mm,21,STR-Model,Structural Column,PD5 550x800x2900,CT-COLUMN,32.901152,Stirrup / Tie,40 mm
10 mm,2066 mm,3569.96 cm³,783,792,45454 mm,22,STR-Model,Structural Column,PD3 800x900x2900,CT-COLUMN,28.059901,Stirrup / Tie,40 mm
10 mm,1977 mm,3261.29 cm³,421,421,41524 mm,21,STR-Model,Structural Column,PD5 550x800x2900,CT-COLUMN,25.633709,Stirrup / Tie,40 mm
10 mm,1865 mm,3076.09 cm³,422,422,39166 mm,21,STR-Model,Structural Column,PD5 550x800x2900,CT-COLUMN,24.178091,Stirrup / Tie,40 mm
10 mm,1977 mm,3261.29 cm³,421,421,41524 mm,21,STR-Model,Structural Column,PD5 550x800x2900,CT-COLUMN,25.633709,Stirrup / Tie,40 mm
10 mm,1865 mm,3076.09 cm³,422,422,39166 mm,21,STR-Model,Structural Column,PD5 550x800x2900,CT-COLUMN,24.178091,Stirrup / Tie,40 mm
10 mm,1977 mm,3261.29 cm³,421,421,41524 mm,21,STR-Model,Structural Column,PD5 550x800x2900,CT-COLUMN,25.633709,Stirrup / Tie,40 mm
10 mm,1865 mm,3076.09 cm³,422,422,39166 mm,21,STR-Model,Structural Column,PD5 550x800x2900,CT-COLUMN,24.178091,Stirrup / Tie,40 mm
10 mm,1977 mm,3261.29 cm³,421,421,41524 mm,21,STR-Model,Structural Column,PD5 550x800x2900,CT-COLUMN,25.633709,Stirrup / Tie,40 mm
10 mm,1865 mm,3076.09 cm³,422,422,39166 mm,21,STR-Model,Structural Column,PD5 550x800x2900,CT-COLUMN,24.178091,Stirrup / Tie,40 mm
10 mm,2066 mm,3570.12 cm³,783,792,45456 mm,22,STR-Model,Structural Column,PD3 800x900x2900,CT-COLUMN,28.061162,Stirrup / Tie,40 mm
10 mm,1912 mm,3304.43 cm³,781,790,42073 mm,22,STR-Model,Structural Column,PD3 800x900x2900,CT-COLUMN,25.972815,Stirrup / Tie,40 mm
10 mm,2979 mm,5146.82 cm³,357,364,65531 mm,22,STR-Model,Structural Column,PD3 800x900x2900,CT-COLUMN,40.454003,Stirrup / Tie,40 mm
10 mm,1812 mm,3131.64 cm³,652,650,39873 mm,22,STR-Model,Structural Column,PD3 800x900x2900,CT-COLUMN,24.614705,Stirrup / Tie,40 mm
10 mm,1966 mm,3397.17 cm³,658,659,43254 mm,22,STR-Model,Structural Column,PD3 800x900x2900,CT-COLUMN,26.70179,Stirrup / Tie,40 mm
10 mm,1966 mm,3397.33 cm³,658,659,43256 mm,22,STR-Model,Structural Column,PD3 800x900x2900,CT-COLUMN,26.703052,Stirrup / Tie,40 mm
10 mm,1812 mm,3131.64 cm³,652,650,39873 mm,22,STR-Model,Structural Column,PD3 800x900x2900,CT-COLUMN,24.614705,Stirrup / Tie,40 mm
10 mm,2770 mm,217.59 cm³,2485,2529,2770 mm,1,STR-Model,Structural Foundation,RAFT THICK. 1000 mm,TSE-TANK,1.710258,Stirrup / Tie,40 mm
10 mm,2770 mm,217.59 cm³,2485,2529,2770 mm,1,STR-Model,Structural Foundation,RAFT THICK. 1000 mm,TSE-TANK,1.710258,Stirrup / Tie,40 mm
10 mm,2770 mm,217.59 cm³,2485,2529,2770 mm,1,STR-Model,Structural Foundation,RAFT THICK. 1000 mm,TSE-TANK,1.710258,Stirrup / Tie,40 mm
10 mm,2770 mm,217.59 cm³,2485,2529,2770 mm,1,STR-Model,Structural Foundation,RAFT THICK. 1000 mm,TSE-TANK,1.710258,Stirrup / Tie,40 mm
10 mm,2770 mm,217.59 cm³,2485,2529,2770 mm,1,STR-Model,Structural Foundation,RAFT THICK. 1000 mm,TSE-TANK,1.710258,Stirrup / Tie,40 mm
10 mm,2770 mm,217.59 cm³,2485,2529,2770 mm,1,STR-Model,Structural Foundation,RAFT THICK. 1000 mm,TSE-TANK,1.710258,Stirrup / Tie,40 mm
10 mm,2770 mm,217.59 cm³,2485,2529,2770 mm,1,STR-Model,Structural Foundation,RAFT THICK. 1000 mm,TSE-TANK,1.710258,Stirrup / Tie,40 mm
10 mm,2770 mm,217.59 cm³,2485,2529,2770 mm,1,STR-Model,Structural Foundation,RAFT THICK. 1000 mm,TSE-TANK,1.710258,Stirrup / Tie,40 mm
10 mm,2770 mm,217.59 cm³,2485,2529,2770 mm,1,STR-Model,Structural Foundation,RAFT THICK. 1000 mm,TSE-TANK,1.710258,Stirrup / Tie,40 mm
10 mm,2770 mm,217.59 cm³,2485,2529,2770 mm,1,STR-Model,Structural Foundation,RAFT THICK. 1000 mm,TSE-TANK,1.710258,Stirrup / Tie,40 mm
10 mm,2770 mm,217.59 cm³,2485,2529,2770 mm,1,STR-Model,Structural Foundation,RAFT THICK. 1000 mm,TSE-TANK,1.710258,Stirrup / Tie,40 mm
10 mm,2770 mm,217.59 cm³,2485,2529,2770 mm,1,STR-Model,Structural Foundation,RAFT THICK. 1000 mm,TSE-TANK,1.710258,Stirrup / Tie,40 mm
10 mm,2770 mm,217.59 cm³,2485,2529,2770 mm,1,STR-Model,Structural Foundation,RAFT THICK. 1000 mm,TSE-TANK,1.710258,Stirrup / Tie,40 mm
10 mm,2770 mm,217.59 cm³,2485,2529,2770 mm,1,STR-Model,Structural Foundation,RAFT THICK. 1000 mm,TSE-TANK,1.710258,Stirrup / Tie,40 mm
10 mm,2770 mm,217.59 cm³,2485,2529,2770 mm,1,STR-Model,Structural Foundation,RAFT THICK. 1000 mm,TSE-TANK,1.710258,Stirrup / Tie,40 mm
10 mm,2770 mm,217.59 cm³,2485,2529,2770 mm,1,STR-Model,Structural Foundation,RAFT THICK. 1000 mm,TSE-TANK,1.710258,Stirrup / Tie,40 mm
10 mm,2770 mm,217.59 cm³,2485,2529,2770 mm,1,STR-Model,Structural Foundation,RAFT THICK. 1000 mm,TSE-TANK,1.710258,Stirrup / Tie,40 mm
10 mm,2770 mm,217.59 cm³,2485,2529,2770 mm,1,STR-Model,Structural Foundation,RAFT THICK. 1000 mm,TSE-TANK,1.710258,Stirrup / Tie,40 mm
10 mm,2770 mm,217.59 cm³,2485,2529,2770 mm,1,STR-Model,Structural Foundation,RAFT THICK. 1000 mm,TSE-TANK,1.710258,Stirrup / Tie,40 mm
10 mm,2770 mm,217.59 cm³,2485,2529,2770 mm,1,STR-Model,Structural Foundation,RAFT THICK. 1000 mm,TSE-TANK,1.710258,Stirrup / Tie,40 mm
10 mm,2770 mm,217.59 cm³,2485,2529,2770 mm,1,STR-Model,Structural Foundation,RAFT THICK. 1000 mm,TSE-TANK,1.710258,Stirrup / Tie,40 mm
10 mm,2770 mm,217.59 cm³,2485,2529,2770 mm,1,STR-Model,Structural Foundation,RAFT THICK. 1000 mm,TSE-TANK,1.710258,Stirrup / Tie,40 mm
10 mm,2770 mm,217.59 cm³,2485,2529,2770 mm,1,STR-Model,Structural Foundation,RAFT THICK. 1000 mm,TSE-TANK,1.710258,Stirrup / Tie,40 mm
10 mm,2770 mm,217.59 cm³,2485,2529,2770 mm,1,STR-Model,Structural Foundation,RAFT THICK. 1000 mm,TSE-TANK,1.710258,Stirrup / Tie,40 mm
10 mm,2770 mm,217.59 cm³,2485,2529,2770 mm,1,STR-Model,Structural Foundation,RAFT THICK. 1000 mm,TSE-TANK,1.710258,Stirrup / Tie,40 mm
10 mm,2770 mm,217.59 cm³,2485,2529,2770 mm,1,STR-Model,Structural Foundation,RAFT THICK. 1000 mm,TSE-TANK,1.710258,Stirrup / Tie,40 mm
10 mm,2770 mm,217.59 cm³,2485,2529,2770 mm,1,STR-Model,Structural Foundation,RAFT THICK. 1000 mm,TSE-TANK,1.710258,Stirrup / Tie,40 mm
10 mm,2770 mm,217.59 cm³,2485,2529,2770 mm,1,STR-Model,Structural Foundation,RAFT THICK. 1000 mm,TSE-TANK,1.710258,Stirrup / Tie,40 mm
10 mm,2770 mm,217.59 cm³,2485,2529,2770 mm,1,STR-Model,Structural Foundation,RAFT THICK. 1000 mm,TSE-TANK,1.710258,Stirrup / Tie,40 mm
10 mm,2770 mm,217.59 cm³,2485,2529,2770 mm,1,STR-Model,Structural Foundation,RAFT THICK. 1000 mm,TSE-TANK,1.710258,Stirrup / Tie,40 mm
10 mm,2770 mm,217.59 cm³,2485,2529,2770 mm,1,STR-Model,Structural Foundation,RAFT THICK. 1000 mm,TSE-TANK,1.710258,Stirrup / Tie,40 mm
10 mm,2770 mm,217.59 cm³,2485,2529,2770 mm,1,STR-Model,Structural Foundation,RAFT THICK. 1000 mm,TSE-TANK,1.710258,Stirrup / Tie,40 mm
10 mm,2770 mm,217.59 cm³,2485,2529,2770 mm,1,STR-Model,Structural Foundation,RAFT THICK. 1000 mm,TSE-TANK,1.710258,Stirrup / Tie,40 mm
10 mm,2770 mm,217.59 cm³,2485,2529,2770 mm,1,STR-Model,Structural Foundation,RAFT THICK. 1000 mm,TSE-TANK,1.710258,Stirrup / Tie,40 mm
10 mm,2770 mm,217.59 cm³,2485,2529,2770 mm,1,STR-Model,Structural Foundation,RAFT THICK. 1000 mm,TSE-TANK,1.710258,Stirrup / Tie,40 mm
10 mm,2770 mm,217.59 cm³,2485,2529,2770 mm,1,STR-Model,Structural Foundation,RAFT THICK. 1000 mm,TSE-TANK,1.710258,Stirrup / Tie,40 mm
10 mm,2770 mm,217.59 cm³,2485,2529,2770 mm,1,STR-Model,Structural Foundation,RAFT THICK. 1000 mm,TSE-TANK,1.710258,Stirrup / Tie,40 mm
10 mm,2770 mm,217.59 cm³,2485,2529,2770 mm,1,STR-Model,Structural Foundation,RAFT THICK. 1000 mm,TSE-TANK,1.710258,Stirrup / Tie,40 mm
10 mm,2770 mm,217.59 cm³,2485,2529,2770 mm,1,STR-Model,Structural Foundation,RAFT THICK. 1000 mm,TSE-TANK,1.710258,Stirrup / Tie,40 mm
10 mm,2770 mm,217.59 cm³,2485,2529,2770 mm,1,STR-Model,Structural Foundation,RAFT THICK. 1000 mm,TSE-TANK,1.710258,Stirrup / Tie,40 mm
10 mm,2770 mm,217.59 cm³,2485,2529,2770 mm,1,STR-Model,Structural Foundation,RAFT THICK. 1000 mm,TSE-TANK,1.710258,Stirrup / Tie,40 mm
10 mm,2770 mm,217.59 cm³,2485,2529,2770 mm,1,STR-Model,Structural Foundation,RAFT THICK. 1000 mm,TSE-TANK,1.710258,Stirrup / Tie,40 mm
10 mm,2770 mm,217.59 cm³,2485,2529,2770 mm,1,STR-Model,Structural Foundation,RAFT THICK. 1000 mm,TSE-TANK,1.710258,Stirrup / Tie,40 mm
10 mm,2770 mm,217.59 cm³,2485,2529,2770 mm,1,STR-Model,Structural Foundation,RAFT THICK. 1000 mm,TSE-TANK,1.710258,Stirrup / Tie,40 mm
10 mm,2770 mm,217.59 cm³,2485,2529,2770 mm,1,STR-Model,Structural Foundation,RAFT THICK. 1000 mm,TSE-TANK,1.710258,Stirrup / Tie,40 mm
10 mm,2770 mm,217.59 cm³,2485,2529,2770 mm,1,STR-Model,Structural Foundation,RAFT THICK. 1000 mm,TSE-TANK,1.710258,Stirrup / Tie,40 mm
10 mm,2770 mm,217.59 cm³,2485,2529,2770 mm,1,STR-Model,Structural Foundation,RAFT THICK. 1000 mm,TSE-TANK,1.710258,Stirrup / Tie,40 mm
10 mm,2770 mm,217.59 cm³,2485,2529,2770 mm,1,STR-Model,Structural Foundation,RAFT THICK. 1000 mm,TSE-TANK,1.710251,Stirrup / Tie,40 mm
10 mm,2770 mm,217.59 cm³,2485,2529,2770 mm,1,STR-Model,Structural Foundation,RAFT THICK. 1000 mm,TSE-TANK,1.710251,Stirrup / Tie,40 mm
10 mm,2770 mm,217.59 cm³,2485,2529,2770 mm,1,STR-Model,Structural Foundation,RAFT THICK. 1000 mm,TSE-TANK,1.71025,Stirrup / Tie,40 mm
10 mm,2770 mm,217.59 cm³,2485,2529,2770 mm,1,STR-Model,Structural Foundation,RAFT THICK. 1000 mm,TSE-TANK,1.71025,Stirrup / Tie,40 mm
10 mm,2770 mm,217.59 cm³,2485,2529,2770 mm,1,STR-Model,Structural Foundation,RAFT THICK. 1000 mm,TSE-TANK,1.710258,Stirrup / Tie,40 mm
10 mm,2770 mm,217.59 cm³,2485,2529,2770 mm,1,STR-Model,Structural Foundation,RAFT THICK. 1000 mm,TSE-TANK,1.710258,Stirrup / Tie,40 mm
10 mm,2770 mm,217.59 cm³,2485,2529,2770 mm,1,STR-Model,Structural Foundation,RAFT THICK. 1000 mm,TSE-TANK,1.710258,Stirrup / Tie,40 mm
10 mm,2770 mm,217.59 cm³,2485,2529,2770 mm,1,STR-Model,Structural Foundation,RAFT THICK. 1000 mm,TSE-TANK,1.710258,Stirrup / Tie,40 mm
10 mm,2770 mm,217.59 cm³,2485,2529,2770 mm,1,STR-Model,Structural Foundation,RAFT THICK. 1000 mm,TSE-TANK,1.710258,Stirrup / Tie,40 mm
10 mm,2770 mm,217.59 cm³,2485,2529,2770 mm,1,STR-Model,Structural Foundation,RAFT THICK. 1000 mm,TSE-TANK,1.710258,Stirrup / Tie,40 mm
10 mm,2770 mm,217.59 cm³,2485,2529,2770 mm,1,STR-Model,Structural Foundation,RAFT THICK. 1000 mm,TSE-TANK,1.710258,Stirrup / Tie,40 mm
10 mm,2770 mm,217.59 cm³,2485,2529,2770 mm,1,STR-Model,Structural Foundation,RAFT THICK. 1000 mm,TSE-TANK,1.710258,Stirrup / Tie,40 mm
10 mm,2770 mm,217.59 cm³,2485,2529,2770 mm,1,STR-Model,Structural Foundation,RAFT THICK. 1000 mm,TSE-TANK,1.710258,Stirrup / Tie,40 mm
10 mm,2770 mm,217.59 cm³,2485,2529,2770 mm,1,STR-Model,Structural Foundation,RAFT THICK. 1000 mm,TSE-TANK,1.710258,Stirrup / Tie,40 mm
10 mm,2770 mm,217.59 cm³,2485,2529,2770 mm,1,STR-Model,Structural Foundation,RAFT THICK. 1000 mm,TSE-TANK,1.710258,Stirrup / Tie,40 mm
10 mm,2770 mm,217.59 cm³,2485,2529,2770 mm,1,STR-Model,Structural Foundation,RAFT THICK. 1000 mm,TSE-TANK,1.710258,Stirrup / Tie,40 mm
10 mm,2770 mm,217.59 cm³,2485,2529,2770 mm,1,STR-Model,Structural Foundation,RAFT THICK. 1000 mm,TSE-TANK,1.710258,Stirrup / Tie,40 mm
10 mm,2770 mm,217.59 cm³,2485,2529,2770 mm,1,STR-Model,Structural Foundation,RAFT THICK. 1000 mm,TSE-TANK,1.710258,Stirrup / Tie,40 mm
10 mm,2770 mm,217.59 cm³,2485,2529,2770 mm,1,STR-Model,Structural Foundation,RAFT THICK. 1000 mm,TSE-TANK,1.710258,Stirrup / Tie,40 mm
10 mm,2770 mm,217.59 cm³,2485,2529,2770 mm,1,STR-Model,Structural Foundation,RAFT THICK. 1000 mm,TSE-TANK,1.710258,Stirrup / Tie,40 mm
10 mm,2770 mm,217.59 cm³,2485,2529,2770 mm,1,STR-Model,Structural Foundation,RAFT THICK. 1000 mm,TSE-TANK,1.710258,Stirrup / Tie,40 mm
10 mm,2770 mm,217.59 cm³,2485,2529,2770 mm,1,STR-Model,Structural Foundation,RAFT THICK. 1000 mm,TSE-TANK,1.710258,Stirrup / Tie,40 mm
10 mm,2770 mm,217.59 cm³,2485,2529,2770 mm,1,STR-Model,Structural Foundation,RAFT THICK. 1000 mm,TSE-TANK,1.710258,Stirrup / Tie,40 mm
10 mm,2770 mm,217.59 cm³,2485,2529,2770 mm,1,STR-Model,Structural Foundation,RAFT THICK. 1000 mm,TSE-TANK,1.710258,Stirrup / Tie,40 mm
10 mm,2770 mm,217.59 cm³,2485,2529,2770 mm,1,STR-Model,Structural Foundation,RAFT THICK. 1000 mm,TSE-TANK,1.710258,Stirrup / Tie,40 mm
10 mm,2770 mm,217.59 cm³,2485,2529,2770 mm,1,STR-Model,Structural Foundation,RAFT THICK. 1000 mm,TSE-TANK,1.710258,Stirrup / Tie,40 mm
10 mm,2770 mm,217.59 cm³,2485,2529,2770 mm,1,STR-Model,Structural Foundation,RAFT THICK. 1000 mm,TSE-TANK,1.710258,Stirrup / Tie,40 mm
10 mm,2770 mm,217.59 cm³,2485,2529,2770 mm,1,STR-Model,Structural Foundation,RAFT THICK. 1000 mm,TSE-TANK,1.710258,Stirrup / Tie,40 mm
10 mm,2770 mm,217.59 cm³,2485,2529,2770 mm,1,STR-Model,Structural Foundation,RAFT THICK. 1000 mm,TSE-TANK,1.710258,Stirrup / Tie,40 mm
10 mm,2770 mm,217.59 cm³,2485,2529,2770 mm,1,STR-Model,Structural Foundation,RAFT THICK. 1000 mm,TSE-TANK,1.710258,Stirrup / Tie,40 mm
10 mm,2770 mm,217.59 cm³,2485,2529,2770 mm,1,STR-Model,Structural Foundation,RAFT THICK. 1000 mm,TSE-TANK,1.710258,Stirrup / Tie,40 mm
10 mm,2770 mm,217.59 cm³,2485,2529,2770 mm,1,STR-Model,Structural Foundation,RAFT THICK. 1000 mm,TSE-TANK,1.710258,Stirrup / Tie,40 mm
10 mm,2770 mm,217.59 cm³,2485,2529,2770 mm,1,STR-Model,Structural Foundation,RAFT THICK. 1000 mm,TSE-TANK,1.710258,Stirrup / Tie,40 mm
10 mm,2770 mm,217.59 cm³,2485,2529,2770 mm,1,STR-Model,Structural Foundation,RAFT THICK. 1000 mm,TSE-TANK,1.710258,Stirrup / Tie,40 mm
10 mm,2770 mm,217.59 cm³,2485,2529,2770 mm,1,STR-Model,Structural Foundation,RAFT THICK. 1000 mm,TSE-TANK,1.710258,Stirrup / Tie,40 mm
10 mm,2770 mm,217.59 cm³,2485,2529,2770 mm,1,STR-Model,Structural Foundation,RAFT THICK. 1000 mm,TSE-TANK,1.710258,Stirrup / Tie,40 mm
10 mm,2770 mm,217.59 cm³,2485,2529,2770 mm,1,STR-Model,Structural Foundation,RAFT THICK. 1000 mm,TSE-TANK,1.710258,Stirrup / Tie,40 mm
10 mm,2770 mm,217.59 cm³,2485,2529,2770 mm,1,STR-Model,Structural Foundation,RAFT THICK. 1000 mm,TSE-TANK,1.710258,Stirrup / Tie,40 mm
10 mm,2770 mm,217.59 cm³,2485,2529,2770 mm,1,STR-Model,Structural Foundation,RAFT THICK. 1000 mm,TSE-TANK,1.710258,Stirrup / Tie,40 mm
10 mm,2770 mm,217.59 cm³,2485,2529,2770 mm,1,STR-Model,Structural Foundation,RAFT THICK. 1000 mm,TSE-TANK,1.710258,Stirrup / Tie,40 mm
10 mm,2770 mm,217.59 cm³,2485,2529,2770 mm,1,STR-Model,Structural Foundation,RAFT THICK. 1000 mm,TSE-TANK,1.710258,Stirrup / Tie,40 mm
10 mm,2770 mm,217.59 cm³,2485,2529,2770 mm,1,STR-Model,Structural Foundation,RAFT THICK. 1000 mm,TSE-TANK,1.710258,Stirrup / Tie,40 mm
10 mm,2770 mm,217.59 cm³,2485,2529,2770 mm,1,STR-Model,Structural Foundation,RAFT THICK. 1000 mm,TSE-TANK,1.710258,Stirrup / Tie,40 mm
10 mm,2770 mm,217.59 cm³,2485,2529,2770 mm,1,STR-Model,Structural Foundation,RAFT THICK. 1000 mm,TSE-TANK,1.710258,Stirrup / Tie,40 mm
10 mm,2770 mm,217.59 cm³,2485,2529,2770 mm,1,STR-Model,Structural Foundation,RAFT THICK. 1000 mm,TSE-TANK,1.710258,Stirrup / Tie,40 mm
10 mm,2770 mm,217.59 cm³,2485,2529,2770 mm,1,STR-Model,Structural Foundation,RAFT THICK. 1000 mm,TSE-TANK,1.710258,Stirrup / Tie,40 mm
10 mm,2770 mm,217.59 cm³,2485,2529,2770 mm,1,STR-Model,Structural Foundation,RAFT THICK. 1000 mm,TSE-TANK,1.710258,Stirrup / Tie,40 mm
10 mm,2770 mm,217.59 cm³,2485,2529,2770 mm,1,STR-Model,Structural Foundation,RAFT THICK. 1000 mm,TSE-TANK,1.710258,Stirrup / Tie,40 mm
10 mm,2770 mm,217.59 cm³,2485,2529,2770 mm,1,STR-Model,Structural Foundation,RAFT THICK. 1000 mm,TSE-TANK,1.710258,Stirrup / Tie,40 mm
10 mm,2770 mm,217.59 cm³,2485,2529,2770 mm,1,STR-Model,Structural Foundation,RAFT THICK. 1000 mm,TSE-TANK,1.710258,Stirrup / Tie,40 mm
10 mm,2770 mm,217.59 cm³,2485,2529,2770 mm,1,STR-Model,Structural Foundation,RAFT THICK. 1000 mm,TSE-TANK,1.710258,Stirrup / Tie,40 mm
10 mm,2770 mm,217.59 cm³,2485,2529,2770 mm,1,STR-Model,Structural Foundation,RAFT THICK. 1000 mm,TSE-TANK,1.710258,Stirrup / Tie,40 mm
10 mm,2770 mm,217.59 cm³,2485,2529,2770 mm,1,STR-Model,Structural Foundation,RAFT THICK. 1000 mm,TSE-TANK,1.710258,Stirrup / Tie,40 mm
10 mm,2770 mm,217.59 cm³,2485,2529,2770 mm,1,STR-Model,Structural Foundation,RAFT THICK. 1000 mm,TSE-TANK,1.710258,Stirrup / Tie,40 mm
10 mm,2770 mm,217.59 cm³,2485,2529,2770 mm,1,STR-Model,Structural Foundation,RAFT THICK. 1000 mm,TSE-TANK,1.710258,Stirrup / Tie,40 mm
10 mm,2770 mm,217.59 cm³,2485,2529,2770 mm,1,STR-Model,Structural Foundation,RAFT THICK. 1000 mm,TSE-TANK,1.710258,Stirrup / Tie,40 mm
10 mm,2770 mm,217.59 cm³,2485,2529,2770 mm,1,STR-Model,Structural Foundation,RAFT THICK. 1000 mm,TSE-TANK,1.710258,Stirrup / Tie,40 mm
10 mm,2770 mm,217.59 cm³,2485,2529,2770 mm,1,STR-Model,Structural Foundation,RAFT THICK. 1000 mm,TSE-TANK,1.710258,Stirrup / Tie,40 mm
10 mm,2770 mm,217.59 cm³,2485,2529,2770 mm,1,STR-Model,Structural Foundation,RAFT THICK. 1000 mm,TSE-TANK,1.710258,Stirrup / Tie,40 mm
10 mm,2770 mm,217.59 cm³,2485,2529,2770 mm,1,STR-Model,Structural Foundation,RAFT THICK. 1000 mm,TSE-TANK,1.710258,Stirrup / Tie,40 mm
10 mm,2770 mm,217.59 cm³,2485,2529,2770 mm,1,STR-Model,Structural Foundation,RAFT THICK. 1000 mm,TSE-TANK,1.710258,Stirrup / Tie,40 mm
10 mm,2770 mm,217.59 cm³,2485,2529,2770 mm,1,STR-Model,Structural Foundation,RAFT THICK. 1000 mm,TSE-TANK,1.710258,Stirrup / Tie,40 mm
10 mm,2770 mm,217.59 cm³,2485,2529,2770 mm,1,STR-Model,Structural Foundation,RAFT THICK. 1000 mm,TSE-TANK,1.710258,Stirrup / Tie,40 mm
10 mm,2770 mm,217.59 cm³,2485,2529,2770 mm,1,STR-Model,Structural Foundation,RAFT THICK. 1000 mm,TSE-TANK,1.710258,Stirrup / Tie,40 mm
10 mm,2770 mm,217.59 cm³,2485,2529,2770 mm,1,STR-Model,Structural Foundation,RAFT THICK. 1000 mm,TSE-TANK,1.710258,Stirrup / Tie,40 mm
10 mm,2770 mm,217.59 cm³,2485,2529,2770 mm,1,STR-Model,Structural Foundation,RAFT THICK. 1000 mm,TSE-TANK,1.710258,Stirrup / Tie,40 mm
10 mm,2770 mm,217.59 cm³,2485,2529,2770 mm,1,STR-Model,Structural Foundation,RAFT THICK. 1000 mm,TSE-TANK,1.710258,Stirrup / Tie,40 mm
10 mm,2770 mm,217.59 cm³,2485,2529,2770 mm,1,STR-Model,Structural Foundation,RAFT THICK. 1000 mm,TSE-TANK,1.710258,Stirrup / Tie,40 mm
10 mm,2770 mm,217.59 cm³,2485,2529,2770 mm,1,STR-Model,Structural Foundation,RAFT THICK. 1000 mm,TSE-TANK,1.710258,Stirrup / Tie,40 mm
10 mm,2770 mm,217.59 cm³,2485,2529,2770 mm,1,STR-Model,Structural Foundation,RAFT THICK. 1000 mm,TSE-TANK,1.710258,Stirrup / Tie,40 mm
10 mm,2771 mm,217.67 cm³,2580,2619,2771 mm,1,STR-Model,Structural Foundation,RAFT THICK. 1000 mm,TSE-TANK,1.710886,Stirrup / Tie,40 mm
10 mm,2770 mm,217.59 cm³,2485,2529,2770 mm,1,STR-Model,Structural Foundation,RAFT THICK. 1000 mm,TSE-TANK,1.71025,Stirrup / Tie,40 mm
10 mm,2770 mm,217.59 cm³,2485,2529,2770 mm,1,STR-Model,Structural Foundation,RAFT THICK. 1000 mm,TSE-TANK,1.710251,Stirrup / Tie,40 mm
10 mm,2770 mm,217.59 cm³,2485,2529,2770 mm,1,STR-Model,Structural Foundation,RAFT THICK. 1000 mm,TSE-TANK,1.710251,Stirrup / Tie,40 mm
10 mm,2770 mm,217.59 cm³,2485,2529,2770 mm,1,STR-Model,Structural Foundation,RAFT THICK. 1000 mm,TSE-TANK,1.710251,Stirrup / Tie,40 mm
10 mm,2770 mm,217.59 cm³,2485,2529,2770 mm,1,STR-Model,Structural Foundation,RAFT THICK. 1000 mm,TSE-TANK,1.710258,Stirrup / Tie,40 mm
10 mm,2770 mm,217.59 cm³,2485,2529,2770 mm,1,STR-Model,Structural Foundation,RAFT THICK. 1000 mm,TSE-TANK,1.710258,Stirrup / Tie,40 mm
10 mm,2770 mm,217.59 cm³,2485,2529,2770 mm,1,STR-Model,Structural Foundation,RAFT THICK. 1000 mm,TSE-TANK,1.710258,Stirrup / Tie,40 mm
10 mm,2770 mm,217.59 cm³,2485,2529,2770 mm,1,STR-Model,Structural Foundation,RAFT THICK. 1000 mm,TSE-TANK,1.710258,Stirrup / Tie,40 mm
10 mm,2770 mm,217.59 cm³,2485,2529,2770 mm,1,STR-Model,Structural Foundation,RAFT THICK. 1000 mm,TSE-TANK,1.710258,Stirrup / Tie,40 mm
10 mm,2770 mm,217.59 cm³,2485,2529,2770 mm,1,STR-Model,Structural Foundation,RAFT THICK. 1000 mm,TSE-TANK,1.710258,Stirrup / Tie,40 mm
10 mm,2770 mm,217.59 cm³,2485,2529,2770 mm,1,STR-Model,Structural Foundation,RAFT THICK. 1000 mm,TSE-TANK,1.710258,Stirrup / Tie,40 mm
10 mm,2770 mm,217.59 cm³,2485,2529,2770 mm,1,STR-Model,Structural Foundation,RAFT THICK. 1000 mm,TSE-TANK,1.710258,Stirrup / Tie,40 mm
10 mm,2770 mm,217.59 cm³,2485,2529,2770 mm,1,STR-Model,Structural Foundation,RAFT THICK. 1000 mm,TSE-TANK,1.710258,Stirrup / Tie,40 mm
10 mm,2770 mm,217.59 cm³,2485,2529,2770 mm,1,STR-Model,Structural Foundation,RAFT THICK. 1000 mm,TSE-TANK,1.710258,Stirrup / Tie,40 mm
10 mm,2770 mm,217.59 cm³,2485,2529,2770 mm,1,STR-Model,Structural Foundation,RAFT THICK. 1000 mm,TSE-TANK,1.710258,Stirrup / Tie,40 mm
10 mm,2770 mm,217.59 cm³,2485,2529,2770 mm,1,STR-Model,Structural Foundation,RAFT THICK. 1000 mm,TSE-TANK,1.710258,Stirrup / Tie,40 mm
10 mm,2770 mm,217.59 cm³,2485,2529,2770 mm,1,STR-Model,Structural Foundation,RAFT THICK. 1000 mm,TSE-TANK,1.710258,Stirrup / Tie,40 mm
10 mm,2770 mm,217.59 cm³,2485,2529,2770 mm,1,STR-Model,Structural Foundation,RAFT THICK. 1000 mm,TSE-TANK,1.710258,Stirrup / Tie,40 mm
10 mm,2770 mm,217.59 cm³,2485,2529,2770 mm,1,STR-Model,Structural Foundation,RAFT THICK. 1000 mm,TSE-TANK,1.710258,Stirrup / Tie,40 mm
10 mm,2770 mm,217.59 cm³,2485,2529,2770 mm,1,STR-Model,Structural Foundation,RAFT THICK. 1000 mm,TSE-TANK,1.710258,Stirrup / Tie,40 mm
10 mm,2770 mm,217.59 cm³,2485,2529,2770 mm,1,STR-Model,Structural Foundation,RAFT THICK. 1000 mm,TSE-TANK,1.710258,Stirrup / Tie,40 mm
10 mm,2770 mm,217.59 cm³,2485,2529,2770 mm,1,STR-Model,Structural Foundation,RAFT THICK. 1000 mm,TSE-TANK,1.710258,Stirrup / Tie,40 mm
10 mm,2770 mm,217.59 cm³,2485,2529,2770 mm,1,STR-Model,Structural Foundation,RAFT THICK. 1000 mm,TSE-TANK,1.710258,Stirrup / Tie,40 mm
10 mm,2770 mm,217.59 cm³,2485,2529,2770 mm,1,STR-Model,Structural Foundation,RAFT THICK. 1000 mm,TSE-TANK,1.710258,Stirrup / Tie,40 mm
10 mm,2770 mm,217.59 cm³,2485,2529,2770 mm,1,STR-Model,Structural Foundation,RAFT THICK. 1000 mm,TSE-TANK,1.710258,Stirrup / Tie,40 mm
10 mm,2770 mm,217.59 cm³,2485,2529,2770 mm,1,STR-Model,Structural Foundation,RAFT THICK. 1000 mm,TSE-TANK,1.710258,Stirrup / Tie,40 mm
10 mm,2770 mm,217.59 cm³,2485,2529,2770 mm,1,STR-Model,Structural Foundation,RAFT THICK. 1000 mm,TSE-TANK,1.710258,Stirrup / Tie,40 mm
10 mm,2770 mm,217.59 cm³,2485,2529,2770 mm,1,STR-Model,Structural Foundation,RAFT THICK. 1000 mm,TSE-TANK,1.710258,Stirrup / Tie,40 mm
10 mm,2770 mm,217.59 cm³,2485,2529,2770 mm,1,STR-Model,Structural Foundation,RAFT THICK. 1000 mm,TSE-TANK,1.710258,Stirrup / Tie,40 mm
10 mm,2770 mm,217.59 cm³,2485,2529,2770 mm,1,STR-Model,Structural Foundation,RAFT THICK. 1000 mm,TSE-TANK,1.710258,Stirrup / Tie,40 mm
10 mm,2770 mm,217.59 cm³,2485,2529,2770 mm,1,STR-Model,Structural Foundation,RAFT THICK. 1000 mm,TSE-TANK,1.710258,Stirrup / Tie,40 mm
10 mm,2770 mm,217.59 cm³,2485,2529,2770 mm,1,STR-Model,Structural Foundation,RAFT THICK. 1000 mm,TSE-TANK,1.710258,Stirrup / Tie,40 mm
10 mm,2770 mm,217.59 cm³,2485,2529,2770 mm,1,STR-Model,Structural Foundation,RAFT THICK. 1000 mm,TSE-TANK,1.710258,Stirrup / Tie,40 mm
10 mm,2770 mm,217.59 cm³,2485,2529,2770 mm,1,STR-Model,Structural Foundation,RAFT THICK. 1000 mm,TSE-TANK,1.710258,Stirrup / Tie,40 mm
10 mm,2770 mm,217.59 cm³,2485,2529,2770 mm,1,STR-Model,Structural Foundation,RAFT THICK. 1000 mm,TSE-TANK,1.710258,Stirrup / Tie,40 mm
10 mm,2770 mm,217.59 cm³,2485,2529,2770 mm,1,STR-Model,Structural Foundation,RAFT THICK. 1000 mm,TSE-TANK,1.710258,Stirrup / Tie,40 mm
10 mm,2770 mm,217.59 cm³,2485,2529,2770 mm,1,STR-Model,Structural Foundation,RAFT THICK. 1000 mm,TSE-TANK,1.710258,Stirrup / Tie,40 mm
10 mm,2770 mm,217.59 cm³,2485,2529,2770 mm,1,STR-Model,Structural Foundation,RAFT THICK. 1000 mm,TSE-TANK,1.710258,Stirrup / Tie,40 mm
10 mm,2770 mm,217.59 cm³,2485,2529,2770 mm,1,STR-Model,Structural Foundation,RAFT THICK. 1000 mm,TSE-TANK,1.710258,Stirrup / Tie,40 mm
10 mm,2770 mm,217.59 cm³,2485,2529,2770 mm,1,STR-Model,Structural Foundation,RAFT THICK. 1000 mm,TSE-TANK,1.710258,Stirrup / Tie,40 mm
10 mm,2770 mm,217.59 cm³,2485,2529,2770 mm,1,STR-Model,Structural Foundation,RAFT THICK. 1000 mm,TSE-TANK,1.710258,Stirrup / Tie,40 mm
10 mm,2770 mm,217.59 cm³,2485,2529,2770 mm,1,STR-Model,Structural Foundation,RAFT THICK. 1000 mm,TSE-TANK,1.710258,Stirrup / Tie,40 mm
10 mm,2770 mm,217.59 cm³,2485,2529,2770 mm,1,STR-Model,Structural Foundation,RAFT THICK. 1000 mm,TSE-TANK,1.710258,Stirrup / Tie,40 mm
10 mm,2770 mm,217.59 cm³,2485,2529,2770 mm,1,STR-Model,Structural Foundation,RAFT THICK. 1000 mm,TSE-TANK,1.710258,Stirrup / Tie,40 mm
10 mm,2770 mm,217.59 cm³,2485,2529,2770 mm,1,STR-Model,Structural Foundation,RAFT THICK. 1000 mm,TSE-TANK,1.710258,Stirrup / Tie,40 mm
10 mm,2770 mm,217.59 cm³,2485,2529,2770 mm,1,STR-Model,Structural Foundation,RAFT THICK. 1000 mm,TSE-TANK,1.710258,Stirrup / Tie,40 mm
10 mm,2770 mm,217.59 cm³,2485,2529,2770 mm,1,STR-Model,Structural Foundation,RAFT THICK. 1000 mm,TSE-TANK,1.710258,Stirrup / Tie,40 mm
10 mm,2770 mm,217.59 cm³,2485,2529,2770 mm,1,STR-Model,Structural Foundation,RAFT THICK. 1000 mm,TSE-TANK,1.710258,Stirrup / Tie,40 mm
10 mm,2770 mm,217.59 cm³,2485,2529,2770 mm,1,STR-Model,Structural Foundation,RAFT THICK. 1000 mm,TSE-TANK,1.710258,Stirrup / Tie,40 mm
10 mm,2770 mm,217.59 cm³,2485,2529,2770 mm,1,STR-Model,Structural Foundation,RAFT THICK. 1000 mm,TSE-TANK,1.710258,Stirrup / Tie,40 mm
10 mm,2770 mm,217.59 cm³,2485,2529,2770 mm,1,STR-Model,Structural Foundation,RAFT THICK. 1000 mm,TSE-TANK,1.710258,Stirrup / Tie,40 mm
10 mm,2770 mm,217.59 cm³,2485,2529,2770 mm,1,STR-Model,Structural Foundation,RAFT THICK. 1000 mm,TSE-TANK,1.710258,Stirrup / Tie,40 mm
10 mm,2770 mm,217.59 cm³,2485,2529,2770 mm,1,STR-Model,Structural Foundation,RAFT THICK. 1000 mm,TSE-TANK,1.710258,Stirrup / Tie,40 mm
10 mm,2770 mm,217.59 cm³,2485,2529,2770 mm,1,STR-Model,Structural Foundation,RAFT THICK. 1000 mm,TSE-TANK,1.710258,Stirrup / Tie,40 mm
10 mm,2770 mm,217.59 cm³,2485,2529,2770 mm,1,STR-Model,Structural Foundation,RAFT THICK. 1000 mm,TSE-TANK,1.710258,Stirrup / Tie,40 mm
10 mm,2770 mm,217.59 cm³,2485,2529,2770 mm,1,STR-Model,Structural Foundation,RAFT THICK. 1000 mm,TSE-TANK,1.710258,Stirrup / Tie,40 mm
10 mm,2770 mm,217.59 cm³,2485,2529,2770 mm,1,STR-Model,Structural Foundation,RAFT THICK. 1000 mm,TSE-TANK,1.710258,Stirrup / Tie,40 mm
10 mm,2770 mm,217.59 cm³,2485,2529,2770 mm,1,STR-Model,Structural Foundation,RAFT THICK. 1000 mm,TSE-TANK,1.710258,Stirrup / Tie,40 mm
10 mm,2770 mm,217.59 cm³,2485,2529,2770 mm,1,STR-Model,Structural Foundation,RAFT THICK. 1000 mm,TSE-TANK,1.710258,Stirrup / Tie,40 mm
10 mm,2770 mm,217.59 cm³,2485,2529,2770 mm,1,STR-Model,Structural Foundation,RAFT THICK. 1000 mm,TSE-TANK,1.710258,Stirrup / Tie,40 mm
10 mm,2770 mm,217.59 cm³,2485,2529,2770 mm,1,STR-Model,Structural Foundation,RAFT THICK. 1000 mm,TSE-TANK,1.710258,Stirrup / Tie,40 mm
10 mm,2770 mm,217.59 cm³,2485,2529,2770 mm,1,STR-Model,Structural Foundation,RAFT THICK. 1000 mm,TSE-TANK,1.710258,Stirrup / Tie,40 mm
10 mm,2770 mm,217.59 cm³,2485,2529,2770 mm,1,STR-Model,Structural Foundation,RAFT THICK. 1000 mm,TSE-TANK,1.710258,Stirrup / Tie,40 mm
10 mm,2770 mm,217.59 cm³,2485,2529,2770 mm,1,STR-Model,Structural Foundation,RAFT THICK. 1000 mm,TSE-TANK,1.710258,Stirrup / Tie,40 mm
10 mm,2770 mm,217.59 cm³,2485,2529,2770 mm,1,STR-Model,Structural Foundation,RAFT THICK. 1000 mm,TSE-TANK,1.710258,Stirrup / Tie,40 mm
10 mm,2770 mm,217.59 cm³,2485,2529,2770 mm,1,STR-Model,Structural Foundation,RAFT THICK. 1000 mm,TSE-TANK,1.710258,Stirrup / Tie,40 mm
10 mm,2770 mm,217.59 cm³,2485,2529,2770 mm,1,STR-Model,Structural Foundation,RAFT THICK. 1000 mm,TSE-TANK,1.710258,Stirrup / Tie,40 mm
10 mm,2770 mm,217.59 cm³,2485,2529,2770 mm,1,STR-Model,Structural Foundation,RAFT THICK. 1000 mm,TSE-TANK,1.710258,Stirrup / Tie,40 mm
10 mm,2770 mm,217.59 cm³,2485,2529,2770 mm,1,STR-Model,Structural Foundation,RAFT THICK. 1000 mm,TSE-TANK,1.710258,Stirrup / Tie,40 mm
10 mm,2770 mm,217.59 cm³,2485,2529,2770 mm,1,STR-Model,Structural Foundation,RAFT THICK. 1000 mm,TSE-TANK,1.71025,Stirrup / Tie,40 mm
10 mm,2770 mm,217.59 cm³,2485,2529,2770 mm,1,STR-Model,Structural Foundation,RAFT THICK. 1000 mm,TSE-TANK,1.71025,Stirrup / Tie,40 mm
10 mm,2771 mm,217.67 cm³,2580,2619,2771 mm,1,STR-Model,Structural Foundation,RAFT THICK. 1000 mm,TSE-TANK,1.710886,Stirrup / Tie,40 mm
10 mm,2770 mm,217.59 cm³,2485,2529,2770 mm,1,STR-Model,Structural Foundation,RAFT THICK. 1000 mm,TSE-TANK,1.710258,Stirrup / Tie,40 mm
10 mm,2770 mm,217.59 cm³,2485,2529,2770 mm,1,STR-Model,Structural Foundation,RAFT THICK. 1000 mm,TSE-TANK,1.710258,Stirrup / Tie,40 mm
10 mm,2770 mm,217.59 cm³,2485,2529,2770 mm,1,STR-Model,Structural Foundation,RAFT THICK. 1000 mm,TSE-TANK,1.710258,Stirrup / Tie,40 mm
10 mm,2770 mm,217.59 cm³,2485,2529,2770 mm,1,STR-Model,Structural Foundation,RAFT THICK. 1000 mm,TSE-TANK,1.710258,Stirrup / Tie,40 mm
10 mm,2770 mm,217.59 cm³,2485,2529,2770 mm,1,STR-Model,Structural Foundation,RAFT THICK. 1000 mm,TSE-TANK,1.710258,Stirrup / Tie,40 mm
10 mm,2770 mm,217.59 cm³,2485,2529,2770 mm,1,STR-Model,Structural Foundation,RAFT THICK. 1000 mm,TSE-TANK,1.710258,Stirrup / Tie,40 mm
10 mm,2770 mm,217.59 cm³,2485,2529,2770 mm,1,STR-Model,Structural Foundation,RAFT THICK. 1000 mm,TSE-TANK,1.710258,Stirrup / Tie,40 mm
10 mm,2770 mm,217.59 cm³,2485,2529,2770 mm,1,STR-Model,Structural Foundation,RAFT THICK. 1000 mm,TSE-TANK,1.710258,Stirrup / Tie,40 mm
10 mm,2770 mm,217.59 cm³,2485,2529,2770 mm,1,STR-Model,Structural Foundation,RAFT THICK. 1000 mm,TSE-TANK,1.710258,Stirrup / Tie,40 mm
10 mm,2770 mm,217.59 cm³,2485,2529,2770 mm,1,STR-Model,Structural Foundation,RAFT THICK. 1000 mm,TSE-TANK,1.710258,Stirrup / Tie,40 mm
10 mm,2770 mm,217.59 cm³,2485,2529,2770 mm,1,STR-Model,Structural Foundation,RAFT THICK. 1000 mm,TSE-TANK,1.710258,Stirrup / Tie,40 mm
10 mm,2770 mm,217.59 cm³,2485,2529,2770 mm,1,STR-Model,Structural Foundation,RAFT THICK. 1000 mm,TSE-TANK,1.710258,Stirrup / Tie,40 mm
10 mm,2770 mm,217.59 cm³,2485,2529,2770 mm,1,STR-Model,Structural Foundation,RAFT THICK. 1000 mm,TSE-TANK,1.710258,Stirrup / Tie,40 mm
10 mm,2770 mm,217.59 cm³,2485,2529,2770 mm,1,STR-Model,Structural Foundation,RAFT THICK. 1000 mm,TSE-TANK,1.710258,Stirrup / Tie,40 mm
10 mm,2770 mm,217.59 cm³,2485,2529,2770 mm,1,STR-Model,Structural Foundation,RAFT THICK. 1000 mm,TSE-TANK,1.710258,Stirrup / Tie,40 mm
10 mm,2770 mm,217.59 cm³,2485,2529,2770 mm,1,STR-Model,Structural Foundation,RAFT THICK. 1000 mm,TSE-TANK,1.710258,Stirrup / Tie,40 mm
10 mm,2770 mm,217.59 cm³,2485,2529,2770 mm,1,STR-Model,Structural Foundation,RAFT THICK. 1000 mm,TSE-TANK,1.710258,Stirrup / Tie,40 mm
10 mm,2770 mm,217.59 cm³,2485,2529,2770 mm,1,STR-Model,Structural Foundation,RAFT THICK. 1000 mm,TSE-TANK,1.710258,Stirrup / Tie,40 mm
10 mm,2770 mm,217.59 cm³,2485,2529,2770 mm,1,STR-Model,Structural Foundation,RAFT THICK. 1000 mm,TSE-TANK,1.710258,Stirrup / Tie,40 mm
10 mm,2770 mm,217.59 cm³,2485,2529,2770 mm,1,STR-Model,Structural Foundation,RAFT THICK. 1000 mm,TSE-TANK,1.710258,Stirrup / Tie,40 mm
10 mm,2770 mm,217.59 cm³,2485,2529,2770 mm,1,STR-Model,Structural Foundation,RAFT THICK. 1000 mm,TSE-TANK,1.710258,Stirrup / Tie,40 mm
10 mm,2770 mm,217.59 cm³,2485,2529,2770 mm,1,STR-Model,Structural Foundation,RAFT THICK. 1000 mm,TSE-TANK,1.710258,Stirrup / Tie,40 mm
10 mm,2770 mm,217.59 cm³,2485,2529,2770 mm,1,STR-Model,Structural Foundation,RAFT THICK. 1000 mm,TSE-TANK,1.710258,Stirrup / Tie,40 mm
10 mm,2770 mm,217.59 cm³,2485,2529,2770 mm,1,STR-Model,Structural Foundation,RAFT THICK. 1000 mm,TSE-TANK,1.710258,Stirrup / Tie,40 mm
10 mm,2770 mm,217.59 cm³,2485,2529,2770 mm,1,STR-Model,Structural Foundation,RAFT THICK. 1000 mm,TSE-TANK,1.710258,Stirrup / Tie,40 mm
10 mm,2770 mm,217.59 cm³,2485,2529,2770 mm,1,STR-Model,Structural Foundation,RAFT THICK. 1000 mm,TSE-TANK,1.710258,Stirrup / Tie,40 mm
10 mm,2770 mm,217.59 cm³,2485,2529,2770 mm,1,STR-Model,Structural Foundation,RAFT THICK. 1000 mm,TSE-TANK,1.710258,Stirrup / Tie,40 mm
10 mm,2770 mm,217.59 cm³,2485,2529,2770 mm,1,STR-Model,Structural Foundation,RAFT THICK. 1000 mm,TSE-TANK,1.710258,Stirrup / Tie,40 mm
10 mm,2770 mm,217.59 cm³,2485,2529,2770 mm,1,STR-Model,Structural Foundation,RAFT THICK. 1000 mm,TSE-TANK,1.710258,Stirrup / Tie,40 mm
10 mm,2770 mm,217.59 cm³,2485,2529,2770 mm,1,STR-Model,Structural Foundation,RAFT THICK. 1000 mm,TSE-TANK,1.710258,Stirrup / Tie,40 mm
10 mm,2770 mm,217.59 cm³,2485,2529,2770 mm,1,STR-Model,Structural Foundation,RAFT THICK. 1000 mm,TSE-TANK,1.710258,Stirrup / Tie,40 mm
10 mm,2770 mm,217.59 cm³,2485,2529,2770 mm,1,STR-Model,Structural Foundation,RAFT THICK. 1000 mm,TSE-TANK,1.710258,Stirrup / Tie,40 mm
10 mm,2770 mm,217.59 cm³,2485,2529,2770 mm,1,STR-Model,Structural Foundation,RAFT THICK. 1000 mm,TSE-TANK,1.710258,Stirrup / Tie,40 mm
10 mm,2770 mm,217.59 cm³,2485,2529,2770 mm,1,STR-Model,Structural Foundation,RAFT THICK. 1000 mm,TSE-TANK,1.710258,Stirrup / Tie,40 mm
10 mm,2770 mm,217.59 cm³,2485,2529,2770 mm,1,STR-Model,Structural Foundation,RAFT THICK. 1000 mm,TSE-TANK,1.710258,Stirrup / Tie,40 mm
10 mm,2770 mm,217.59 cm³,2485,2529,2770 mm,1,STR-Model,Structural Foundation,RAFT THICK. 1000 mm,TSE-TANK,1.710258,Stirrup / Tie,40 mm
10 mm,2770 mm,217.59 cm³,2485,2529,2770 mm,1,STR-Model,Structural Foundation,RAFT THICK. 1000 mm,TSE-TANK,1.710258,Stirrup / Tie,40 mm
10 mm,2770 mm,217.59 cm³,2485,2529,2770 mm,1,STR-Model,Structural Foundation,RAFT THICK. 1000 mm,TSE-TANK,1.710258,Stirrup / Tie,40 mm
10 mm,2770 mm,217.59 cm³,2485,2529,2770 mm,1,STR-Model,Structural Foundation,RAFT THICK. 1000 mm,TSE-TANK,1.710258,Stirrup / Tie,40 mm
10 mm,2770 mm,217.59 cm³,2485,2529,2770 mm,1,STR-Model,Structural Foundation,RAFT THICK. 1000 mm,TSE-TANK,1.710258,Stirrup / Tie,40 mm
10 mm,2770 mm,217.59 cm³,2485,2529,2770 mm,1,STR-Model,Structural Foundation,RAFT THICK. 1000 mm,TSE-TANK,1.710258,Stirrup / Tie,40 mm
10 mm,2770 mm,217.59 cm³,2485,2529,2770 mm,1,STR-Model,Structural Foundation,RAFT THICK. 1000 mm,TSE-TANK,1.710258,Stirrup / Tie,40 mm
10 mm,2770 mm,217.59 cm³,2485,2529,2770 mm,1,STR-Model,Structural Foundation,RAFT THICK. 1000 mm,TSE-TANK,1.710258,Stirrup / Tie,40 mm
10 mm,2770 mm,217.59 cm³,2485,2529,2770 mm,1,STR-Model,Structural Foundation,RAFT THICK. 1000 mm,TSE-TANK,1.710258,Stirrup / Tie,40 mm
10 mm,2770 mm,217.59 cm³,2485,2529,2770 mm,1,STR-Model,Structural Foundation,RAFT THICK. 1000 mm,TSE-TANK,1.710258,Stirrup / Tie,40 mm
10 mm,2770 mm,217.59 cm³,2485,2529,2770 mm,1,STR-Model,Structural Foundation,RAFT THICK. 1000 mm,TSE-TANK,1.710258,Stirrup / Tie,40 mm
10 mm,2770 mm,217.59 cm³,2485,2529,2770 mm,1,STR-Model,Structural Foundation,RAFT THICK. 1000 mm,TSE-TANK,1.710258,Stirrup / Tie,40 mm
10 mm,2770 mm,217.59 cm³,2485,2529,2770 mm,1,STR-Model,Structural Foundation,RAFT THICK. 1000 mm,TSE-TANK,1.710258,Stirrup / Tie,40 mm
10 mm,2770 mm,217.59 cm³,2485,2529,2770 mm,1,STR-Model,Structural Foundation,RAFT THICK. 1000 mm,TSE-TANK,1.710258,Stirrup / Tie,40 mm
10 mm,2770 mm,217.59 cm³,2485,2529,2770 mm,1,STR-Model,Structural Foundation,RAFT THICK. 1000 mm,TSE-TANK,1.710258,Stirrup / Tie,40 mm
10 mm,2770 mm,217.59 cm³,2485,2529,2770 mm,1,STR-Model,Structural Foundation,RAFT THICK. 1000 mm,TSE-TANK,1.710258,Stirrup / Tie,40 mm
10 mm,2770 mm,217.59 cm³,2485,2529,2770 mm,1,STR-Model,Structural Foundation,RAFT THICK. 1000 mm,TSE-TANK,1.710258,Stirrup / Tie,40 mm
10 mm,2770 mm,217.59 cm³,2485,2529,2770 mm,1,STR-Model,Structural Foundation,RAFT THICK. 1000 mm,TSE-TANK,1.710258,Stirrup / Tie,40 mm
10 mm,2770 mm,217.59 cm³,2485,2529,2770 mm,1,STR-Model,Structural Foundation,RAFT THICK. 1000 mm,TSE-TANK,1.710258,Stirrup / Tie,40 mm
10 mm,2770 mm,217.59 cm³,2485,2529,2770 mm,1,STR-Model,Structural Foundation,RAFT THICK. 1000 mm,TSE-TANK,1.710258,Stirrup / Tie,40 mm
10 mm,2770 mm,217.59 cm³,2485,2529,2770 mm,1,STR-Model,Structural Foundation,RAFT THICK. 1000 mm,TSE-TANK,1.710258,Stirrup / Tie,40 mm
10 mm,2770 mm,217.59 cm³,2485,2529,2770 mm,1,STR-Model,Structural Foundation,RAFT THICK. 1000 mm,TSE-TANK,1.710258,Stirrup / Tie,40 mm
10 mm,2770 mm,217.59 cm³,2485,2529,2770 mm,1,STR-Model,Structural Foundation,RAFT THICK. 1000 mm,TSE-TANK,1.710258,Stirrup / Tie,40 mm
10 mm,2770 mm,217.59 cm³,2485,2529,2770 mm,1,STR-Model,Structural Foundation,RAFT THICK. 1000 mm,TSE-TANK,1.710258,Stirrup / Tie,40 mm
10 mm,2770 mm,217.59 cm³,2485,2529,2770 mm,1,STR-Model,Structural Foundation,RAFT THICK. 1000 mm,TSE-TANK,1.710258,Stirrup / Tie,40 mm
10 mm,2770 mm,217.59 cm³,2485,2529,2770 mm,1,STR-Model,Structural Foundation,RAFT THICK. 1000 mm,TSE-TANK,1.710258,Stirrup / Tie,40 mm
10 mm,2770 mm,217.59 cm³,2485,2529,2770 mm,1,STR-Model,Structural Foundation,RAFT THICK. 1000 mm,TSE-TANK,1.710258,Stirrup / Tie,40 mm
10 mm,2770 mm,217.59 cm³,2485,2529,2770 mm,1,STR-Model,Structural Foundation,RAFT THICK. 1000 mm,TSE-TANK,1.710258,Stirrup / Tie,40 mm
10 mm,2770 mm,217.59 cm³,2485,2529,2770 mm,1,STR-Model,Structural Foundation,RAFT THICK. 1000 mm,TSE-TANK,1.710258,Stirrup / Tie,40 mm
10 mm,2770 mm,217.59 cm³,2485,2529,2770 mm,1,STR-Model,Structural Foundation,RAFT THICK. 1000 mm,TSE-TANK,1.710258,Stirrup / Tie,40 mm
10 mm,2770 mm,217.59 cm³,2485,2529,2770 mm,1,STR-Model,Structural Foundation,RAFT THICK. 1000 mm,TSE-TANK,1.710258,Stirrup / Tie,40 mm
10 mm,2770 mm,217.59 cm³,2485,2529,2770 mm,1,STR-Model,Structural Foundation,RAFT THICK. 1000 mm,TSE-TANK,1.710258,Stirrup / Tie,40 mm
10 mm,2770 mm,217.59 cm³,2485,2529,2770 mm,1,STR-Model,Structural Foundation,RAFT THICK. 1000 mm,TSE-TANK,1.710258,Stirrup / Tie,40 mm
10 mm,2770 mm,217.59 cm³,2485,2529,2770 mm,1,STR-Model,Structural Foundation,RAFT THICK. 1000 mm,TSE-TANK,1.710258,Stirrup / Tie,40 mm
10 mm,2770 mm,217.59 cm³,2485,2529,2770 mm,1,STR-Model,Structural Foundation,RAFT THICK. 1000 mm,TSE-TANK,1.710258,Stirrup / Tie,40 mm
10 mm,2771 mm,217.67 cm³,2580,2619,2771 mm,1,STR-Model,Structural Foundation,RAFT THICK. 1000 mm,TSE-TANK,1.710886,Stirrup / Tie,40 mm
10 mm,2770 mm,217.59 cm³,2485,2529,2770 mm,1,STR-Model,Structural Foundation,RAFT THICK. 1000 mm,TSE-TANK,1.710249,Stirrup / Tie,40 mm
10 mm,2770 mm,217.59 cm³,2485,2529,2770 mm,1,STR-Model,Structural Foundation,RAFT THICK. 1000 mm,TSE-TANK,1.71025,Stirrup / Tie,40 mm
10 mm,2770 mm,217.59 cm³,2485,2529,2770 mm,1,STR-Model,Structural Foundation,RAFT THICK. 1000 mm,TSE-TANK,1.710258,Stirrup / Tie,40 mm
10 mm,2770 mm,217.59 cm³,2485,2529,2770 mm,1,STR-Model,Structural Foundation,RAFT THICK. 1000 mm,TSE-TANK,1.710258,Stirrup / Tie,40 mm
10 mm,2770 mm,217.59 cm³,2485,2529,2770 mm,1,STR-Model,Structural Foundation,RAFT THICK. 1000 mm,TSE-TANK,1.710258,Stirrup / Tie,40 mm
10 mm,2770 mm,217.59 cm³,2485,2529,2770 mm,1,STR-Model,Structural Foundation,RAFT THICK. 1000 mm,TSE-TANK,1.710258,Stirrup / Tie,40 mm
10 mm,2770 mm,217.59 cm³,2485,2529,2770 mm,1,STR-Model,Structural Foundation,RAFT THICK. 1000 mm,TSE-TANK,1.710258,Stirrup / Tie,40 mm
10 mm,2770 mm,217.59 cm³,2485,2529,2770 mm,1,STR-Model,Structural Foundation,RAFT THICK. 1000 mm,TSE-TANK,1.710258,Stirrup / Tie,40 mm
10 mm,2770 mm,217.59 cm³,2485,2529,2770 mm,1,STR-Model,Structural Foundation,RAFT THICK. 1000 mm,TSE-TANK,1.710258,Stirrup / Tie,40 mm
10 mm,2770 mm,217.59 cm³,2485,2529,2770 mm,1,STR-Model,Structural Foundation,RAFT THICK. 1000 mm,TSE-TANK,1.710258,Stirrup / Tie,40 mm
10 mm,2770 mm,217.59 cm³,2485,2529,2770 mm,1,STR-Model,Structural Foundation,RAFT THICK. 1000 mm,TSE-TANK,1.710258,Stirrup / Tie,40 mm
10 mm,2770 mm,217.59 cm³,2485,2529,2770 mm,1,STR-Model,Structural Foundation,RAFT THICK. 1000 mm,TSE-TANK,1.710258,Stirrup / Tie,40 mm
10 mm,2770 mm,217.59 cm³,2485,2529,2770 mm,1,STR-Model,Structural Foundation,RAFT THICK. 1000 mm,TSE-TANK,1.710258,Stirrup / Tie,40 mm
10 mm,2770 mm,217.59 cm³,2485,2529,2770 mm,1,STR-Model,Structural Foundation,RAFT THICK. 1000 mm,TSE-TANK,1.710258,Stirrup / Tie,40 mm
10 mm,2770 mm,217.59 cm³,2485,2529,2770 mm,1,STR-Model,Structural Foundation,RAFT THICK. 1000 mm,TSE-TANK,1.710258,Stirrup / Tie,40 mm
10 mm,2770 mm,217.59 cm³,2485,2529,2770 mm,1,STR-Model,Structural Foundation,RAFT THICK. 1000 mm,TSE-TANK,1.710258,Stirrup / Tie,40 mm
10 mm,2770 mm,217.59 cm³,2485,2529,2770 mm,1,STR-Model,Structural Foundation,RAFT THICK. 1000 mm,TSE-TANK,1.710258,Stirrup / Tie,40 mm
10 mm,2770 mm,217.59 cm³,2485,2529,2770 mm,1,STR-Model,Structural Foundation,RAFT THICK. 1000 mm,TSE-TANK,1.710258,Stirrup / Tie,40 mm
10 mm,2770 mm,217.59 cm³,2485,2529,2770 mm,1,STR-Model,Structural Foundation,RAFT THICK. 1000 mm,TSE-TANK,1.710258,Stirrup / Tie,40 mm
10 mm,2770 mm,217.59 cm³,2485,2529,2770 mm,1,STR-Model,Structural Foundation,RAFT THICK. 1000 mm,TSE-TANK,1.710258,Stirrup / Tie,40 mm
10 mm,2770 mm,217.59 cm³,2485,2529,2770 mm,1,STR-Model,Structural Foundation,RAFT THICK. 1000 mm,TSE-TANK,1.710258,Stirrup / Tie,40 mm
10 mm,2770 mm,217.59 cm³,2485,2529,2770 mm,1,STR-Model,Structural Foundation,RAFT THICK. 1000 mm,TSE-TANK,1.710258,Stirrup / Tie,40 mm
10 mm,2770 mm,217.59 cm³,2485,2529,2770 mm,1,STR-Model,Structural Foundation,RAFT THICK. 1000 mm,TSE-TANK,1.710258,Stirrup / Tie,40 mm
10 mm,956 mm,225.33 cm³,34,190,2869 mm,3,STR-Model,Structural Foundation,,Footing,1.77113,Stirrup / Tie,40 mm
10 mm,999 mm,235.43 cm³,2487,270,2998 mm,3,STR-Model,Structural Foundation,,Footing,1.850485,Stirrup / Tie,40 mm
10 mm,999 mm,235.43 cm³,2487,270,2998 mm,3,STR-Model,Structural Foundation,,Footing,1.850485,Stirrup / Tie,40 mm
10 mm,2230 mm,525.40 cm³,2488,266,6690 mm,3,STR-Model,Structural Foundation,,Footing,4.129649,Stirrup / Tie,40 mm
10 mm,996 mm,547.77 cm³,2577,2613,6974 mm,7,STR-Model,Structural Column,PD0 300x300x1070,CT-STAIR FOUNDATION,4.305486,Stirrup / Tie,40 mm
10 mm,996 mm,547.77 cm³,2577,2613,6974 mm,7,STR-Model,Structural Column,PD0 300x300x1070,CT-STAIR FOUNDATION,4.305486,Stirrup / Tie,40 mm
10 mm,996 mm,547.77 cm³,2577,2613,6974 mm,7,STR-Model,Structural Column,PD0 300x300x1070,CT-STAIR FOUNDATION,4.305486,Stirrup / Tie,40 mm
10 mm,996 mm,547.77 cm³,2577,2613,6974 mm,7,STR-Model,Structural Column,PD0 300x300x1070,CT-STAIR FOUNDATION,4.305486,Stirrup / Tie,40 mm
10 mm,996 mm,547.77 cm³,2577,2613,6974 mm,7,STR-Model,Structural Column,PD0 300x300x1070,CT-STAIR FOUNDATION,4.305486,Stirrup / Tie,40 mm
10 mm,996 mm,547.77 cm³,2577,2613,6974 mm,7,STR-Model,Structural Column,PD0 300x300x1070,CT-STAIR FOUNDATION,4.305486,Stirrup / Tie,40 mm
10 mm,996 mm,547.77 cm³,2577,2613,6974 mm,7,STR-Model,Structural Column,PD0 300x300x1070,CT-STAIR FOUNDATION,4.305486,Stirrup / Tie,40 mm
10 mm,996 mm,547.77 cm³,2577,2613,6974 mm,7,STR-Model,Structural Column,PD0 300x300x1070,CT-STAIR FOUNDATION,4.305486,Stirrup / Tie,40 mm
10 mm,996 mm,547.77 cm³,2577,2613,6974 mm,7,STR-Model,Structural Column,PD0 300x300x1070,CT-STAIR FOUNDATION,4.305486,Stirrup / Tie,40 mm
10 mm,996 mm,547.77 cm³,2577,2613,6974 mm,7,STR-Model,Structural Column,PD0 300x300x1070,CT-STAIR FOUNDATION,4.305486,Stirrup / Tie,40 mm
10 mm,996 mm,547.77 cm³,2577,2613,6974 mm,7,STR-Model,Structural Column,PD0 300x300x1070,CT-STAIR FOUNDATION,4.305486,Stirrup / Tie,40 mm
10 mm,996 mm,547.77 cm³,2577,2613,6974 mm,7,STR-Model,Structural Column,PD0 300x300x1070,CT-STAIR FOUNDATION,4.305486,Stirrup / Tie,40 mm
10 mm,4959 mm,5062.76 cm³,2581,2655,64461 mm,13,STR-Model,Floor,,CT-STAIR FOUNDATION,39.793266,Standard,40 mm
10 mm,2372 mm,4844.68 cm³,2589,2621,61684 mm,26,STR-Model,Floor,,CT-STAIR FOUNDATION,38.079207,Standard,40 mm
10 mm,4636 mm,1456.55 cm³,332,342,18545 mm,4,STR-Model,Structural Column,,Corbel,11.4485,Stirrup / Tie,40 mm
10 mm,1396 mm,1316.03 cm³,3317,3290,16756 mm,12,STR-Model,Structural Framing,,CT-STAIR FOUNDATION,10.343984,Stirrup / Tie,40 mm
10 mm,1396 mm,548.35 cm³,3317,3290,6982 mm,5,STR-Model,Structural Framing,,CT-STAIR FOUNDATION,4.309993,Stirrup / Tie,40 mm
10 mm,1396 mm,438.68 cm³,3317,3290,5585 mm,4,STR-Model,Structural Framing,,CT-STAIR FOUNDATION,3.447995,Stirrup / Tie,40 mm
10 mm,1396 mm,1316.03 cm³,3317,3290,16756 mm,12,STR-Model,Structural Framing,,CT-STAIR FOUNDATION,10.343984,Stirrup / Tie,40 mm
10 mm,1396 mm,548.35 cm³,3317,3290,6982 mm,5,STR-Model,Structural Framing,,CT-STAIR FOUNDATION,4.309993,Stirrup / Tie,40 mm
10 mm,1396 mm,438.68 cm³,3317,3290,5585 mm,4,STR-Model,Structural Framing,,CT-STAIR FOUNDATION,3.447995,Stirrup / Tie,40 mm
10 mm,1396 mm,438.68 cm³,3317,3290,5585 mm,4,STR-Model,Structural Framing,,CT-STAIR FOUNDATION,3.447995,Stirrup / Tie,40 mm
10 mm,1396 mm,438.68 cm³,3317,3290,5585 mm,4,STR-Model,Structural Framing,,CT-STAIR FOUNDATION,3.447995,Stirrup / Tie,40 mm
10 mm,1396 mm,438.68 cm³,3317,3290,5585 mm,4,STR-Model,Structural Framing,,CT-STAIR FOUNDATION,3.447995,Stirrup / Tie,40 mm
10 mm,1396 mm,438.68 cm³,3317,3290,5585 mm,4,STR-Model,Structural Framing,,CT-STAIR FOUNDATION,3.447995,Stirrup / Tie,40 mm
10 mm,1300 mm,4800.43 cm³,2643,2672,61121 mm,47,STR-Model,Wall,,CT-UPSTAND,37.731352,Standard,40 mm
10 mm,9774 mm,767.65 cm³,2649,2679,9774 mm,1,STR-Model,Wall,,CT-UPSTAND,6.03369,Standard,40 mm
10 mm,9774 mm,767.65 cm³,2649,2679,9774 mm,1,STR-Model,Wall,,CT-UPSTAND,6.03369,Standard,40 mm
10 mm,9774 mm,767.65 cm³,2649,2679,9774 mm,1,STR-Model,Wall,,CT-UPSTAND,6.03369,Standard,40 mm
10 mm,9774 mm,767.65 cm³,2649,2679,9774 mm,1,STR-Model,Wall,,CT-UPSTAND,6.03369,Standard,40 mm
10 mm,1360 mm,5021.91 cm³,2647,2676,63941 mm,47,STR-Model,Wall,,CT-UPSTAND,39.472203,Standard,40 mm
10 mm,9774 mm,767.65 cm³,2649,2679,9774 mm,1,STR-Model,Wall,,CT-UPSTAND,6.03369,Standard,40 mm
10 mm,9774 mm,767.65 cm³,2649,2679,9774 mm,1,STR-Model,Wall,,CT-UPSTAND,6.03369,Standard,40 mm
10 mm,9774 mm,767.65 cm³,2649,2679,9774 mm,1,STR-Model,Wall,,CT-UPSTAND,6.03369,Standard,40 mm
10 mm,9774 mm,767.65 cm³,2649,2679,9774 mm,1,STR-Model,Wall,,CT-UPSTAND,6.03369,Standard,40 mm
10 mm,4636 mm,1456.55 cm³,332,342,18545 mm,4,STR-Model,Structural Column,,Corbel,11.4485,Stirrup / Tie,40 mm
10 mm,1482 mm,3259.49 cm³,2859,2896,41501 mm,28,STR-OUTER STRUCTURES,Slab Edge,,OS-SwitchGear,25.619606,Stirrup / Tie,40 mm
10 mm,1482 mm,3259.49 cm³,2859,2896,41501 mm,28,STR-OUTER STRUCTURES,Slab Edge,,OS-SwitchGear,25.619606,Stirrup / Tie,40 mm
10 mm,1484 mm,1748.51 cm³,2862,2899,22263 mm,15,STR-OUTER STRUCTURES,Slab Edge,,OS-SwitchGear,13.743308,Stirrup / Tie,40 mm
10 mm,1484 mm,1748.51 cm³,2862,2899,22263 mm,15,STR-OUTER STRUCTURES,Slab Edge,,OS-SwitchGear,13.743308,Stirrup / Tie,40 mm
10 mm,1482 mm,3259.49 cm³,2859,2896,41501 mm,28,STR-OUTER STRUCTURES,Slab Edge,,OS-SwitchGear,25.619606,Stirrup / Tie,40 mm
10 mm,1482 mm,3259.49 cm³,2859,2896,41501 mm,28,STR-OUTER STRUCTURES,Slab Edge,,OS-SwitchGear,25.619606,Stirrup / Tie,40 mm
10 mm,1483 mm,1747.37 cm³,2856,2892,22248 mm,15,STR-OUTER STRUCTURES,Slab Edge,,OS-SwitchGear,13.734363,Stirrup / Tie,40 mm
10 mm,1481 mm,1744.59 cm³,2857,2894,22213 mm,15,STR-OUTER STRUCTURES,Slab Edge,,OS-SwitchGear,13.712461,Stirrup / Tie,40 mm
10 mm,1284 mm,1210.35 cm³,2864,2901,15411 mm,12,STR-OUTER STRUCTURES,Slab Edge,,OS-AHU,9.513323,Stirrup / Tie,40 mm
10 mm,1284 mm,1210.35 cm³,2864,2901,15411 mm,12,STR-OUTER STRUCTURES,Slab Edge,,OS-AHU,9.513323,Stirrup / Tie,40 mm
10 mm,2108 mm,9272.17 cm³,21,189,118057 mm,56,STR-Model,Structural Column,C1 900x900x10500,Column,72.879247,Stirrup / Tie,40 mm
10 mm,2108 mm,9272.17 cm³,21,189,118057 mm,56,STR-Model,Structural Column,C1 900x900x10500,Column,72.879247,Stirrup / Tie,40 mm
10 mm,3356 mm,14762.00 cm³,20,188,187956 mm,56,STR-Model,Structural Column,C1 900x900x10500,Column,116.029291,Stirrup / Tie,40 mm
10 mm,2108 mm,9272.17 cm³,21,189,118057 mm,56,STR-Model,Structural Column,C1 900x900x10500,Column,72.879247,Stirrup / Tie,40 mm
10 mm,2108 mm,9272.17 cm³,21,189,118057 mm,56,STR-Model,Structural Column,C1 900x900x10500,Column,72.879247,Stirrup / Tie,40 mm
10 mm,2148 mm,9616.81 cm³,200,200,122445 mm,57,STR-Model,Structural Column,C1 900x900x10500,Column,75.588158,Stirrup / Tie,40 mm
10 mm,2148 mm,9616.81 cm³,200,200,122445 mm,57,STR-Model,Structural Column,C1 900x900x10500,Column,75.588158,Stirrup / Tie,40 mm
10 mm,3436 mm,15383.74 cm³,202,202,195872 mm,57,STR-Model,Structural Column,C1 900x900x10500,Column,120.916235,Stirrup / Tie,40 mm
10 mm,2148 mm,9616.81 cm³,200,200,122445 mm,57,STR-Model,Structural Column,C1 900x900x10500,Column,75.588158,Stirrup / Tie,40 mm
10 mm,2148 mm,9616.81 cm³,200,200,122445 mm,57,STR-Model,Structural Column,C1 900x900x10500,Column,75.588158,Stirrup / Tie,40 mm
10 mm,2148 mm,9448.10 cm³,200,200,120297 mm,56,STR-Model,Structural Column,C1 900x900x10500,Column,74.26205,Stirrup / Tie,40 mm
10 mm,2148 mm,9448.10 cm³,200,200,120297 mm,56,STR-Model,Structural Column,C1 900x900x10500,Column,74.26205,Stirrup / Tie,40 mm
10 mm,3436 mm,15113.85 cm³,202,202,192436 mm,56,STR-Model,Structural Column,C1 900x900x10500,Column,118.794898,Stirrup / Tie,40 mm
10 mm,2148 mm,9448.10 cm³,200,200,120297 mm,56,STR-Model,Structural Column,C1 900x900x10500,Column,74.26205,Stirrup / Tie,40 mm
10 mm,2148 mm,9448.10 cm³,200,200,120297 mm,56,STR-Model,Structural Column,C1 900x900x10500,Column,74.26205,Stirrup / Tie,40 mm
10 mm,4636 mm,1456.55 cm³,332,342,18545 mm,4,STR-Model,Structural Column,,Corbel,11.4485,Stirrup / Tie,40 mm
10 mm,4636 mm,1456.55 cm³,332,342,18545 mm,4,STR-Model,Structural Column,,Corbel,11.4485,Stirrup / Tie,40 mm
10 mm,2148 mm,9448.10 cm³,200,200,120297 mm,56,STR-Model,Structural Column,C1 900x900x10500,Column,74.26205,Stirrup / Tie,40 mm
10 mm,2148 mm,9448.10 cm³,200,200,120297 mm,56,STR-Model,Structural Column,C1 900x900x10500,Column,74.26205,Stirrup / Tie,40 mm
10 mm,3436 mm,15113.85 cm³,202,202,192436 mm,56,STR-Model,Structural Column,C1 900x900x10500,Column,118.794898,Stirrup / Tie,40 mm
10 mm,2148 mm,9448.10 cm³,200,200,120297 mm,56,STR-Model,Structural Column,C1 900x900x10500,Column,74.26205,Stirrup / Tie,40 mm
10 mm,2148 mm,9448.10 cm³,200,200,120297 mm,56,STR-Model,Structural Column,C1 900x900x10500,Column,74.26205,Stirrup / Tie,40 mm
10 mm,4636 mm,1456.55 cm³,332,342,18545 mm,4,STR-Model,Structural Column,,Corbel,11.4485,Stirrup / Tie,40 mm
10 mm,2148 mm,9448.10 cm³,200,200,120297 mm,56,STR-Model,Structural Column,C1 900x900x10500,Column,74.26205,Stirrup / Tie,40 mm
10 mm,2148 mm,9448.10 cm³,200,200,120297 mm,56,STR-Model,Structural Column,C1 900x900x10500,Column,74.26205,Stirrup / Tie,40 mm
10 mm,3436 mm,15113.85 cm³,202,202,192436 mm,56,STR-Model,Structural Column,C1 900x900x10500,Column,118.794898,Stirrup / Tie,40 mm
10 mm,2148 mm,9448.10 cm³,200,200,120297 mm,56,STR-Model,Structural Column,C1 900x900x10500,Column,74.26205,Stirrup / Tie,40 mm
10 mm,2148 mm,9448.10 cm³,200,200,120297 mm,56,STR-Model,Structural Column,C1 900x900x10500,Column,74.26205,Stirrup / Tie,40 mm
10 mm,2148 mm,9616.81 cm³,200,200,122445 mm,57,STR-Model,Structural Column,C1 900x900x10500,Column,75.588158,Stirrup / Tie,40 mm
10 mm,2148 mm,9616.81 cm³,200,200,122445 mm,57,STR-Model,Structural Column,C1 900x900x10500,Column,75.588158,Stirrup / Tie,40 mm
10 mm,3436 mm,15383.74 cm³,202,202,195872 mm,57,STR-Model,Structural Column,C1 900x900x10500,Column,120.916235,Stirrup / Tie,40 mm
10 mm,2148 mm,9616.81 cm³,200,200,122445 mm,57,STR-Model,Structural Column,C1 900x900x10500,Column,75.588158,Stirrup / Tie,40 mm
10 mm,2148 mm,9616.81 cm³,200,200,122445 mm,57,STR-Model,Structural Column,C1 900x900x10500,Column,75.588158,Stirrup / Tie,40 mm
10 mm,4636 mm,1456.55 cm³,332,342,18545 mm,4,STR-Model,Structural Column,,Corbel,11.4485,Stirrup / Tie,40 mm
10 mm,2148 mm,9448.10 cm³,200,200,120297 mm,56,STR-Model,Structural Column,C1 900x900x10500,Column,74.26205,Stirrup / Tie,40 mm
10 mm,2148 mm,9448.10 cm³,200,200,120297 mm,56,STR-Model,Structural Column,C1 900x900x10500,Column,74.26205,Stirrup / Tie,40 mm
10 mm,3436 mm,15113.85 cm³,202,202,192436 mm,56,STR-Model,Structural Column,C1 900x900x10500,Column,118.794898,Stirrup / Tie,40 mm
10 mm,2148 mm,9448.10 cm³,200,200,120297 mm,56,STR-Model,Structural Column,C1 900x900x10500,Column,74.26205,Stirrup / Tie,40 mm
10 mm,2148 mm,9448.10 cm³,200,200,120297 mm,56,STR-Model,Structural Column,C1 900x900x10500,Column,74.26205,Stirrup / Tie,40 mm
10 mm,2717 mm,12164.13 cm³,2894,2932,154879 mm,57,STR-Model,Structural Column,C2 700x700x10500,Column,95.610058,Stirrup / Tie,40 mm
10 mm,1789 mm,8006.92 cm³,2895,2933,101947 mm,57,STR-Model,Structural Column,C2 700x700x10500,Column,62.934423,Stirrup / Tie,40 mm
10 mm,1789 mm,8006.92 cm³,2896,2933,101947 mm,57,STR-Model,Structural Column,C2 700x700x10500,Column,62.934423,Stirrup / Tie,40 mm
10 mm,2607 mm,1842.90 cm³,2897,2934,23465 mm,9,STR-Model,Structural Column,C2 700x700x10500,Column,14.485175,Stirrup / Tie,40 mm
10 mm,2389 mm,1688.37 cm³,2898,2935,21497 mm,9,STR-Model,Structural Column,C2 700x700x10500,Column,13.270558,Stirrup / Tie,40 mm
10 mm,1569 mm,1108.74 cm³,2899,2936,14117 mm,9,STR-Model,Structural Column,C2 700x700x10500,Column,8.714715,Stirrup / Tie,40 mm
10 mm,2607 mm,1638.13 cm³,2897,2934,20857 mm,8,STR-Model,Structural Column,C2 700x700x10500,Column,12.875711,Stirrup / Tie,40 mm
10 mm,2389 mm,1500.77 cm³,2898,2935,19108 mm,8,STR-Model,Structural Column,C2 700x700x10500,Column,11.796052,Stirrup / Tie,40 mm
10 mm,1789 mm,1123.78 cm³,2896,2933,14308 mm,8,STR-Model,Structural Column,C2 700x700x10500,Column,8.832902,Stirrup / Tie,40 mm
10 mm,2491 mm,1760.47 cm³,2900,2937,22415 mm,9,STR-Model,Structural Column,C2 700x700x10500,Column,13.837309,Stirrup / Tie,40 mm
10 mm,1602 mm,1132.57 cm³,3237,3211,14420 mm,9,STR-Model,Structural Column,C2 700x700x10500,Column,8.902011,Stirrup / Tie,40 mm
10 mm,2148 mm,2868.17 cm³,200,200,36519 mm,17,STR-Model,Structural Column,C1 900x900x10500,Column,22.543837,Stirrup / Tie,40 mm
10 mm,2148 mm,2868.17 cm³,200,200,36519 mm,17,STR-Model,Structural Column,C1 900x900x10500,Column,22.543837,Stirrup / Tie,40 mm
10 mm,3436 mm,4588.13 cm³,202,202,58418 mm,17,STR-Model,Structural Column,C1 900x900x10500,Column,36.062737,Stirrup / Tie,40 mm
10 mm,2148 mm,2868.17 cm³,200,200,36519 mm,17,STR-Model,Structural Column,C1 900x900x10500,Column,22.543837,Stirrup / Tie,40 mm
10 mm,2148 mm,2868.17 cm³,200,200,36519 mm,17,STR-Model,Structural Column,C1 900x900x10500,Column,22.543837,Stirrup / Tie,40 mm
10 mm,2148 mm,9616.81 cm³,200,200,122445 mm,57,STR-Model,Structural Column,C1 900x900x10500,Column,75.588158,Stirrup / Tie,40 mm
10 mm,2148 mm,9616.81 cm³,200,200,122445 mm,57,STR-Model,Structural Column,C1 900x900x10500,Column,75.588158,Stirrup / Tie,40 mm
10 mm,3436 mm,15383.74 cm³,202,202,195872 mm,57,STR-Model,Structural Column,C1 900x900x10500,Column,120.916235,Stirrup / Tie,40 mm
10 mm,2148 mm,9616.81 cm³,200,200,122445 mm,57,STR-Model,Structural Column,C1 900x900x10500,Column,75.588158,Stirrup / Tie,40 mm
10 mm,2148 mm,9616.81 cm³,200,200,122445 mm,57,STR-Model,Structural Column,C1 900x900x10500,Column,75.588158,Stirrup / Tie,40 mm
10 mm,2148 mm,9616.81 cm³,200,200,122445 mm,57,STR-Model,Structural Column,C1 900x900x10500,Column,75.588158,Stirrup / Tie,40 mm
10 mm,2148 mm,9616.81 cm³,200,200,122445 mm,57,STR-Model,Structural Column,C1 900x900x10500,Column,75.588158,Stirrup / Tie,40 mm
10 mm,3436 mm,15383.74 cm³,202,202,195872 mm,57,STR-Model,Structural Column,C1 900x900x10500,Column,120.916235,Stirrup / Tie,40 mm
10 mm,2148 mm,9616.81 cm³,200,200,122445 mm,57,STR-Model,Structural Column,C1 900x900x10500,Column,75.588158,Stirrup / Tie,40 mm
10 mm,2148 mm,9616.81 cm³,200,200,122445 mm,57,STR-Model,Structural Column,C1 900x900x10500,Column,75.588158,Stirrup / Tie,40 mm
10 mm,1916 mm,1204.08 cm³,2903,2942,15331 mm,8,STR-Model,Structural Column,C4 500x500x10500,Column,9.464053,Stirrup / Tie,40 mm
10 mm,1371 mm,861.44 cm³,2904,2943,10968 mm,8,STR-Model,Structural Column,C4 500x500x10500,Column,6.770909,Stirrup / Tie,40 mm
10 mm,1371 mm,861.44 cm³,2904,2943,10968 mm,8,STR-Model,Structural Column,C4 500x500x10500,Column,6.770909,Stirrup / Tie,40 mm
10 mm,1916 mm,4816.31 cm³,2903,2942,61323 mm,32,STR-Model,Structural Column,C4 500x500x10500,Column,37.85621,Stirrup / Tie,40 mm
10 mm,1371 mm,3445.76 cm³,2904,2943,43873 mm,32,STR-Model,Structural Column,C4 500x500x10500,Column,27.083638,Stirrup / Tie,40 mm
10 mm,1371 mm,3445.76 cm³,2904,2943,43873 mm,32,STR-Model,Structural Column,C4 500x500x10500,Column,27.083638,Stirrup / Tie,40 mm
10 mm,1916 mm,3160.70 cm³,2903,2942,40243 mm,21,STR-Model,Structural Column,C4 500x500x10500,Column,24.843138,Stirrup / Tie,40 mm
10 mm,1371 mm,2261.28 cm³,2904,2943,28791 mm,21,STR-Model,Structural Column,C4 500x500x10500,Column,17.773637,Stirrup / Tie,40 mm
10 mm,1331 mm,2195.30 cm³,235,258,27951 mm,21,STR-Model,Structural Column,C4 500x500x10500,Column,17.255086,Stirrup / Tie,40 mm
10 mm,1916 mm,1354.59 cm³,2903,2942,17247 mm,9,STR-Model,Structural Column,C4 500x500x10500,Column,10.647059,Stirrup / Tie,40 mm
10 mm,1371 mm,969.12 cm³,2904,2943,12339 mm,9,STR-Model,Structural Column,C4 500x500x10500,Column,7.617273,Stirrup / Tie,40 mm
10 mm,1371 mm,969.12 cm³,2904,2943,12339 mm,9,STR-Model,Structural Column,C4 500x500x10500,Column,7.617273,Stirrup / Tie,40 mm
10 mm,1916 mm,1806.12 cm³,2903,2942,22996 mm,12,STR-Model,Structural Column,C4 500x500x10500,Column,14.196079,Stirrup / Tie,40 mm
10 mm,1371 mm,1292.16 cm³,2904,2943,16452 mm,12,STR-Model,Structural Column,C4 500x500x10500,Column,10.156364,Stirrup / Tie,40 mm
10 mm,1331 mm,1254.46 cm³,235,258,15972 mm,12,STR-Model,Structural Column,C4 500x500x10500,Column,9.860049,Stirrup / Tie,40 mm
10 mm,1916 mm,1204.08 cm³,2903,2942,15331 mm,8,STR-Model,Structural Column,C4 500x500x10500,Column,9.464053,Stirrup / Tie,40 mm
10 mm,1371 mm,861.44 cm³,2904,2943,10968 mm,8,STR-Model,Structural Column,C4 500x500x10500,Column,6.770909,Stirrup / Tie,40 mm
10 mm,1371 mm,861.44 cm³,2904,2943,10968 mm,8,STR-Model,Structural Column,C4 500x500x10500,Column,6.770909,Stirrup / Tie,40 mm
10 mm,7409 mm,4654.92 cm³,2977,3025,59268 mm,8,STR-OUTER STRUCTURES,Wall,,OS-CABLEBUS FOUNDATION,36.587694,Standard,40 mm
10 mm,7409 mm,4654.92 cm³,2977,3025,59268 mm,8,STR-OUTER STRUCTURES,Wall,,OS-CABLEBUS FOUNDATION,36.587694,Standard,40 mm
10 mm,8417 mm,5288.27 cm³,2979,3027,67332 mm,8,STR-OUTER STRUCTURES,Wall,,OS-CABLEBUS FOUNDATION,41.565786,Standard,40 mm
10 mm,8417 mm,5288.37 cm³,2980,3027,67334 mm,8,STR-OUTER STRUCTURES,Wall,,OS-CABLEBUS FOUNDATION,41.566597,Standard,40 mm
10 mm,7407 mm,4654.26 cm³,2988,3035,59260 mm,8,STR-OUTER STRUCTURES,Wall,,OS-CABLEBUS FOUNDATION,36.58247,Standard,40 mm
10 mm,7408 mm,4654.54 cm³,2989,3025,59263 mm,8,STR-OUTER STRUCTURES,Wall,,OS-CABLEBUS FOUNDATION,36.584666,Standard,40 mm
10 mm,7408 mm,4654.67 cm³,2990,3025,59265 mm,8,STR-OUTER STRUCTURES,Wall,,OS-CABLEBUS FOUNDATION,36.585733,Standard,40 mm
10 mm,7408 mm,4654.67 cm³,2990,3025,59265 mm,8,STR-OUTER STRUCTURES,Wall,,OS-CABLEBUS FOUNDATION,36.585718,Standard,40 mm
10 mm,7411 mm,6984.25 cm³,2993,3038,88926 mm,12,STR-OUTER STRUCTURES,Wall,,OS-CABLEBUS FOUNDATION,54.896231,Standard,40 mm
10 mm,7411 mm,6984.27 cm³,2993,3038,88926 mm,12,STR-OUTER STRUCTURES,Wall,,OS-CABLEBUS FOUNDATION,54.896356,Standard,40 mm
10 mm,9004 mm,5657.55 cm³,3003,3048,72034 mm,8,STR-OUTER STRUCTURES,Wall,,OS-CABLEBUS FOUNDATION,44.46834,Standard,40 mm
10 mm,9004 mm,5657.55 cm³,3003,3048,72034 mm,8,STR-OUTER STRUCTURES,Wall,,OS-CABLEBUS FOUNDATION,44.46834,Standard,40 mm
10 mm,7505 mm,4715.67 cm³,2997,3051,60042 mm,8,STR-OUTER STRUCTURES,Wall,,OS-CABLEBUS FOUNDATION,37.065163,Standard,40 mm
10 mm,7505 mm,4715.30 cm³,3004,3051,60037 mm,8,STR-OUTER STRUCTURES,Wall,,OS-CABLEBUS FOUNDATION,37.062227,Standard,40 mm
10 mm,1864 mm,1024.53 cm³,3005,3052,13045 mm,7,STR-OUTER STRUCTURES,Wall,,OS-CABLEBUS FOUNDATION,8.052841,Standard,40 mm
10 mm,7259 mm,3990.81 cm³,3049,3449,50813 mm,7,STR-OUTER STRUCTURES,Wall,,OS-CABLEBUS FOUNDATION,31.367771,Standard,40 mm
10 mm,7259 mm,3990.85 cm³,3050,3093,50813 mm,7,STR-OUTER STRUCTURES,Wall,,OS-CABLEBUS FOUNDATION,31.368045,Standard,40 mm
10 mm,8259 mm,4540.36 cm³,3052,3095,57810 mm,7,STR-OUTER STRUCTURES,Wall,,OS-CABLEBUS FOUNDATION,35.687269,Standard,40 mm
10 mm,8259 mm,4540.59 cm³,3053,3095,57813 mm,7,STR-OUTER STRUCTURES,Wall,,OS-CABLEBUS FOUNDATION,35.68901,Standard,40 mm
10 mm,1864 mm,1024.53 cm³,3005,3052,13045 mm,7,STR-OUTER STRUCTURES,Wall,,OS-CABLEBUS FOUNDATION,8.052841,Standard,40 mm
10 mm,1596 mm,1128.39 cm³,1932,1782,14367 mm,9,STR-OUTER STRUCTURES,Structural Framing,,OS-Stair,8.869169,Stirrup / Tie,40 mm
10 mm,1184 mm,836.74 cm³,1934,1784,10654 mm,9,STR-OUTER STRUCTURES,Structural Framing,,OS-Stair,6.57676,Stirrup / Tie,40 mm
10 mm,1297 mm,611.00 cm³,1523,1523,7780 mm,6,STR-Model,Wall,,Ramp,4.802467,Stirrup / Tie,40 mm
10 mm,1297 mm,611.00 cm³,1523,1523,7780 mm,6,STR-Model,Floor,,Ramp,4.802467,Stirrup / Tie,40 mm
10 mm,1245 mm,97.78 cm³,1524,1524,1245 mm,1,STR-Model,Wall,,Ramp,0.76853,Stirrup / Tie,40 mm
10 mm,1204 mm,94.55 cm³,1530,1424,1204 mm,1,STR-Model,Wall,,Ramp,0.743177,Stirrup / Tie,40 mm
10 mm,1164 mm,91.41 cm³,1529,1423,1164 mm,1,STR-Model,Wall,,Ramp,0.718485,Stirrup / Tie,40 mm
10 mm,1124 mm,88.27 cm³,1528,1422,1124 mm,1,STR-Model,Wall,,Ramp,0.693792,Stirrup / Tie,40 mm
10 mm,1084 mm,85.13 cm³,1527,1421,1084 mm,1,STR-Model,Wall,,Ramp,0.669099,Stirrup / Tie,40 mm
10 mm,1044 mm,81.99 cm³,1526,1526,1044 mm,1,STR-Model,Wall,,Ramp,0.644406,Stirrup / Tie,40 mm
10 mm,1007 mm,79.10 cm³,1525,1419,1007 mm,1,STR-Model,Wall,,Ramp,0.621726,Stirrup / Tie,40 mm
10 mm,1245 mm,97.78 cm³,1524,1524,1245 mm,1,STR-Model,Floor,,Ramp,0.76853,Stirrup / Tie,40 mm
10 mm,1204 mm,94.55 cm³,1530,1424,1204 mm,1,STR-Model,Floor,,Ramp,0.743177,Stirrup / Tie,40 mm
10 mm,1164 mm,91.41 cm³,1529,1423,1164 mm,1,STR-Model,Floor,,Ramp,0.718485,Stirrup / Tie,40 mm
10 mm,1124 mm,88.27 cm³,1528,1422,1124 mm,1,STR-Model,Floor,,Ramp,0.693792,Stirrup / Tie,40 mm
10 mm,1084 mm,85.13 cm³,1527,1421,1084 mm,1,STR-Model,Floor,,Ramp,0.669099,Stirrup / Tie,40 mm
10 mm,1044 mm,81.99 cm³,1526,1526,1044 mm,1,STR-Model,Floor,,Ramp,0.644406,Stirrup / Tie,40 mm
10 mm,1007 mm,79.10 cm³,1525,1419,1007 mm,1,STR-Model,Floor,,Ramp,0.621726,Stirrup / Tie,40 mm
10 mm,1043 mm,1475.21 cm³,1518,1413,18783 mm,18,STR-Model,Slab Edge,,Ramp,11.595148,Stirrup / Tie,40 mm
10 mm,1076 mm,1521.36 cm³,3385,3312,19371 mm,18,STR-Model,Slab Edge,,Ramp,11.957927,Stirrup / Tie,40 mm
10 mm,1157 mm,1090.12 cm³,3242,3217,13880 mm,12,STR-Model,Slab Edge,,Ramp,8.568335,Stirrup / Tie,40 mm
10 mm,1357 mm,745.80 cm³,3243,3240,9496 mm,7,STR-Model,Wall,,Ramp,5.862004,Stirrup / Tie,40 mm
10 mm,1305 mm,102.49 cm³,3265,3241,1305 mm,1,STR-Model,Wall,,Ramp,0.805548,Stirrup / Tie,40 mm
10 mm,1264 mm,99.26 cm³,3245,3220,1264 mm,1,STR-Model,Wall,,Ramp,0.780217,Stirrup / Tie,40 mm
10 mm,1224 mm,96.12 cm³,3246,3221,1224 mm,1,STR-Model,Wall,,Ramp,0.755524,Stirrup / Tie,40 mm
10 mm,1184 mm,92.98 cm³,3247,3222,1184 mm,1,STR-Model,Wall,,Ramp,0.730831,Stirrup / Tie,40 mm
10 mm,1144 mm,89.84 cm³,3248,3223,1144 mm,1,STR-Model,Wall,,Ramp,0.706138,Stirrup / Tie,40 mm
10 mm,1104 mm,86.70 cm³,3249,3224,1104 mm,1,STR-Model,Wall,,Ramp,0.681445,Stirrup / Tie,40 mm
10 mm,1067 mm,83.81 cm³,3250,3225,1067 mm,1,STR-Model,Wall,,Ramp,0.658766,Stirrup / Tie,40 mm
10 mm,1357 mm,745.80 cm³,3251,3240,9496 mm,7,STR-Model,Wall,,Ramp,5.862004,Stirrup / Tie,40 mm
10 mm,1104 mm,86.70 cm³,3249,3224,1104 mm,1,STR-Model,Wall,,Ramp,0.681445,Stirrup / Tie,40 mm
10 mm,1067 mm,83.81 cm³,3250,3225,1067 mm,1,STR-Model,Wall,,Ramp,0.658766,Stirrup / Tie,40 mm
10 mm,1305 mm,102.49 cm³,3265,3241,1305 mm,1,STR-Model,Wall,,Ramp,0.805548,Stirrup / Tie,40 mm
10 mm,1264 mm,99.26 cm³,3245,3220,1264 mm,1,STR-Model,Wall,,Ramp,0.780217,Stirrup / Tie,40 mm
10 mm,1224 mm,96.12 cm³,3246,3221,1224 mm,1,STR-Model,Wall,,Ramp,0.755524,Stirrup / Tie,40 mm
10 mm,1184 mm,92.98 cm³,3247,3222,1184 mm,1,STR-Model,Wall,,Ramp,0.730831,Stirrup / Tie,40 mm
10 mm,1144 mm,89.84 cm³,3248,3223,1144 mm,1,STR-Model,Wall,,Ramp,0.706138,Stirrup / Tie,40 mm
10 mm,1067 mm,83.81 cm³,3250,3225,1067 mm,1,STR-Model,Wall,,Ramp,0.658766,Stirrup / Tie,40 mm
10 mm,1096 mm,1291.67 cm³,3257,3232,16446 mm,15,STR-Model,Slab Edge,,Ramp,10.152501,Stirrup / Tie,40 mm
10 mm,1176 mm,646.73 cm³,3376,3313,8234 mm,7,STR-Model,Wall,,Ramp,5.083313,Stirrup / Tie,40 mm
10 mm,1145 mm,89.93 cm³,3406,3314,1145 mm,1,STR-Model,Wall,,Ramp,0.706889,Stirrup / Tie,40 mm
10 mm,1121 mm,88.05 cm³,3408,3315,1121 mm,1,STR-Model,Wall,,Ramp,0.692073,Stirrup / Tie,40 mm
10 mm,1097 mm,86.17 cm³,3363,3316,1097 mm,1,STR-Model,Wall,,Ramp,0.677257,Stirrup / Tie,40 mm
10 mm,1073 mm,84.28 cm³,3407,3317,1073 mm,1,STR-Model,Wall,,Ramp,0.662442,Stirrup / Tie,40 mm
10 mm,1049 mm,82.40 cm³,3404,3318,1049 mm,1,STR-Model,Wall,,Ramp,0.647626,Stirrup / Tie,40 mm
10 mm,1025 mm,80.51 cm³,3403,3319,1025 mm,1,STR-Model,Wall,,Ramp,0.63281,Stirrup / Tie,40 mm
10 mm,1003 mm,78.78 cm³,3405,3320,1003 mm,1,STR-Model,Wall,,Ramp,0.619203,Stirrup / Tie,40 mm
10 mm,1176 mm,646.73 cm³,3376,3313,8234 mm,7,STR-Model,Wall,,Ramp,5.083313,Stirrup / Tie,40 mm
10 mm,1145 mm,89.93 cm³,3406,3314,1145 mm,1,STR-Model,Wall,,Ramp,0.706889,Stirrup / Tie,40 mm
10 mm,1121 mm,88.05 cm³,3408,3315,1121 mm,1,STR-Model,Wall,,Ramp,0.692073,Stirrup / Tie,40 mm
10 mm,1097 mm,86.16 cm³,3363,3321,1097 mm,1,STR-Model,Wall,,Ramp,0.677185,Stirrup / Tie,40 mm
10 mm,1073 mm,84.28 cm³,3407,3317,1073 mm,1,STR-Model,Wall,,Ramp,0.662442,Stirrup / Tie,40 mm
10 mm,1049 mm,82.40 cm³,3404,3318,1049 mm,1,STR-Model,Wall,,Ramp,0.647626,Stirrup / Tie,40 mm
10 mm,1025 mm,80.51 cm³,3403,3319,1025 mm,1,STR-Model,Wall,,Ramp,0.63281,Stirrup / Tie,40 mm
10 mm,1003 mm,78.78 cm³,3405,3320,1003 mm,1,STR-Model,Wall,,Ramp,0.619203,Stirrup / Tie,40 mm
10 mm,1063 mm,917.98 cm³,3341,3243,11688 mm,11,STR-Model,Floor,,Ramp,7.215343,Stirrup / Tie,40 mm
10 mm,1115 mm,963.71 cm³,3339,3244,12270 mm,11,STR-Model,Slab Edge,,Ramp,7.574768,Stirrup / Tie,40 mm
10 mm,1125 mm,88.37 cm³,3300,3273,1125 mm,1,STR-Model,Wall,,Ramp,0.694554,Stirrup / Tie,40 mm
10 mm,1196 mm,93.90 cm³,3302,3275,1196 mm,1,STR-Model,Wall,,Ramp,0.738027,Stirrup / Tie,40 mm
10 mm,1296 mm,1119.97 cm³,2006,1564,14260 mm,11,STR-Model,Wall,,Ramp,8.80293,Stirrup / Tie,40 mm
10 mm,1260 mm,98.96 cm³,3304,3277,1260 mm,1,STR-Model,Wall,,Ramp,0.777855,Stirrup / Tie,40 mm
10 mm,1229 mm,96.55 cm³,3303,3276,1229 mm,1,STR-Model,Wall,,Ramp,0.758901,Stirrup / Tie,40 mm
10 mm,1161 mm,91.15 cm³,3301,3274,1161 mm,1,STR-Model,Wall,,Ramp,0.716453,Stirrup / Tie,40 mm
10 mm,1096 mm,86.10 cm³,3299,3272,1096 mm,1,STR-Model,Wall,,Ramp,0.676764,Stirrup / Tie,40 mm
10 mm,1054 mm,82.80 cm³,3298,3271,1054 mm,1,STR-Model,Wall,,Ramp,0.650781,Stirrup / Tie,40 mm
10 mm,1008 mm,79.15 cm³,1676,1535,1008 mm,1,STR-Model,Wall,,Ramp,0.622089,Stirrup / Tie,40 mm
10 mm,1125 mm,88.37 cm³,3300,3273,1125 mm,1,STR-Model,Wall,,Ramp,0.694554,Stirrup / Tie,40 mm
10 mm,1196 mm,93.90 cm³,3302,3275,1196 mm,1,STR-Model,Wall,,Ramp,0.738036,Stirrup / Tie,40 mm
10 mm,1296 mm,1119.97 cm³,2006,1564,14260 mm,11,STR-Model,Wall,,Ramp,8.80293,Stirrup / Tie,40 mm
10 mm,1260 mm,98.96 cm³,3304,3277,1260 mm,1,STR-Model,Wall,,Ramp,0.777855,Stirrup / Tie,40 mm
10 mm,1229 mm,96.55 cm³,3303,3276,1229 mm,1,STR-Model,Wall,,Ramp,0.758901,Stirrup / Tie,40 mm
10 mm,1161 mm,91.15 cm³,3301,3274,1161 mm,1,STR-Model,Wall,,Ramp,0.716453,Stirrup / Tie,40 mm
10 mm,1096 mm,86.10 cm³,3299,3272,1096 mm,1,STR-Model,Wall,,Ramp,0.676724,Stirrup / Tie,40 mm
10 mm,1054 mm,82.79 cm³,3298,3271,1054 mm,1,STR-Model,Wall,,Ramp,0.650751,Stirrup / Tie,40 mm
10 mm,1008 mm,79.15 cm³,1676,1535,1008 mm,1,STR-Model,Wall,,Ramp,0.622089,Stirrup / Tie,40 mm
10 mm,1344 mm,738.64 cm³,3279,3254,9405 mm,7,STR-Model,Slab Edge,,Ramp,5.805715,Stirrup / Tie,40 mm
10 mm,1070 mm,588.47 cm³,3278,3253,7493 mm,7,STR-Model,Slab Edge,,Ramp,4.625381,Stirrup / Tie,40 mm
10 mm,1036 mm,81.39 cm³,3292,3265,1036 mm,1,STR-Model,Wall,,Ramp,0.639762,Stirrup / Tie,40 mm
10 mm,1036 mm,81.39 cm³,3292,3265,1036 mm,1,STR-Model,Wall,,Ramp,0.639762,Stirrup / Tie,40 mm
10 mm,1062 mm,2336.23 cm³,3267,3243,29746 mm,28,STR-Model,Floor,,Ramp,18.362757,Stirrup / Tie,40 mm
10 mm,1176 mm,646.73 cm³,3376,NA,8234 mm,7,STR-Model,Wall,,Ramp,5.08332,Stirrup / Tie,40 mm
10 mm,1142 mm,89.71 cm³,3383,NA,1142 mm,1,STR-Model,Wall,,Ramp,0.705092,Stirrup / Tie,40 mm
10 mm,1118 mm,87.82 cm³,3382,NA,1118 mm,1,STR-Model,Wall,,Ramp,0.690276,Stirrup / Tie,40 mm
10 mm,1094 mm,85.94 cm³,3381,NA,1094 mm,1,STR-Model,Wall,,Ramp,0.67546,Stirrup / Tie,40 mm
10 mm,1070 mm,84.05 cm³,3380,NA,1070 mm,1,STR-Model,Wall,,Ramp,0.660645,Stirrup / Tie,40 mm
10 mm,1046 mm,82.17 cm³,3379,NA,1046 mm,1,STR-Model,Wall,,Ramp,0.645829,Stirrup / Tie,40 mm
10 mm,1022 mm,80.28 cm³,3378,NA,1022 mm,1,STR-Model,Wall,,Ramp,0.631013,Stirrup / Tie,40 mm
10 mm,1000 mm,78.55 cm³,3377,NA,1000 mm,1,STR-Model,Wall,,Ramp,0.617406,Stirrup / Tie,40 mm
10 mm,1072 mm,2273.41 cm³,3273,3244,28946 mm,27,STR-Model,Slab Edge,,Ramp,17.869,Stirrup / Tie,40 mm
10 mm,1176 mm,646.73 cm³,3376,,8234 mm,7,STR-Model,Wall,,Ramp,5.08332,Stirrup / Tie,40 mm
10 mm,1142 mm,89.71 cm³,3383,,1142 mm,1,STR-Model,Wall,,Ramp,0.705092,Stirrup / Tie,40 mm
10 mm,1118 mm,87.82 cm³,3382,,1118 mm,1,STR-Model,Wall,,Ramp,0.690276,Stirrup / Tie,40 mm
10 mm,1094 mm,85.94 cm³,3381,,1094 mm,1,STR-Model,Wall,,Ramp,0.67546,Stirrup / Tie,40 mm
10 mm,1070 mm,84.05 cm³,3380,,1070 mm,1,STR-Model,Wall,,Ramp,0.660645,Stirrup / Tie,40 mm
10 mm,1046 mm,82.17 cm³,3379,,1046 mm,1,STR-Model,Wall,,Ramp,0.645829,Stirrup / Tie,40 mm
10 mm,1022 mm,80.28 cm³,3378,,1022 mm,1,STR-Model,Wall,,Ramp,0.631013,Stirrup / Tie,40 mm
10 mm,1000 mm,78.55 cm³,3377,,1000 mm,1,STR-Model,Wall,,Ramp,0.617406,Stirrup / Tie,40 mm
10 mm,1396 mm,1316.03 cm³,3317,3290,16756 mm,12,STR-Model,Structural Framing,,OS-Stair,10.343984,Stirrup / Tie,40 mm
10 mm,1036 mm,2279.07 cm³,3410,,29018 mm,28,STR-Model,Structural Column,,Column,17.913467,Stirrup / Tie,40 mm
10 mm,1129 mm,2481.94 cm³,240,,31601 mm,28,STR-Model,Structural Column,,Column,19.50806,Stirrup / Tie,40 mm
10 mm,1036 mm,651.16 cm³,3410,,8291 mm,8,STR-Model,Structural Column,,Column,5.118133,Stirrup / Tie,40 mm
10 mm,1110 mm,697.67 cm³,216,,8883 mm,8,STR-Model,Structural Column,,Column,5.483687,Stirrup / Tie,40 mm
10 mm,1036 mm,2360.46 cm³,3410,,30054 mm,29,STR-Model,Structural Column,,Column,18.553233,Stirrup / Tie,40 mm
10 mm,1129 mm,2570.58 cm³,240,,32730 mm,29,STR-Model,Structural Column,,Column,20.204776,Stirrup / Tie,40 mm
10 mm,1036 mm,651.16 cm³,3410,,8291 mm,8,STR-Model,Structural Column,,Column,5.118133,Stirrup / Tie,40 mm
10 mm,1110 mm,697.67 cm³,216,,8883 mm,8,STR-Model,Structural Column,,Column,5.483687,Stirrup / Tie,40 mm
10 mm,1796 mm,1128.68 cm³,3498,1777,14371 mm,8,STR-OUTER STRUCTURES,Structural Column,,OS-CABLEBUS FOUNDATION,8.871422,Stirrup / Tie,40 mm
10 mm,1296 mm,814.55 cm³,1935,1785,10371 mm,8,STR-OUTER STRUCTURES,Structural Column,,OS-CABLEBUS FOUNDATION,6.402357,Stirrup / Tie,40 mm
10 mm,1796 mm,1128.68 cm³,3498,1777,14371 mm,8,STR-OUTER STRUCTURES,Structural Column,,OS-CABLEBUS FOUNDATION,8.871422,Stirrup / Tie,40 mm
10 mm,1296 mm,814.55 cm³,1935,1785,10371 mm,8,STR-OUTER STRUCTURES,Structural Column,,OS-CABLEBUS FOUNDATION,6.402357,Stirrup / Tie,40 mm
10 mm,1796 mm,1128.68 cm³,3498,1777,14371 mm,8,STR-OUTER STRUCTURES,Structural Column,,OS-Stair,8.871422,Stirrup / Tie,40 mm
10 mm,1336 mm,839.65 cm³,3065,3109,10691 mm,8,STR-OUTER STRUCTURES,Structural Column,,OS-Stair,6.599674,Stirrup / Tie,40 mm
10 mm,1796 mm,1128.68 cm³,3498,1777,14371 mm,8,STR-OUTER STRUCTURES,Structural Column,,OS-CABLEBUS FOUNDATION,8.871422,Stirrup / Tie,40 mm
10 mm,1336 mm,839.65 cm³,3065,3109,10691 mm,8,STR-OUTER STRUCTURES,Structural Column,,OS-CABLEBUS FOUNDATION,6.599674,Stirrup / Tie,40 mm
10 mm,1796 mm,1128.68 cm³,3498,1777,14371 mm,8,STR-OUTER STRUCTURES,Structural Column,,OS-CABLEBUS FOUNDATION,8.871422,Stirrup / Tie,40 mm
10 mm,1296 mm,814.55 cm³,1935,1785,10371 mm,8,STR-OUTER STRUCTURES,Structural Column,,OS-CABLEBUS FOUNDATION,6.402357,Stirrup / Tie,40 mm
10 mm,1796 mm,1269.76 cm³,3498,1777,16167 mm,9,STR-OUTER STRUCTURES,Structural Column,,OS-Stair,9.98035,Stirrup / Tie,40 mm
10 mm,1296 mm,916.37 cm³,1935,1785,11668 mm,9,STR-OUTER STRUCTURES,Structural Column,,OS-Stair,7.202651,Stirrup / Tie,40 mm
10 mm,1796 mm,1269.76 cm³,3498,1777,16167 mm,9,STR-OUTER STRUCTURES,Structural Column,,OS-Stair,9.98035,Stirrup / Tie,40 mm
10 mm,1296 mm,916.37 cm³,1935,1785,11668 mm,9,STR-OUTER STRUCTURES,Structural Column,,OS-Stair,7.202651,Stirrup / Tie,40 mm
10 mm,1896 mm,1042.57 cm³,1954,1954,13274 mm,7,STR-OUTER STRUCTURES,Structural Column,P2 650X400X1250,OS-Stair,8.194616,Stirrup / Tie,40 mm
10 mm,1396 mm,767.67 cm³,1921,1921,9774 mm,7,STR-OUTER STRUCTURES,Structural Column,P2 650X400X1250,OS-Stair,6.03388,Stirrup / Tie,40 mm
10 mm,1896 mm,1042.57 cm³,1954,1954,13274 mm,7,STR-OUTER STRUCTURES,Structural Column,P2 650X400X1250,OS-Stair,8.194616,Stirrup / Tie,40 mm
10 mm,1396 mm,767.67 cm³,1921,1921,9774 mm,7,STR-OUTER STRUCTURES,Structural Column,P2 650X400X1250,OS-Stair,6.03388,Stirrup / Tie,40 mm
10 mm,1896 mm,1042.57 cm³,1954,1954,13274 mm,7,STR-OUTER STRUCTURES,Structural Column,P2 650X400X1250,OS-Stair,8.194616,Stirrup / Tie,40 mm
10 mm,1396 mm,767.67 cm³,1921,1921,9774 mm,7,STR-OUTER STRUCTURES,Structural Column,P2 650X400X1250,OS-Stair,6.03388,Stirrup / Tie,40 mm
10 mm,1396 mm,767.68 cm³,1949,1921,9774 mm,7,STR-OUTER STRUCTURES,Structural Column,P1 400X400X1250,OS-Stair,6.033984,Stirrup / Tie,40 mm
10 mm,1078 mm,592.65 cm³,1923,1770,7546 mm,7,STR-OUTER STRUCTURES,Structural Column,P1 400X400X1250,OS-Stair,4.658267,Stirrup / Tie,40 mm
10 mm,1396 mm,767.68 cm³,1949,1921,9774 mm,7,STR-OUTER STRUCTURES,Structural Column,P1 400X400X1250,OS-Stair,6.033984,Stirrup / Tie,40 mm
10 mm,1078 mm,592.65 cm³,1923,1770,7546 mm,7,STR-OUTER STRUCTURES,Structural Column,P1 400X400X1250,OS-Stair,4.658267,Stirrup / Tie,40 mm
10 mm,1396 mm,877.35 cm³,1921,1921,11171 mm,8,STR-OUTER STRUCTURES,Structural Column,P1 400X400X1250,OS-CABLEBUS FOUNDATION,6.895989,Stirrup / Tie,40 mm
10 mm,1121 mm,704.17 cm³,3068,3114,8966 mm,8,STR-OUTER STRUCTURES,Structural Column,P1 400X400X1250,OS-CABLEBUS FOUNDATION,5.534813,Stirrup / Tie,40 mm
10 mm,1396 mm,877.35 cm³,1921,1921,11171 mm,8,STR-OUTER STRUCTURES,Structural Column,P1 400X400X1250,OS-CABLEBUS FOUNDATION,6.895989,Stirrup / Tie,40 mm
10 mm,1121 mm,704.17 cm³,3068,3114,8966 mm,8,STR-OUTER STRUCTURES,Structural Column,P1 400X400X1250,OS-CABLEBUS FOUNDATION,5.534813,Stirrup / Tie,40 mm
10 mm,1496 mm,1057.71 cm³,1866,1866,13467 mm,9,STR-OUTER STRUCTURES,Structural Column,AHU SHADE,OS-AHU,8.313578,Stirrup / Tie,40 mm
10 mm,1206 mm,852.72 cm³,3056,3099,10857 mm,9,STR-OUTER STRUCTURES,Structural Column,AHU SHADE,OS-AHU,6.702365,Stirrup / Tie,40 mm
10 mm,1106 mm,782.03 cm³,3057,3100,9957 mm,9,STR-OUTER STRUCTURES,Structural Column,AHU SHADE,OS-AHU,6.146775,Stirrup / Tie,40 mm
10 mm,1496 mm,1057.71 cm³,1866,1866,13467 mm,9,STR-OUTER STRUCTURES,Structural Column,AHU SHADE,OS-AHU,8.313578,Stirrup / Tie,40 mm
10 mm,1206 mm,852.72 cm³,3056,3099,10857 mm,9,STR-OUTER STRUCTURES,Structural Column,AHU SHADE,OS-AHU,6.702365,Stirrup / Tie,40 mm
10 mm,1106 mm,782.03 cm³,3057,3100,9957 mm,9,STR-OUTER STRUCTURES,Structural Column,AHU SHADE,OS-AHU,6.146775,Stirrup / Tie,40 mm
10 mm,1496 mm,1057.71 cm³,1866,1866,13467 mm,9,STR-OUTER STRUCTURES,Structural Column,AHU SHADE,OS-AHU,8.313578,Stirrup / Tie,40 mm
10 mm,1206 mm,852.72 cm³,3056,3099,10857 mm,9,STR-OUTER STRUCTURES,Structural Column,AHU SHADE,OS-AHU,6.702365,Stirrup / Tie,40 mm
10 mm,1106 mm,782.03 cm³,3057,3100,9957 mm,9,STR-OUTER STRUCTURES,Structural Column,AHU SHADE,OS-AHU,6.146775,Stirrup / Tie,40 mm
10 mm,1496 mm,1057.71 cm³,1866,1866,13467 mm,9,STR-OUTER STRUCTURES,Structural Column,AHU SHADE,OS-AHU,8.313578,Stirrup / Tie,40 mm
10 mm,1206 mm,852.72 cm³,3056,3099,10857 mm,9,STR-OUTER STRUCTURES,Structural Column,AHU SHADE,OS-AHU,6.702365,Stirrup / Tie,40 mm
10 mm,1106 mm,782.03 cm³,3057,3100,9957 mm,9,STR-OUTER STRUCTURES,Structural Column,AHU SHADE,OS-AHU,6.146775,Stirrup / Tie,40 mm
10 mm,3490 mm,2467.18 cm³,2925,2967,31413 mm,9,STR-OUTER STRUCTURES,Structural Column,PC2 550X1300X1050,OS-CABLEBUS FOUNDATION,19.392056,Stirrup / Tie,40 mm
10 mm,3051 mm,2156.94 cm³,2926,2968,27463 mm,9,STR-OUTER STRUCTURES,Structural Column,PC2 550X1300X1050,OS-CABLEBUS FOUNDATION,16.953576,Stirrup / Tie,40 mm
10 mm,1810 mm,1279.24 cm³,3012,3058,16288 mm,9,STR-OUTER STRUCTURES,Structural Column,PC2 550X1300X1050,OS-CABLEBUS FOUNDATION,10.054809,Stirrup / Tie,40 mm
10 mm,1810 mm,1279.24 cm³,3012,3058,16288 mm,9,STR-OUTER STRUCTURES,Structural Column,PC2 550X1300X1050,OS-CABLEBUS FOUNDATION,10.054809,Stirrup / Tie,40 mm
10 mm,3490 mm,2467.18 cm³,2925,2967,31413 mm,9,STR-OUTER STRUCTURES,Structural Column,PC2 550X1300X1050,OS-CABLEBUS FOUNDATION,19.392056,Stirrup / Tie,40 mm
10 mm,3051 mm,2156.94 cm³,2926,2968,27463 mm,9,STR-OUTER STRUCTURES,Structural Column,PC2 550X1300X1050,OS-CABLEBUS FOUNDATION,16.953576,Stirrup / Tie,40 mm
10 mm,1810 mm,1279.24 cm³,3012,3058,16288 mm,9,STR-OUTER STRUCTURES,Structural Column,PC2 550X1300X1050,OS-CABLEBUS FOUNDATION,10.054809,Stirrup / Tie,40 mm
10 mm,1810 mm,1279.24 cm³,3012,3058,16288 mm,9,STR-OUTER STRUCTURES,Structural Column,PC2 550X1300X1050,OS-CABLEBUS FOUNDATION,10.054809,Stirrup / Tie,40 mm
10 mm,2396 mm,941.04 cm³,3562,3506,11982 mm,5,STR-OUTER STRUCTURES,Structural Foundation,,OS-LP,7.396608,Stirrup / Tie,40 mm
12 mm,2450 mm,1385.58 cm³,90,79,12251 mm,5,STR-Model,Structural Foundation,F3,Footing,10.890678,Standard,48 mm
12 mm,2450 mm,1385.58 cm³,92,92,12251 mm,5,STR-Model,Structural Foundation,F3,Footing,10.890678,Standard,48 mm
12 mm,3200 mm,1809.64 cm³,91,78,16001 mm,5,STR-Model,Structural Foundation,F3,Footing,14.223801,Standard,48 mm
12 mm,3200 mm,1809.70 cm³,91,78,16001 mm,5,STR-Model,Structural Foundation,F3,Footing,14.224276,Standard,48 mm
12 mm,2950 mm,1334.58 cm³,107,95,11800 mm,4,STR-Model,Structural Foundation,F2,Footing,10.489812,Standard,48 mm
12 mm,2950 mm,1334.63 cm³,107,95,11801 mm,4,STR-Model,Structural Foundation,F2,Footing,10.490192,Standard,48 mm
12 mm,2450 mm,1108.46 cm³,90,90,9801 mm,4,STR-Model,Structural Foundation,F2,Footing,8.712523,Standard,48 mm
12 mm,2450 mm,1108.47 cm³,90,90,9801 mm,4,STR-Model,Structural Foundation,F2,Footing,8.712543,Standard,48 mm
12 mm,3300 mm,2985.99 cm³,110,99,26402 mm,8,STR-Model,Structural Foundation,F9,Footing,23.469912,Standard,48 mm
12 mm,1600 mm,2895.74 cm³,112,101,25604 mm,16,STR-Model,Structural Foundation,F9,Footing,22.760518,Standard,48 mm
12 mm,1600 mm,2895.74 cm³,112,101,25604 mm,16,STR-Model,Structural Foundation,F9,Footing,22.760518,Standard,48 mm
12 mm,2400 mm,1085.76 cm³,138,124,9600 mm,4,STR-Model,Structural Foundation,F4A,Footing,8.534042,Standard,48 mm
12 mm,2400 mm,1085.76 cm³,138,124,9600 mm,4,STR-Model,Structural Foundation,F4A,Footing,8.534042,Standard,48 mm
12 mm,2960 mm,1339.18 cm³,193,193,11841 mm,4,STR-Model,Wall,W3,Footing,10.525986,Standard,48 mm
12 mm,2430 mm,1099.42 cm³,194,194,9721 mm,4,STR-Model,Wall,W3,Footing,8.641407,Standard,48 mm
12 mm,2430 mm,1099.42 cm³,194,194,9721 mm,4,STR-Model,Wall,W3,Footing,8.641407,Standard,48 mm
12 mm,2960 mm,1339.18 cm³,193,193,11841 mm,4,STR-Model,Wall,W3,Footing,10.525986,Standard,48 mm
12 mm,2489 mm,15764.09 cm³,289,289,139385 mm,56,STR-Model,Wall,W1,Wall,123.905727,Standard,48 mm
12 mm,2489 mm,15763.26 cm³,289,289,139378 mm,56,STR-Model,Wall,W1,Wall,123.899257,Standard,48 mm
12 mm,3239 mm,20511.54 cm³,290,302,181362 mm,56,STR-Model,Wall,W1,Wall,161.220687,Standard,48 mm
12 mm,3239 mm,20511.18 cm³,290,302,181359 mm,56,STR-Model,Wall,W1,Wall,161.217898,Standard,48 mm
12 mm,2990 mm,18938.59 cm³,321,332,167454 mm,56,STR-Model,Wall,W2,Wall,148.857295,Standard,48 mm
12 mm,2990 mm,18938.59 cm³,321,332,167454 mm,56,STR-Model,Wall,W2,Wall,148.857295,Standard,48 mm
12 mm,2490 mm,15771.86 cm³,308,319,139454 mm,56,STR-Model,Wall,W2,Wall,123.966833,Standard,48 mm
12 mm,2490 mm,15771.86 cm³,308,319,139454 mm,56,STR-Model,Wall,W2,Wall,123.966833,Standard,48 mm
12 mm,2440 mm,10211.46 cm³,336,336,90289 mm,37,STR-Model,Wall,W4,Wall,80.262109,Standard,48 mm
12 mm,2440 mm,10211.46 cm³,336,336,90289 mm,37,STR-Model,Wall,W4,Wall,80.262109,Standard,48 mm
12 mm,3000 mm,3053.88 cm³,353,353,27002 mm,9,STR-Model,Wall,W3,Wall,24.003499,Standard,48 mm
12 mm,2505 mm,2550.10 cm³,1915,1646,22548 mm,9,STR-Model,Wall,W3,Wall,20.043781,Standard,48 mm
12 mm,2500 mm,2544.94 cm³,354,354,22502 mm,9,STR-Model,Wall,W3,Wall,20.003246,Standard,48 mm
12 mm,3000 mm,3053.88 cm³,353,353,27002 mm,9,STR-Model,Wall,W3,Wall,24.003499,Standard,48 mm
12 mm,2583 mm,292.15 cm³,346,360,2583 mm,1,STR-Model,Structural Column,,Corbel,2.296338,Stirrup / Tie,48 mm
12 mm,2731 mm,308.91 cm³,345,345,2731 mm,1,STR-Model,Structural Column,,Corbel,2.428024,Stirrup / Tie,48 mm
12 mm,2885 mm,326.31 cm³,344,344,2885 mm,1,STR-Model,Structural Column,,Corbel,2.5648,Stirrup / Tie,48 mm
12 mm,3035 mm,343.27 cm³,350,357,3035 mm,1,STR-Model,Structural Column,,Corbel,2.698141,Stirrup / Tie,48 mm
12 mm,3035 mm,343.27 cm³,350,357,3035 mm,1,STR-Model,Structural Column,,Corbel,2.698141,Stirrup / Tie,48 mm
12 mm,1240 mm,3646.26 cm³,797,804,32240 mm,26,STR-OUTER STRUCTURES,Floor,,VaCh1-REBAR,28.659589,Standard,12 mm
12 mm,4100 mm,4636.99 cm³,798,798,41000 mm,10,STR-OUTER STRUCTURES,Floor,,VaCh1-REBAR,36.446747,Standard,12 mm
12 mm,1892 mm,5562.60 cm³,799,799,49184 mm,26,STR-OUTER STRUCTURES,Floor,,VaCh1-REBAR,43.722031,Standard,12 mm
12 mm,5242 mm,5928.22 cm³,800,805,52417 mm,10,STR-OUTER STRUCTURES,Floor,,VaCh1-REBAR,46.595825,Standard,12 mm
12 mm,1540 mm,4529.69 cm³,801,5,40051 mm,26,STR-OUTER STRUCTURES,Floor,,VaCh1-REBAR,35.603344,Standard,12 mm
12 mm,5000 mm,1696.46 cm³,802,6,15000 mm,3,STR-OUTER STRUCTURES,Slab Edge,,VaCh1-REBAR,13.334176,Standard,12 mm
12 mm,1541 mm,4530.05 cm³,803,7,40054 mm,26,STR-OUTER STRUCTURES,Floor,,VaCh1-REBAR,35.606175,Standard,12 mm
12 mm,5000 mm,1696.46 cm³,802,6,15000 mm,3,STR-OUTER STRUCTURES,Slab Edge,,VaCh1-REBAR,13.334176,Standard,12 mm
12 mm,5000 mm,565.49 cm³,802,6,5000 mm,1,STR-OUTER STRUCTURES,Floor,,VaCh1-REBAR,4.444725,Standard,12 mm
12 mm,5000 mm,565.49 cm³,802,6,5000 mm,1,STR-OUTER STRUCTURES,Floor,,VaCh1-REBAR,4.444725,Standard,12 mm
12 mm,613 mm,69.37 cm³,804,806,613 mm,1,STR-OUTER STRUCTURES,Wall,,VaCh1-REBAR,0.545273,Standard,12 mm
12 mm,1079 mm,122.05 cm³,805,9,1079 mm,1,STR-OUTER STRUCTURES,Wall,,VaCh1-REBAR,0.959314,Standard,12 mm
12 mm,1614 mm,182.55 cm³,806,807,1614 mm,1,STR-OUTER STRUCTURES,Wall,,VaCh1-REBAR,1.434866,Standard,12 mm
12 mm,1924 mm,435.13 cm³,807,808,3847 mm,2,STR-OUTER STRUCTURES,Wall,,VaCh1-REBAR,3.420126,Standard,12 mm
12 mm,1244 mm,140.67 cm³,808,12,1244 mm,1,STR-OUTER STRUCTURES,Wall,,VaCh1-REBAR,1.10565,Standard,12 mm
12 mm,1191 mm,134.75 cm³,809,13,1191 mm,1,STR-OUTER STRUCTURES,Wall,,VaCh1-REBAR,1.059097,Standard,12 mm
12 mm,1131 mm,127.90 cm³,810,14,1131 mm,1,STR-OUTER STRUCTURES,Wall,,VaCh1-REBAR,1.005265,Standard,12 mm
12 mm,1070 mm,121.05 cm³,811,15,1070 mm,1,STR-OUTER STRUCTURES,Wall,,VaCh1-REBAR,0.951433,Standard,12 mm
12 mm,1010 mm,114.20 cm³,812,16,1010 mm,1,STR-OUTER STRUCTURES,Wall,,VaCh1-REBAR,0.8976,Standard,12 mm
12 mm,949 mm,107.35 cm³,813,809,949 mm,1,STR-OUTER STRUCTURES,Wall,,VaCh1-REBAR,0.843768,Standard,12 mm
12 mm,889 mm,100.50 cm³,814,18,889 mm,1,STR-OUTER STRUCTURES,Wall,,VaCh1-REBAR,0.789935,Standard,12 mm
12 mm,828 mm,93.65 cm³,815,19,828 mm,1,STR-OUTER STRUCTURES,Wall,,VaCh1-REBAR,0.736103,Standard,12 mm
12 mm,768 mm,86.80 cm³,816,816,768 mm,1,STR-OUTER STRUCTURES,Wall,,VaCh1-REBAR,0.682271,Standard,12 mm
12 mm,717 mm,81.12 cm³,817,810,717 mm,1,STR-OUTER STRUCTURES,Wall,,VaCh1-REBAR,0.637627,Standard,12 mm
12 mm,606 mm,68.55 cm³,818,811,606 mm,1,STR-OUTER STRUCTURES,Wall,,VaCh1-REBAR,0.538782,Standard,12 mm
12 mm,1111 mm,125.63 cm³,819,812,1111 mm,1,STR-OUTER STRUCTURES,Wall,,VaCh1-REBAR,0.987418,Standard,12 mm
12 mm,1614 mm,182.49 cm³,820,813,1614 mm,1,STR-OUTER STRUCTURES,Wall,,VaCh1-REBAR,1.434334,Standard,12 mm
12 mm,1956 mm,442.37 cm³,821,814,3911 mm,2,STR-OUTER STRUCTURES,Wall,,VaCh1-REBAR,3.477018,Standard,12 mm
12 mm,1256 mm,142.03 cm³,822,815,1256 mm,1,STR-OUTER STRUCTURES,Wall,,VaCh1-REBAR,1.116344,Standard,12 mm
12 mm,1203 mm,136.09 cm³,823,823,1203 mm,1,STR-OUTER STRUCTURES,Wall,,VaCh1-REBAR,1.069688,Standard,12 mm
12 mm,1143 mm,129.24 cm³,824,817,1143 mm,1,STR-OUTER STRUCTURES,Wall,,VaCh1-REBAR,1.015855,Standard,12 mm
12 mm,1082 mm,122.39 cm³,825,818,1082 mm,1,STR-OUTER STRUCTURES,Wall,,VaCh1-REBAR,0.962023,Standard,12 mm
12 mm,1022 mm,115.55 cm³,826,826,1022 mm,1,STR-OUTER STRUCTURES,Wall,,VaCh1-REBAR,0.90819,Standard,12 mm
12 mm,961 mm,108.70 cm³,827,819,961 mm,1,STR-OUTER STRUCTURES,Wall,,VaCh1-REBAR,0.854358,Standard,12 mm
12 mm,901 mm,101.85 cm³,828,820,901 mm,1,STR-OUTER STRUCTURES,Wall,,VaCh1-REBAR,0.800526,Standard,12 mm
12 mm,840 mm,95.00 cm³,829,821,840 mm,1,STR-OUTER STRUCTURES,Wall,,VaCh1-REBAR,0.746693,Standard,12 mm
12 mm,779 mm,88.15 cm³,830,822,779 mm,1,STR-OUTER STRUCTURES,Wall,,VaCh1-REBAR,0.692861,Standard,12 mm
12 mm,727 mm,82.21 cm³,831,831,727 mm,1,STR-OUTER STRUCTURES,Wall,,VaCh1-REBAR,0.646204,Standard,12 mm
12 mm,1956 mm,442.37 cm³,821,814,3911 mm,2,STR-OUTER STRUCTURES,Wall,,VaCh1-REBAR,3.477018,Standard,12 mm
12 mm,1244 mm,140.68 cm³,832,824,1244 mm,1,STR-OUTER STRUCTURES,Wall,,VaCh1-REBAR,1.105754,Standard,12 mm
12 mm,1191 mm,134.75 cm³,833,13,1191 mm,1,STR-OUTER STRUCTURES,Wall,,VaCh1-REBAR,1.059097,Standard,12 mm
12 mm,1131 mm,127.90 cm³,834,14,1131 mm,1,STR-OUTER STRUCTURES,Wall,,VaCh1-REBAR,1.005265,Standard,12 mm
12 mm,1070 mm,121.05 cm³,835,15,1070 mm,1,STR-OUTER STRUCTURES,Wall,,VaCh1-REBAR,0.951433,Standard,12 mm
12 mm,1010 mm,114.20 cm³,836,16,1010 mm,1,STR-OUTER STRUCTURES,Wall,,VaCh1-REBAR,0.8976,Standard,12 mm
12 mm,949 mm,107.35 cm³,837,809,949 mm,1,STR-OUTER STRUCTURES,Wall,,VaCh1-REBAR,0.843768,Standard,12 mm
12 mm,889 mm,100.50 cm³,838,18,889 mm,1,STR-OUTER STRUCTURES,Wall,,VaCh1-REBAR,0.789935,Standard,12 mm
12 mm,828 mm,93.65 cm³,839,19,828 mm,1,STR-OUTER STRUCTURES,Wall,,VaCh1-REBAR,0.736103,Standard,12 mm
12 mm,768 mm,86.80 cm³,840,816,768 mm,1,STR-OUTER STRUCTURES,Wall,,VaCh1-REBAR,0.682271,Standard,12 mm
12 mm,715 mm,80.87 cm³,841,841,715 mm,1,STR-OUTER STRUCTURES,Wall,,VaCh1-REBAR,0.635614,Standard,12 mm
12 mm,1932 mm,436.94 cm³,842,842,3863 mm,2,STR-OUTER STRUCTURES,Wall,,VaCh1-REBAR,3.434349,Standard,12 mm
12 mm,1158 mm,131.01 cm³,843,843,1158 mm,1,STR-OUTER STRUCTURES,Wall,,VaCh1-REBAR,1.029713,Standard,12 mm
12 mm,703 mm,79.50 cm³,844,42,703 mm,1,STR-OUTER STRUCTURES,Wall,,VaCh1-REBAR,0.624863,Standard,12 mm
12 mm,1650 mm,559.83 cm³,861,39,4950 mm,3,STR-OUTER STRUCTURES,Slab Edge,,VaCh1-REBAR,4.400278,Standard,12 mm
12 mm,1650 mm,559.83 cm³,861,39,4950 mm,3,STR-OUTER STRUCTURES,Slab Edge,,VaCh1-REBAR,4.400278,Standard,12 mm
12 mm,1991 mm,1801.05 cm³,862,828,15925 mm,8,STR-OUTER STRUCTURES,Slab Edge,,VaCh1-REBAR,14.156254,Standard,12 mm
12 mm,1988 mm,1798.36 cm³,863,41,15901 mm,8,STR-OUTER STRUCTURES,Slab Edge,,VaCh1-REBAR,14.135087,Standard,12 mm
12 mm,,185.37 cm³,,43,1639 mm,1,STR-OUTER STRUCTURES,Wall,,VaCh1-REBAR,1.457017,Standard,12 mm
12 mm,,132.56 cm³,,43,1172 mm,1,STR-OUTER STRUCTURES,Wall,,VaCh1-REBAR,1.04194,Standard,12 mm
12 mm,,79.45 cm³,,43,702 mm,1,STR-OUTER STRUCTURES,Wall,,VaCh1-REBAR,0.624461,Standard,12 mm
12 mm,,182.84 cm³,,43,1617 mm,1,STR-OUTER STRUCTURES,Wall,,VaCh1-REBAR,1.437157,Standard,12 mm
12 mm,1256 mm,142.03 cm³,951,815,1256 mm,1,STR-OUTER STRUCTURES,Wall,,VaCh1-REBAR,1.116344,Standard,12 mm
12 mm,1203 mm,136.09 cm³,952,823,1203 mm,1,STR-OUTER STRUCTURES,Wall,,VaCh1-REBAR,1.069688,Standard,12 mm
12 mm,1143 mm,129.24 cm³,953,817,1143 mm,1,STR-OUTER STRUCTURES,Wall,,VaCh1-REBAR,1.015855,Standard,12 mm
12 mm,1082 mm,122.39 cm³,954,818,1082 mm,1,STR-OUTER STRUCTURES,Wall,,VaCh1-REBAR,0.962023,Standard,12 mm
12 mm,1022 mm,115.55 cm³,955,826,1022 mm,1,STR-OUTER STRUCTURES,Wall,,VaCh1-REBAR,0.90819,Standard,12 mm
12 mm,961 mm,108.70 cm³,956,819,961 mm,1,STR-OUTER STRUCTURES,Wall,,VaCh1-REBAR,0.854358,Standard,12 mm
12 mm,901 mm,101.85 cm³,957,820,901 mm,1,STR-OUTER STRUCTURES,Wall,,VaCh1-REBAR,0.800526,Standard,12 mm
12 mm,840 mm,95.00 cm³,958,821,840 mm,1,STR-OUTER STRUCTURES,Wall,,VaCh1-REBAR,0.746693,Standard,12 mm
12 mm,779 mm,88.15 cm³,959,822,779 mm,1,STR-OUTER STRUCTURES,Wall,,VaCh1-REBAR,0.692861,Standard,12 mm
12 mm,727 mm,82.21 cm³,960,831,727 mm,1,STR-OUTER STRUCTURES,Wall,,VaCh1-REBAR,0.646204,Standard,12 mm
12 mm,1109 mm,3635.84 cm³,970,970,32148 mm,29,STR-OUTER STRUCTURES,Wall,,VaCh1-REBAR,28.577739,Standard,12 mm
12 mm,1090 mm,616.21 cm³,971,971,5448 mm,5,STR-OUTER STRUCTURES,Wall,,VaCh1-REBAR,4.843383,Standard,12 mm
12 mm,1122 mm,634.60 cm³,972,972,5611 mm,5,STR-OUTER STRUCTURES,Wall,,VaCh1-REBAR,4.98794,Standard,12 mm
12 mm,1038 mm,3405.86 cm³,973,973,30114 mm,29,STR-OUTER STRUCTURES,Wall,,VaCh1-REBAR,26.770077,Standard,12 mm
12 mm,6393 mm,723.08 cm³,974,974,6393 mm,1,STR-OUTER STRUCTURES,Wall,,VaCh1-REBAR,5.683374,Standard,12 mm
12 mm,6393 mm,723.08 cm³,974,974,6393 mm,1,STR-OUTER STRUCTURES,Wall,,VaCh1-REBAR,5.683374,Standard,12 mm
12 mm,6327 mm,715.54 cm³,975,896,6327 mm,1,STR-OUTER STRUCTURES,Wall,,VaCh1-REBAR,5.62418,Standard,12 mm
12 mm,6330 mm,715.95 cm³,976,897,6330 mm,1,STR-OUTER STRUCTURES,Floor,,VaCh1-REBAR,5.627398,Standard,12 mm
12 mm,6330 mm,715.95 cm³,976,897,6330 mm,1,STR-OUTER STRUCTURES,Floor,,VaCh1-REBAR,5.627398,Standard,12 mm
12 mm,6367 mm,720.06 cm³,977,898,6367 mm,1,STR-OUTER STRUCTURES,Wall,,VaCh1-REBAR,5.659647,Standard,12 mm
12 mm,5765 mm,652.03 cm³,978,899,5765 mm,1,STR-OUTER STRUCTURES,Structural Foundation,,VaCh1-REBAR,5.124946,Standard,12 mm
12 mm,5765 mm,652.03 cm³,978,899,5765 mm,1,STR-OUTER STRUCTURES,Floor,,VaCh1-REBAR,5.124946,Standard,12 mm
12 mm,1035 mm,3395.07 cm³,995,995,30019 mm,29,STR-OUTER STRUCTURES,Wall,,VaCh1-REBAR,26.685231,Standard,12 mm
12 mm,6393 mm,723.08 cm³,974,974,6393 mm,1,STR-OUTER STRUCTURES,Wall,,VaCh1-REBAR,5.683374,Standard,12 mm
12 mm,6393 mm,723.08 cm³,974,974,6393 mm,1,STR-OUTER STRUCTURES,Wall,,VaCh1-REBAR,5.683374,Standard,12 mm
12 mm,6327 mm,715.57 cm³,996,906,6327 mm,1,STR-OUTER STRUCTURES,Floor,,VaCh1-REBAR,5.624364,Standard,12 mm
12 mm,6330 mm,715.95 cm³,976,897,6330 mm,1,STR-OUTER STRUCTURES,Floor,,VaCh1-REBAR,5.627398,Standard,12 mm
12 mm,6330 mm,715.95 cm³,976,897,6330 mm,1,STR-OUTER STRUCTURES,Floor,,VaCh1-REBAR,5.627398,Standard,12 mm
12 mm,6367 mm,720.06 cm³,977,898,6367 mm,1,STR-OUTER STRUCTURES,Wall,,VaCh1-REBAR,5.659647,Standard,12 mm
12 mm,5765 mm,652.03 cm³,978,899,5765 mm,1,STR-OUTER STRUCTURES,Floor,,VaCh1-REBAR,5.124946,Standard,12 mm
12 mm,5765 mm,652.03 cm³,978,899,5765 mm,1,STR-OUTER STRUCTURES,Wall,,VaCh1-REBAR,5.124946,Standard,12 mm
12 mm,5765 mm,652.03 cm³,978,899,5765 mm,1,STR-OUTER STRUCTURES,Floor,,VaCh1-REBAR,5.124946,Standard,12 mm
12 mm,5765 mm,652.03 cm³,978,899,5765 mm,1,STR-OUTER STRUCTURES,Floor,,VaCh1-REBAR,5.124946,Standard,12 mm
12 mm,3500 mm,22563.72 cm³,2207,2207,199507 mm,57,STR-Model,Floor,,SOG-Mesh Bottom X,177.350816,Standard,48 mm
12 mm,4000 mm,12667.29 cm³,2297,2297,112003 mm,28,STR-Model,Floor,,SOG-Mesh Bottom X,99.56493,Standard,48 mm
12 mm,4100 mm,4636.99 cm³,1040,1040,41000 mm,10,STR-OUTER STRUCTURES,Floor,,VaCh2-REBAR,36.446747,Standard,48 mm
12 mm,5226 mm,8275.05 cm³,1041,1041,73167 mm,14,STR-OUTER STRUCTURES,Floor,,VaCh2-REBAR,65.04186,Standard,48 mm
12 mm,1523 mm,4479.70 cm³,1042,1042,39609 mm,26,STR-OUTER STRUCTURES,Floor,,VaCh2-REBAR,35.210421,Standard,48 mm
12 mm,5000 mm,1696.46 cm³,1043,1043,15000 mm,3,STR-OUTER STRUCTURES,Slab Edge,,VaCh2-REBAR,13.334176,Standard,48 mm
12 mm,5011 mm,1700.22 cm³,1044,1044,15033 mm,3,STR-OUTER STRUCTURES,Slab Edge,,VaCh2-REBAR,13.363724,Standard,48 mm
12 mm,5000 mm,565.49 cm³,1043,1043,5000 mm,1,STR-OUTER STRUCTURES,Floor,,VaCh2-REBAR,4.444725,Standard,48 mm
12 mm,5000 mm,565.49 cm³,1043,1043,5000 mm,1,STR-OUTER STRUCTURES,Floor,,VaCh2-REBAR,4.444725,Standard,48 mm
12 mm,840 mm,95.03 cm³,1045,1045,840 mm,1,STR-OUTER STRUCTURES,Wall,,VaCh2-REBAR,0.746934,Standard,48 mm
12 mm,1569 mm,177.46 cm³,1046,1046,1569 mm,1,STR-OUTER STRUCTURES,Wall,,VaCh2-REBAR,1.394797,Standard,48 mm
12 mm,2503 mm,283.11 cm³,1047,1047,2503 mm,1,STR-OUTER STRUCTURES,Wall,,VaCh2-REBAR,2.22524,Standard,48 mm
12 mm,3008 mm,680.32 cm³,1048,1048,6015 mm,2,STR-OUTER STRUCTURES,Wall,,VaCh2-REBAR,5.347315,Standard,48 mm
12 mm,840 mm,95.03 cm³,1045,1045,840 mm,1,STR-OUTER STRUCTURES,Wall,,VaCh2-REBAR,0.746934,Standard,48 mm
12 mm,1569 mm,177.45 cm³,1046,1046,1569 mm,1,STR-OUTER STRUCTURES,Wall,,VaCh2-REBAR,1.394785,Standard,48 mm
12 mm,2503 mm,283.11 cm³,1047,1047,2503 mm,1,STR-OUTER STRUCTURES,Wall,,VaCh2-REBAR,2.22525,Standard,48 mm
12 mm,3040 mm,687.56 cm³,1049,1049,6079 mm,2,STR-OUTER STRUCTURES,Wall,,VaCh2-REBAR,5.404208,Standard,48 mm
12 mm,2711 mm,613.17 cm³,1050,1050,5422 mm,2,STR-OUTER STRUCTURES,Wall,,VaCh2-REBAR,4.819509,Standard,48 mm
12 mm,2687 mm,607.74 cm³,1051,1051,5374 mm,2,STR-OUTER STRUCTURES,Wall,,VaCh2-REBAR,4.776839,Standard,48 mm
12 mm,1410 mm,159.50 cm³,1052,1052,1410 mm,1,STR-OUTER STRUCTURES,Wall,,VaCh2-REBAR,1.253689,Standard,48 mm
12 mm,840 mm,95.00 cm³,1053,1053,840 mm,1,STR-OUTER STRUCTURES,Wall,,VaCh2-REBAR,0.746677,Standard,48 mm
12 mm,2414 mm,818.99 cm³,1070,1070,7241 mm,3,STR-OUTER STRUCTURES,Slab Edge,,VaCh2-REBAR,6.437246,Standard,48 mm
12 mm,2738 mm,928.82 cm³,1071,1071,8213 mm,3,STR-OUTER STRUCTURES,Slab Edge,,VaCh2-REBAR,7.300558,Standard,48 mm
12 mm,1974 mm,2455.29 cm³,1072,1072,21710 mm,11,STR-OUTER STRUCTURES,Slab Edge,,VaCh2-REBAR,19.298613,Standard,48 mm
12 mm,1971 mm,2674.46 cm³,1073,1073,23647 mm,12,STR-OUTER STRUCTURES,Slab Edge,,VaCh2-REBAR,21.021282,Standard,48 mm
12 mm,1070 mm,3510.63 cm³,1156,1156,31041 mm,29,STR-OUTER STRUCTURES,Wall,,VaCh2-REBAR,27.593559,Standard,48 mm
12 mm,1067 mm,603.10 cm³,1157,1157,5333 mm,5,STR-OUTER STRUCTURES,Wall,,VaCh2-REBAR,4.740367,Standard,48 mm
12 mm,1099 mm,621.49 cm³,1158,1158,5495 mm,5,STR-OUTER STRUCTURES,Wall,,VaCh2-REBAR,4.884924,Standard,48 mm
12 mm,5765 mm,652.03 cm³,1159,1159,5765 mm,1,STR-OUTER STRUCTURES,Structural Foundation,,VaCh2-REBAR,5.124946,Standard,48 mm
12 mm,5765 mm,652.03 cm³,1159,1159,5765 mm,1,STR-OUTER STRUCTURES,Floor,,VaCh2-REBAR,5.124946,Standard,48 mm
12 mm,7000 mm,791.70 cm³,1167,1167,7000 mm,1,STR-OUTER STRUCTURES,Floor,,VaCh2-REBAR,6.222756,Standard,48 mm
12 mm,5765 mm,652.03 cm³,1159,1159,5765 mm,1,STR-OUTER STRUCTURES,Floor,,VaCh2-REBAR,5.124946,Standard,48 mm
12 mm,5765 mm,652.03 cm³,1159,1159,5765 mm,1,STR-OUTER STRUCTURES,Wall,,VaCh2-REBAR,5.124946,Standard,48 mm
12 mm,1010 mm,3428.11 cm³,1168,1168,30311 mm,30,STR-OUTER STRUCTURES,Wall,,VaCh2-REBAR,26.944947,Standard,48 mm
12 mm,7021 mm,794.06 cm³,1169,1169,7021 mm,1,STR-OUTER STRUCTURES,Wall,,VaCh2-REBAR,6.241348,Standard,48 mm
12 mm,7000 mm,791.73 cm³,1170,1170,7000 mm,1,STR-OUTER STRUCTURES,Wall,,VaCh2-REBAR,6.223007,Standard,48 mm
12 mm,7000 mm,791.70 cm³,1171,1171,7000 mm,1,STR-OUTER STRUCTURES,Floor,,VaCh2-REBAR,6.222791,Standard,48 mm
12 mm,7000 mm,791.70 cm³,1171,1171,7000 mm,1,STR-OUTER STRUCTURES,Floor,,VaCh2-REBAR,6.222783,Standard,48 mm
12 mm,7021 mm,794.06 cm³,1169,1169,7021 mm,1,STR-OUTER STRUCTURES,Wall,,VaCh2-REBAR,6.241346,Standard,48 mm
12 mm,2360 mm,266.91 cm³,1172,1172,2360 mm,1,STR-OUTER STRUCTURES,Wall,,VaCh2-REBAR,2.097929,Standard,48 mm
12 mm,1423 mm,160.89 cm³,1173,1173,1423 mm,1,STR-OUTER STRUCTURES,Wall,,VaCh2-REBAR,1.264627,Standard,48 mm
12 mm,837 mm,94.70 cm³,1174,1174,837 mm,1,STR-OUTER STRUCTURES,Wall,,VaCh2-REBAR,0.744355,Standard,48 mm
12 mm,2360 mm,266.96 cm³,1175,1175,2360 mm,1,STR-OUTER STRUCTURES,Wall,,VaCh2-REBAR,2.098274,Standard,48 mm
12 mm,5765 mm,652.03 cm³,1159,1159,5765 mm,1,STR-OUTER STRUCTURES,Floor,,VaCh2-REBAR,5.124946,Standard,48 mm
12 mm,5765 mm,652.03 cm³,1159,1159,5765 mm,1,STR-OUTER STRUCTURES,Floor,,VaCh2-REBAR,5.124946,Standard,48 mm
12 mm,1010 mm,3885.19 cm³,1168,1168,34353 mm,34,STR-OUTER STRUCTURES,Wall,,VaCh2-REBAR,30.537607,Standard,48 mm
12 mm,7346 mm,830.84 cm³,1194,1194,7346 mm,1,STR-OUTER STRUCTURES,Wall,,VaCh2-REBAR,6.530387,Standard,48 mm
12 mm,7346 mm,830.84 cm³,1194,1194,7346 mm,1,STR-OUTER STRUCTURES,Wall,,VaCh2-REBAR,6.530387,Standard,48 mm
12 mm,7297 mm,825.23 cm³,1195,1195,7297 mm,1,STR-OUTER STRUCTURES,Floor,,VaCh2-REBAR,6.486307,Standard,48 mm
12 mm,7297 mm,825.23 cm³,1195,1195,7297 mm,1,STR-OUTER STRUCTURES,Floor,,VaCh2-REBAR,6.486307,Standard,48 mm
12 mm,7297 mm,825.23 cm³,1195,1195,7297 mm,1,STR-OUTER STRUCTURES,Floor,,VaCh2-REBAR,6.486307,Standard,48 mm
12 mm,7325 mm,828.44 cm³,1196,1196,7325 mm,1,STR-OUTER STRUCTURES,Floor,,VaCh2-REBAR,6.511504,Standard,48 mm
12 mm,,264.20 cm³,,444,2336 mm,1,STR-OUTER STRUCTURES,Floor,,VaCh2-REBAR,2.076596,Standard,12 mm
12 mm,,262.70 cm³,,444,2323 mm,1,STR-OUTER STRUCTURES,Floor,,VaCh2-REBAR,2.064854,Standard,12 mm
12 mm,,261.20 cm³,,444,2309 mm,1,STR-OUTER STRUCTURES,Floor,,VaCh2-REBAR,2.053015,Standard,12 mm
12 mm,,259.70 cm³,,444,2296 mm,1,STR-OUTER STRUCTURES,Floor,,VaCh2-REBAR,2.041232,Standard,12 mm
12 mm,,258.20 cm³,,444,2283 mm,1,STR-OUTER STRUCTURES,Floor,,VaCh2-REBAR,2.029462,Standard,12 mm
12 mm,,256.71 cm³,,444,2270 mm,1,STR-OUTER STRUCTURES,Floor,,VaCh2-REBAR,2.017731,Standard,12 mm
12 mm,,255.18 cm³,,444,2256 mm,1,STR-OUTER STRUCTURES,Floor,,VaCh2-REBAR,2.005741,Standard,12 mm
12 mm,,253.69 cm³,,444,2243 mm,1,STR-OUTER STRUCTURES,Floor,,VaCh2-REBAR,1.993992,Standard,12 mm
12 mm,,252.32 cm³,,444,2231 mm,1,STR-OUTER STRUCTURES,Floor,,VaCh2-REBAR,1.983201,Standard,12 mm
12 mm,,250.67 cm³,,444,2216 mm,1,STR-OUTER STRUCTURES,Floor,,VaCh2-REBAR,1.970252,Standard,12 mm
12 mm,,249.17 cm³,,444,2203 mm,1,STR-OUTER STRUCTURES,Floor,,VaCh2-REBAR,1.958502,Standard,12 mm
12 mm,,247.67 cm³,,444,2190 mm,1,STR-OUTER STRUCTURES,Floor,,VaCh2-REBAR,1.946673,Standard,12 mm
12 mm,,246.16 cm³,,444,2177 mm,1,STR-OUTER STRUCTURES,Floor,,VaCh2-REBAR,1.934812,Standard,12 mm
12 mm,,244.68 cm³,,444,2163 mm,1,STR-OUTER STRUCTURES,Floor,,VaCh2-REBAR,1.923149,Standard,12 mm
12 mm,,243.16 cm³,,444,2150 mm,1,STR-OUTER STRUCTURES,Floor,,VaCh2-REBAR,1.911205,Standard,12 mm
12 mm,,241.65 cm³,,444,2137 mm,1,STR-OUTER STRUCTURES,Floor,,VaCh2-REBAR,1.899401,Standard,12 mm
12 mm,,240.16 cm³,,444,2123 mm,1,STR-OUTER STRUCTURES,Floor,,VaCh2-REBAR,1.887657,Standard,12 mm
12 mm,,238.65 cm³,,444,2110 mm,1,STR-OUTER STRUCTURES,Floor,,VaCh2-REBAR,1.875813,Standard,12 mm
12 mm,,237.14 cm³,,444,2097 mm,1,STR-OUTER STRUCTURES,Floor,,VaCh2-REBAR,1.863938,Standard,12 mm
12 mm,,235.64 cm³,,444,2084 mm,1,STR-OUTER STRUCTURES,Floor,,VaCh2-REBAR,1.852146,Standard,12 mm
12 mm,,234.14 cm³,,444,2070 mm,1,STR-OUTER STRUCTURES,Floor,,VaCh2-REBAR,1.840306,Standard,12 mm
12 mm,,232.63 cm³,,444,2057 mm,1,STR-OUTER STRUCTURES,Floor,,VaCh2-REBAR,1.828478,Standard,12 mm
12 mm,,231.13 cm³,,444,2044 mm,1,STR-OUTER STRUCTURES,Floor,,VaCh2-REBAR,1.816659,Standard,12 mm
12 mm,,229.63 cm³,,444,2030 mm,1,STR-OUTER STRUCTURES,Floor,,VaCh2-REBAR,1.80493,Standard,12 mm
12 mm,,228.12 cm³,,444,2017 mm,1,STR-OUTER STRUCTURES,Floor,,VaCh2-REBAR,1.793003,Standard,12 mm
12 mm,,226.63 cm³,,444,2004 mm,1,STR-OUTER STRUCTURES,Floor,,VaCh2-REBAR,1.781316,Standard,12 mm
12 mm,,174.22 cm³,,447,1540 mm,1,STR-OUTER STRUCTURES,Floor,,VaCh2-REBAR,1.369359,Standard,12 mm
12 mm,,174.22 cm³,,447,1540 mm,1,STR-OUTER STRUCTURES,Floor,,VaCh2-REBAR,1.369359,Standard,12 mm
12 mm,,174.22 cm³,,447,1540 mm,1,STR-OUTER STRUCTURES,Floor,,VaCh2-REBAR,1.369359,Standard,12 mm
12 mm,,174.22 cm³,,447,1540 mm,1,STR-OUTER STRUCTURES,Floor,,VaCh2-REBAR,1.369359,Standard,12 mm
12 mm,,174.22 cm³,,447,1540 mm,1,STR-OUTER STRUCTURES,Floor,,VaCh2-REBAR,1.369359,Standard,12 mm
12 mm,,174.22 cm³,,447,1540 mm,1,STR-OUTER STRUCTURES,Floor,,VaCh2-REBAR,1.369359,Standard,12 mm
12 mm,,174.22 cm³,,447,1540 mm,1,STR-OUTER STRUCTURES,Floor,,VaCh2-REBAR,1.369359,Standard,12 mm
12 mm,,174.22 cm³,,447,1540 mm,1,STR-OUTER STRUCTURES,Floor,,VaCh2-REBAR,1.369359,Standard,12 mm
12 mm,,174.22 cm³,,447,1540 mm,1,STR-OUTER STRUCTURES,Floor,,VaCh2-REBAR,1.369359,Standard,12 mm
12 mm,,174.22 cm³,,447,1540 mm,1,STR-OUTER STRUCTURES,Floor,,VaCh2-REBAR,1.369359,Standard,12 mm
12 mm,,174.22 cm³,,447,1540 mm,1,STR-OUTER STRUCTURES,Floor,,VaCh2-REBAR,1.369359,Standard,12 mm
12 mm,,174.22 cm³,,447,1540 mm,1,STR-OUTER STRUCTURES,Floor,,VaCh2-REBAR,1.369359,Standard,12 mm
12 mm,,174.22 cm³,,447,1540 mm,1,STR-OUTER STRUCTURES,Floor,,VaCh2-REBAR,1.369359,Standard,12 mm
12 mm,,174.22 cm³,,447,1540 mm,1,STR-OUTER STRUCTURES,Floor,,VaCh2-REBAR,1.369359,Standard,12 mm
12 mm,,174.22 cm³,,447,1540 mm,1,STR-OUTER STRUCTURES,Floor,,VaCh2-REBAR,1.369359,Standard,12 mm
12 mm,,174.22 cm³,,447,1540 mm,1,STR-OUTER STRUCTURES,Floor,,VaCh2-REBAR,1.369359,Standard,12 mm
12 mm,,174.22 cm³,,447,1540 mm,1,STR-OUTER STRUCTURES,Floor,,VaCh2-REBAR,1.369359,Standard,12 mm
12 mm,,174.22 cm³,,447,1540 mm,1,STR-OUTER STRUCTURES,Floor,,VaCh2-REBAR,1.369359,Standard,12 mm
12 mm,,175.10 cm³,,447,1548 mm,1,STR-OUTER STRUCTURES,Floor,,VaCh2-REBAR,1.376269,Standard,12 mm
12 mm,,174.22 cm³,,447,1540 mm,1,STR-OUTER STRUCTURES,Floor,,VaCh2-REBAR,1.369359,Standard,12 mm
12 mm,,174.22 cm³,,447,1540 mm,1,STR-OUTER STRUCTURES,Floor,,VaCh2-REBAR,1.369359,Standard,12 mm
12 mm,,174.22 cm³,,447,1540 mm,1,STR-OUTER STRUCTURES,Floor,,VaCh2-REBAR,1.369359,Standard,12 mm
12 mm,,174.22 cm³,,447,1540 mm,1,STR-OUTER STRUCTURES,Floor,,VaCh2-REBAR,1.369359,Standard,12 mm
12 mm,,174.22 cm³,,447,1540 mm,1,STR-OUTER STRUCTURES,Floor,,VaCh2-REBAR,1.369359,Standard,12 mm
12 mm,,174.22 cm³,,447,1540 mm,1,STR-OUTER STRUCTURES,Floor,,VaCh2-REBAR,1.369359,Standard,12 mm
12 mm,,174.22 cm³,,447,1540 mm,1,STR-OUTER STRUCTURES,Floor,,VaCh2-REBAR,1.369359,Standard,12 mm
12 mm,,339.17 cm³,,,2999 mm,1,STR-OUTER STRUCTURES,Floor,,VaCh2-REBAR,2.665902,Standard,12 mm
12 mm,,337.67 cm³,,,2986 mm,1,STR-OUTER STRUCTURES,Floor,,VaCh2-REBAR,2.654088,Standard,12 mm
12 mm,,336.17 cm³,,,2972 mm,1,STR-OUTER STRUCTURES,Floor,,VaCh2-REBAR,2.642274,Standard,12 mm
12 mm,,334.66 cm³,,,2959 mm,1,STR-OUTER STRUCTURES,Floor,,VaCh2-REBAR,2.63046,Standard,12 mm
12 mm,,333.16 cm³,,,2946 mm,1,STR-OUTER STRUCTURES,Floor,,VaCh2-REBAR,2.618646,Standard,12 mm
12 mm,,331.66 cm³,,,2933 mm,1,STR-OUTER STRUCTURES,Floor,,VaCh2-REBAR,2.606831,Standard,12 mm
12 mm,,330.15 cm³,,,2919 mm,1,STR-OUTER STRUCTURES,Floor,,VaCh2-REBAR,2.595017,Standard,12 mm
12 mm,,328.65 cm³,,,2906 mm,1,STR-OUTER STRUCTURES,Floor,,VaCh2-REBAR,2.583203,Standard,12 mm
12 mm,,327.15 cm³,,,2893 mm,1,STR-OUTER STRUCTURES,Floor,,VaCh2-REBAR,2.571389,Standard,12 mm
12 mm,,325.65 cm³,,,2879 mm,1,STR-OUTER STRUCTURES,Floor,,VaCh2-REBAR,2.559575,Standard,12 mm
12 mm,,324.15 cm³,,,2866 mm,1,STR-OUTER STRUCTURES,Floor,,VaCh2-REBAR,2.547782,Standard,12 mm
12 mm,,322.64 cm³,,,2853 mm,1,STR-OUTER STRUCTURES,Floor,,VaCh2-REBAR,2.535947,Standard,12 mm
12 mm,,321.14 cm³,,,2839 mm,1,STR-OUTER STRUCTURES,Floor,,VaCh2-REBAR,2.524133,Standard,12 mm
12 mm,,319.63 cm³,,,2826 mm,1,STR-OUTER STRUCTURES,Floor,,VaCh2-REBAR,2.512319,Standard,12 mm
12 mm,,318.13 cm³,,,2813 mm,1,STR-OUTER STRUCTURES,Floor,,VaCh2-REBAR,2.500505,Standard,12 mm
12 mm,,316.59 cm³,,,2799 mm,1,STR-OUTER STRUCTURES,Floor,,VaCh2-REBAR,2.488434,Standard,12 mm
12 mm,,315.12 cm³,,,2786 mm,1,STR-OUTER STRUCTURES,Floor,,VaCh2-REBAR,2.476877,Standard,12 mm
12 mm,,313.62 cm³,,,2773 mm,1,STR-OUTER STRUCTURES,Floor,,VaCh2-REBAR,2.465063,Standard,12 mm
12 mm,,312.12 cm³,,,2760 mm,1,STR-OUTER STRUCTURES,Floor,,VaCh2-REBAR,2.453249,Standard,12 mm
12 mm,,310.62 cm³,,,2746 mm,1,STR-OUTER STRUCTURES,Floor,,VaCh2-REBAR,2.441435,Standard,12 mm
12 mm,,309.11 cm³,,,2733 mm,1,STR-OUTER STRUCTURES,Floor,,VaCh2-REBAR,2.42962,Standard,12 mm
12 mm,,307.61 cm³,,,2720 mm,1,STR-OUTER STRUCTURES,Floor,,VaCh2-REBAR,2.417806,Standard,12 mm
12 mm,,306.11 cm³,,,2707 mm,1,STR-OUTER STRUCTURES,Floor,,VaCh2-REBAR,2.405992,Standard,12 mm
12 mm,,304.60 cm³,,,2693 mm,1,STR-OUTER STRUCTURES,Floor,,VaCh2-REBAR,2.394178,Standard,12 mm
12 mm,,303.10 cm³,,,2680 mm,1,STR-OUTER STRUCTURES,Floor,,VaCh2-REBAR,2.382364,Standard,12 mm
12 mm,,301.38 cm³,,,2665 mm,1,STR-OUTER STRUCTURES,Floor,,VaCh2-REBAR,2.368824,Standard,12 mm
12 mm,,143.06 cm³,,,1265 mm,1,STR-OUTER STRUCTURES,Wall,,VaCh2-REBAR,1.12445,Standard,12 mm
12 mm,,139.12 cm³,,,1230 mm,1,STR-OUTER STRUCTURES,Wall,,VaCh2-REBAR,1.093522,Standard,12 mm
12 mm,,134.61 cm³,,,1190 mm,1,STR-OUTER STRUCTURES,Wall,,VaCh2-REBAR,1.058018,Standard,12 mm
12 mm,,130.14 cm³,,,1151 mm,1,STR-OUTER STRUCTURES,Wall,,VaCh2-REBAR,1.02287,Standard,12 mm
12 mm,,125.54 cm³,,,1110 mm,1,STR-OUTER STRUCTURES,Wall,,VaCh2-REBAR,0.986756,Standard,12 mm
12 mm,,102.29 cm³,,,904 mm,1,STR-OUTER STRUCTURES,Wall,,VaCh2-REBAR,0.804034,Standard,12 mm
12 mm,,97.90 cm³,,,866 mm,1,STR-OUTER STRUCTURES,Wall,,VaCh2-REBAR,0.769463,Standard,12 mm
12 mm,,93.38 cm³,,,826 mm,1,STR-OUTER STRUCTURES,Wall,,VaCh2-REBAR,0.733935,Standard,12 mm
12 mm,,88.84 cm³,,,786 mm,1,STR-OUTER STRUCTURES,Wall,,VaCh2-REBAR,0.698313,Standard,12 mm
12 mm,,84.91 cm³,,,751 mm,1,STR-OUTER STRUCTURES,Wall,,VaCh2-REBAR,0.667421,Standard,12 mm
12 mm,,106.95 cm³,,,946 mm,1,STR-OUTER STRUCTURES,Wall,,VaCh2-REBAR,0.840665,Standard,12 mm
12 mm,,111.49 cm³,,,986 mm,1,STR-OUTER STRUCTURES,Wall,,VaCh2-REBAR,0.876325,Standard,12 mm
12 mm,,116.02 cm³,,,1026 mm,1,STR-OUTER STRUCTURES,Wall,,VaCh2-REBAR,0.911896,Standard,12 mm
12 mm,,120.54 cm³,,,1066 mm,1,STR-OUTER STRUCTURES,Wall,,VaCh2-REBAR,0.947428,Standard,12 mm
12 mm,,143.49 cm³,,,1269 mm,1,STR-OUTER STRUCTURES,Wall,,VaCh2-REBAR,1.127814,Standard,12 mm
12 mm,,139.75 cm³,,,1236 mm,1,STR-OUTER STRUCTURES,Wall,,VaCh2-REBAR,1.098459,Standard,12 mm
12 mm,,135.43 cm³,,,1197 mm,1,STR-OUTER STRUCTURES,Wall,,VaCh2-REBAR,1.064445,Standard,12 mm
12 mm,,131.10 cm³,,,1159 mm,1,STR-OUTER STRUCTURES,Wall,,VaCh2-REBAR,1.030432,Standard,12 mm
12 mm,,126.77 cm³,,,1121 mm,1,STR-OUTER STRUCTURES,Wall,,VaCh2-REBAR,0.996419,Standard,12 mm
12 mm,,97.04 cm³,,,858 mm,1,STR-OUTER STRUCTURES,Wall,,VaCh2-REBAR,0.762742,Standard,12 mm
12 mm,,92.71 cm³,,,820 mm,1,STR-OUTER STRUCTURES,Wall,,VaCh2-REBAR,0.728708,Standard,12 mm
12 mm,,88.42 cm³,,,782 mm,1,STR-OUTER STRUCTURES,Wall,,VaCh2-REBAR,0.694999,Standard,12 mm
12 mm,,84.09 cm³,,,744 mm,1,STR-OUTER STRUCTURES,Wall,,VaCh2-REBAR,0.660986,Standard,12 mm
12 mm,,80.60 cm³,,,713 mm,1,STR-OUTER STRUCTURES,Wall,,VaCh2-REBAR,0.633515,Standard,12 mm
12 mm,,101.34 cm³,,,896 mm,1,STR-OUTER STRUCTURES,Wall,,VaCh2-REBAR,0.796563,Standard,12 mm
12 mm,,105.69 cm³,,,934 mm,1,STR-OUTER STRUCTURES,Wall,,VaCh2-REBAR,0.830714,Standard,12 mm
12 mm,,109.95 cm³,,,972 mm,1,STR-OUTER STRUCTURES,Wall,,VaCh2-REBAR,0.86421,Standard,12 mm
12 mm,,114.22 cm³,,,1010 mm,1,STR-OUTER STRUCTURES,Wall,,VaCh2-REBAR,0.897745,Standard,12 mm
12 mm,,118.49 cm³,,,1048 mm,1,STR-OUTER STRUCTURES,Wall,,VaCh2-REBAR,0.93137,Standard,12 mm
12 mm,,122.76 cm³,,,1085 mm,1,STR-OUTER STRUCTURES,Wall,,VaCh2-REBAR,0.964859,Standard,12 mm
12 mm,,144.81 cm³,,,1280 mm,1,STR-OUTER STRUCTURES,Wall,,VaCh2-REBAR,1.138224,Standard,12 mm
12 mm,,141.06 cm³,,,1247 mm,1,STR-OUTER STRUCTURES,Wall,,VaCh2-REBAR,1.108744,Standard,12 mm
12 mm,,136.73 cm³,,,1209 mm,1,STR-OUTER STRUCTURES,Wall,,VaCh2-REBAR,1.074731,Standard,12 mm
12 mm,,132.41 cm³,,,1171 mm,1,STR-OUTER STRUCTURES,Wall,,VaCh2-REBAR,1.040718,Standard,12 mm
12 mm,,128.08 cm³,,,1132 mm,1,STR-OUTER STRUCTURES,Wall,,VaCh2-REBAR,1.006705,Standard,12 mm
12 mm,,98.39 cm³,,,870 mm,1,STR-OUTER STRUCTURES,Wall,,VaCh2-REBAR,0.773311,Standard,12 mm
12 mm,,94.06 cm³,,,832 mm,1,STR-OUTER STRUCTURES,Wall,,VaCh2-REBAR,0.739297,Standard,12 mm
12 mm,,89.73 cm³,,,793 mm,1,STR-OUTER STRUCTURES,Wall,,VaCh2-REBAR,0.705284,Standard,12 mm
12 mm,,85.40 cm³,,,755 mm,1,STR-OUTER STRUCTURES,Wall,,VaCh2-REBAR,0.671271,Standard,12 mm
12 mm,,81.65 cm³,,,722 mm,1,STR-OUTER STRUCTURES,Wall,,VaCh2-REBAR,0.641792,Standard,12 mm
12 mm,,102.71 cm³,,,908 mm,1,STR-OUTER STRUCTURES,Wall,,VaCh2-REBAR,0.807325,Standard,12 mm
12 mm,,107.04 cm³,,,946 mm,1,STR-OUTER STRUCTURES,Wall,,VaCh2-REBAR,0.841339,Standard,12 mm
12 mm,,111.31 cm³,,,984 mm,1,STR-OUTER STRUCTURES,Wall,,VaCh2-REBAR,0.874888,Standard,12 mm
12 mm,,115.58 cm³,,,1022 mm,1,STR-OUTER STRUCTURES,Wall,,VaCh2-REBAR,0.908438,Standard,12 mm
12 mm,,119.85 cm³,,,1060 mm,1,STR-OUTER STRUCTURES,Wall,,VaCh2-REBAR,0.941988,Standard,12 mm
12 mm,,124.11 cm³,,,1097 mm,1,STR-OUTER STRUCTURES,Wall,,VaCh2-REBAR,0.975537,Standard,12 mm
12 mm,,142.45 cm³,,494,1260 mm,1,STR-OUTER STRUCTURES,Wall,,VaCh2-REBAR,1.119678,Standard,12 mm
12 mm,,140.49 cm³,,494,1242 mm,1,STR-OUTER STRUCTURES,Wall,,VaCh2-REBAR,1.104247,Standard,12 mm
12 mm,,135.96 cm³,,494,1202 mm,1,STR-OUTER STRUCTURES,Wall,,VaCh2-REBAR,1.068665,Standard,12 mm
12 mm,,131.44 cm³,,494,1162 mm,1,STR-OUTER STRUCTURES,Wall,,VaCh2-REBAR,1.033082,Standard,12 mm
12 mm,,126.91 cm³,,494,1122 mm,1,STR-OUTER STRUCTURES,Wall,,VaCh2-REBAR,0.9975,Standard,12 mm
12 mm,,103.65 cm³,,494,916 mm,1,STR-OUTER STRUCTURES,Wall,,VaCh2-REBAR,0.81471,Standard,12 mm
12 mm,,99.25 cm³,,494,878 mm,1,STR-OUTER STRUCTURES,Wall,,VaCh2-REBAR,0.78011,Standard,12 mm
12 mm,,94.73 cm³,,494,838 mm,1,STR-OUTER STRUCTURES,Wall,,VaCh2-REBAR,0.744566,Standard,12 mm
12 mm,,90.20 cm³,,494,798 mm,1,STR-OUTER STRUCTURES,Wall,,VaCh2-REBAR,0.708984,Standard,12 mm
12 mm,,86.28 cm³,,494,763 mm,1,STR-OUTER STRUCTURES,Wall,,VaCh2-REBAR,0.678144,Standard,12 mm
12 mm,,108.31 cm³,,494,958 mm,1,STR-OUTER STRUCTURES,Wall,,VaCh2-REBAR,0.851314,Standard,12 mm
12 mm,,112.84 cm³,,494,998 mm,1,STR-OUTER STRUCTURES,Wall,,VaCh2-REBAR,0.886959,Standard,12 mm
12 mm,,117.36 cm³,,494,1038 mm,1,STR-OUTER STRUCTURES,Wall,,VaCh2-REBAR,0.922481,Standard,12 mm
12 mm,,121.89 cm³,,494,1078 mm,1,STR-OUTER STRUCTURES,Wall,,VaCh2-REBAR,0.958064,Standard,12 mm
12 mm,2400 mm,271.44 cm³,1000,1000,2400 mm,1,STR-Model,Floor,,SOG-Mesh Bottom X,2.133489,Standard,48 mm
12 mm,2400 mm,542.87 cm³,1000,1000,4800 mm,2,STR-Model,Floor,,SOG-Mesh Bottom X,4.266979,Standard,48 mm
12 mm,2400 mm,542.87 cm³,1000,1000,4800 mm,2,STR-Model,Floor,,SOG-Mesh Bottom X,4.266979,Standard,48 mm
12 mm,2400 mm,542.87 cm³,1000,1000,4800 mm,2,STR-Model,Floor,,SOG-Mesh Bottom X,4.266979,Standard,48 mm
12 mm,6000 mm,23072.33 cm³,2295,2295,204004 mm,34,STR-Model,Floor,,SOG-Mesh Bottom X,181.348536,Standard,48 mm
12 mm,11415 mm,2582.10 cm³,1494,2404,22831 mm,2,STR-Model,Floor,,SOG-Mesh Bottom X,20.295276,Standard,48 mm
12 mm,11110 mm,3769.62 cm³,2256,2256,33331 mm,3,STR-Model,Floor,,SOG-Mesh Bottom X,29.6292,Standard,48 mm
12 mm,8540 mm,12556.43 cm³,1221,1221,111023 mm,13,STR-Model,Floor,,SOG-Mesh Bottom X,98.693544,Standard,48 mm
12 mm,10260 mm,2320.81 cm³,1222,1222,20520 mm,2,STR-Model,Floor,,SOG-Mesh Bottom X,18.241593,Standard,48 mm
12 mm,11160 mm,15146.33 cm³,1223,1223,133923 mm,12,STR-Model,Floor,,SOG-Mesh Bottom X,119.050165,Standard,48 mm
12 mm,10960 mm,4958.30 cm³,1224,1224,43841 mm,4,STR-Model,Floor,,SOG-Mesh Bottom X,38.972232,Standard,48 mm
12 mm,11160 mm,6310.97 cm³,1223,1223,55801 mm,5,STR-Model,Floor,,SOG-Mesh Bottom X,49.604236,Standard,48 mm
12 mm,10860 mm,2456.57 cm³,1243,1243,21721 mm,2,STR-Model,Floor,,SOG-Mesh Bottom X,19.308654,Standard,48 mm
12 mm,10916 mm,2469.19 cm³,1242,1242,21832 mm,2,STR-Model,Floor,,SOG-Mesh Bottom X,19.407817,Standard,48 mm
12 mm,10900 mm,2465.58 cm³,1220,1220,21800 mm,2,STR-Model,Floor,,SOG-Mesh Bottom X,19.379443,Standard,48 mm
12 mm,10260 mm,2320.81 cm³,1222,1222,20520 mm,2,STR-Model,Floor,,SOG-Mesh Bottom X,18.241593,Standard,48 mm
12 mm,11660 mm,23737.37 cm³,1249,1249,209884 mm,18,STR-Model,Floor,,SOG-Mesh Bottom X,186.575753,Standard,48 mm
12 mm,1920 mm,1085.87 cm³,1245,1245,9601 mm,5,STR-Model,Floor,,SOG-Mesh Bottom X,8.534974,Standard,48 mm
12 mm,11660 mm,13187.43 cm³,1249,1249,116602 mm,10,STR-Model,Floor,,SOG-Mesh Bottom X,103.653196,Standard,48 mm
12 mm,1000 mm,3506.18 cm³,1246,1246,31001 mm,31,STR-Model,Floor,,SOG-Mesh Bottom X,27.558613,Standard,48 mm
12 mm,11660 mm,5274.97 cm³,1249,1249,46641 mm,4,STR-Model,Floor,,SOG-Mesh Bottom X,41.461279,Standard,48 mm
12 mm,11360 mm,1284.81 cm³,1247,1247,11360 mm,1,STR-Model,Floor,,SOG-Mesh Bottom X,10.098636,Standard,48 mm
12 mm,11510 mm,23432.01 cm³,1251,1251,207184 mm,18,STR-Model,Floor,,SOG-Mesh Bottom X,184.175602,Standard,48 mm
12 mm,11510 mm,23432.01 cm³,1251,1251,207184 mm,18,STR-Model,Floor,,SOG-Mesh Bottom X,184.175602,Standard,48 mm
12 mm,11160 mm,3786.58 cm³,1223,1223,33481 mm,3,STR-Model,Floor,,SOG-Mesh Bottom X,29.762541,Standard,48 mm
12 mm,3341 mm,6423.13 cm³,1253,1253,56793 mm,17,STR-Model,Floor,,Ramp,50.485774,Standard,48 mm
12 mm,5250 mm,10094.16 cm³,1539,1432,89252 mm,17,STR-Model,Floor,,Ramp,79.340111,Standard,48 mm
12 mm,3195 mm,1084.04 cm³,1254,1254,9585 mm,3,STR-Model,Floor,,Ramp,8.520538,Standard,48 mm
12 mm,3195 mm,1084.04 cm³,1254,1254,9585 mm,3,STR-Model,Slab Edge,,Ramp,8.520538,Standard,48 mm
12 mm,3195 mm,1084.04 cm³,1254,1254,9585 mm,3,STR-Model,Floor,,Ramp,8.520538,Standard,48 mm
12 mm,3195 mm,1084.04 cm³,1254,1254,9585 mm,3,STR-Model,Slab Edge,,Ramp,8.520538,Standard,48 mm
12 mm,3313 mm,5245.68 cm³,1256,1256,46382 mm,14,STR-Model,Floor,,Ramp,41.231079,Standard,48 mm
12 mm,5226 mm,8274.83 cm³,1547,1547,73166 mm,14,STR-Model,Floor,,Ramp,65.040203,Standard,48 mm
12 mm,11510 mm,13017.78 cm³,1251,1251,115102 mm,10,STR-Model,Floor,,SOG-Mesh Bottom X,102.319779,Standard,48 mm
12 mm,11510 mm,13017.78 cm³,1251,1251,115102 mm,10,STR-Model,Floor,,SOG-Mesh Bottom X,102.319779,Standard,48 mm
12 mm,11160 mm,7573.17 cm³,1223,1223,66961 mm,6,STR-Model,Floor,,SOG-Mesh Bottom X,59.525083,Standard,48 mm
12 mm,340 mm,153.92 cm³,1258,1258,1361 mm,4,STR-Model,Floor,,SOG-Mesh Bottom X,1.209846,Standard,48 mm
12 mm,890 mm,402.74 cm³,1259,1259,3561 mm,4,STR-Model,Floor,,SOG-Mesh Bottom X,3.165525,Standard,48 mm
12 mm,2460 mm,7512.68 cm³,1260,1260,66427 mm,27,STR-Model,Floor,,SOG-Mesh Bottom X,59.049678,Standard,48 mm
12 mm,2160 mm,1465.91 cm³,1263,1263,12961 mm,6,STR-Model,Floor,,SOG-Mesh Bottom X,11.52205,Standard,48 mm
12 mm,11510 mm,5207.11 cm³,1251,1251,46041 mm,4,STR-Model,Floor,,SOG-Mesh Bottom X,40.927911,Standard,48 mm
12 mm,11510 mm,5207.11 cm³,1251,1251,46041 mm,4,STR-Model,Floor,,SOG-Mesh Bottom X,40.927911,Standard,48 mm
12 mm,2200 mm,746.53 cm³,1269,1269,6601 mm,3,STR-Model,Floor,,SOG-Mesh Bottom X,5.867698,Standard,48 mm
12 mm,860 mm,97.29 cm³,1270,1270,860 mm,1,STR-Model,Floor,,SOG-Mesh Bottom X,0.764713,Standard,48 mm
12 mm,11660 mm,11868.69 cm³,1249,1249,104942 mm,9,STR-Model,Floor,,SOG-Mesh Bottom X,93.287877,Standard,48 mm
12 mm,11060 mm,2501.77 cm³,1280,1280,22120 mm,2,STR-Model,Floor,,SOG-Mesh Bottom X,19.663905,Standard,48 mm
12 mm,11510 mm,11716.01 cm³,1251,1251,103592 mm,9,STR-Model,Floor,,SOG-Mesh Bottom X,92.087801,Standard,48 mm
12 mm,10910 mm,2467.84 cm³,1241,1241,21820 mm,2,STR-Model,Floor,,SOG-Mesh Bottom X,19.397222,Standard,48 mm
12 mm,8500 mm,8652.07 cm³,2194,2037,76501 mm,9,STR-Model,Floor,,SOG-Mesh Bottom X,68.005288,Standard,48 mm
12 mm,9800 mm,3325.10 cm³,2296,2296,29400 mm,3,STR-Model,Floor,,SOG-Mesh Bottom X,26.135315,Standard,48 mm
12 mm,11060 mm,6254.42 cm³,1280,1280,55301 mm,5,STR-Model,Floor,,SOG-Mesh Bottom X,49.159763,Standard,48 mm
12 mm,2971 mm,672.07 cm³,1282,1282,5942 mm,2,STR-Model,Floor,,SOG-Mesh Bottom X,5.282464,Standard,48 mm
12 mm,4780 mm,540.63 cm³,1283,1283,4780 mm,1,STR-Model,Floor,,SOG-Mesh Bottom X,4.24939,Standard,48 mm
12 mm,4048 mm,457.78 cm³,1284,1284,4048 mm,1,STR-Model,Floor,,SOG-Mesh Bottom X,3.598174,Standard,48 mm
12 mm,5697 mm,1932.87 cm³,1285,1285,17090 mm,3,STR-Model,Floor,,SOG-Mesh Bottom X,15.192362,Standard,48 mm
12 mm,942 mm,106.50 cm³,1286,1286,942 mm,1,STR-Model,Floor,,SOG-Mesh Bottom X,0.83706,Standard,48 mm
12 mm,2584 mm,292.20 cm³,1287,1287,2584 mm,1,STR-Model,Floor,,SOG-Mesh Bottom X,2.29667,Standard,48 mm
12 mm,2171 mm,245.58 cm³,1288,1288,2171 mm,1,STR-Model,Floor,,SOG-Mesh Bottom X,1.930283,Standard,48 mm
12 mm,1717 mm,194.14 cm³,1289,1289,1717 mm,1,STR-Model,Floor,,SOG-Mesh Bottom X,1.525978,Standard,48 mm
12 mm,11060 mm,1250.88 cm³,1280,1280,11060 mm,1,STR-Model,Floor,,SOG-Mesh Bottom X,9.831953,Standard,48 mm
12 mm,5535 mm,21910.76 cm³,1290,1290,193734 mm,35,STR-Model,Floor,,SOG-Mesh Bottom X,172.21859,Standard,48 mm
12 mm,4835 mm,23514.71 cm³,1291,1291,207916 mm,43,STR-Model,Floor,,SOG-Mesh Bottom X,184.825593,Standard,48 mm
12 mm,3815 mm,3883.45 cm³,1292,1292,34337 mm,9,STR-Model,Floor,,SOG-Mesh Bottom X,30.523911,Standard,48 mm
12 mm,4785 mm,541.20 cm³,1775,1629,4785 mm,1,STR-Model,Floor,,SOG-Mesh Bottom X,4.253822,Standard,48 mm
12 mm,3960 mm,15676.27 cm³,1298,1298,138609 mm,35,STR-Model,Floor,,SOG-Mesh Bottom X,123.215494,Standard,48 mm
12 mm,3860 mm,3929.25 cm³,1299,1299,34742 mm,9,STR-Model,Floor,,SOG-Mesh Bottom X,30.883934,Standard,48 mm
12 mm,3810 mm,430.93 cm³,1300,1300,3810 mm,1,STR-Model,Floor,,SOG-Mesh Bottom X,3.387101,Standard,48 mm
12 mm,11205 mm,32949.38 cm³,1327,1327,291336 mm,26,STR-Model,Floor,,SOG-Mesh Bottom X,258.98209,Standard,48 mm
12 mm,11201 mm,1266.77 cm³,1303,1303,11201 mm,1,STR-Model,Floor,,SOG-Mesh Bottom X,9.956823,Standard,48 mm
12 mm,11205 mm,16474.69 cm³,1327,1327,145668 mm,13,STR-Model,Floor,,SOG-Mesh Bottom X,129.491045,Standard,48 mm
12 mm,11206 mm,20277.07 cm³,1311,1327,179289 mm,16,STR-Model,Floor,,SOG-Mesh Bottom X,159.377772,Standard,48 mm
12 mm,8660 mm,1958.90 cm³,1304,1202,17320 mm,2,STR-Model,Floor,,SOG-Mesh Bottom X,15.396969,Standard,48 mm
12 mm,11205 mm,25345.67 cm³,1327,1327,224105 mm,20,STR-Model,Floor,,SOG-Mesh Bottom X,199.216993,Standard,48 mm
12 mm,11205 mm,5069.23 cm³,1311,1327,44822 mm,4,STR-Model,Floor,,SOG-Mesh Bottom X,39.844177,Standard,48 mm
12 mm,9385 mm,1061.45 cm³,1305,1203,9385 mm,1,STR-Model,Floor,,SOG-Mesh Bottom X,8.34297,Standard,48 mm
12 mm,8715 mm,985.68 cm³,1306,1204,8715 mm,1,STR-Model,Floor,,SOG-Mesh Bottom X,7.747456,Standard,48 mm
12 mm,11329 mm,20500.44 cm³,1302,1302,181264 mm,16,STR-Model,Floor,,SOG-Mesh Bottom X,161.133439,Standard,48 mm
12 mm,1520 mm,2579.04 cm³,1313,1313,22804 mm,15,STR-Model,Floor,,SOG-Mesh Bottom X,20.271251,Standard,48 mm
12 mm,4760 mm,3230.31 cm³,1316,1213,28562 mm,6,STR-Model,Floor,,SOG-Mesh Bottom X,25.390205,Standard,48 mm
12 mm,518 mm,703.24 cm³,1320,1320,6218 mm,12,STR-Model,Floor,,SOG-Mesh Bottom X,5.527451,Standard,48 mm
12 mm,520 mm,411.87 cm³,1372,1372,3642 mm,7,STR-Model,Floor,,SOG-Mesh Bottom X,3.237302,Standard,48 mm
12 mm,3360 mm,7600.70 cm³,1321,1321,67205 mm,20,STR-Model,Floor,,SOG-Mesh Bottom X,59.741513,Standard,48 mm
12 mm,3610 mm,8166.44 cm³,1314,1314,72207 mm,20,STR-Model,Floor,,SOG-Mesh Bottom X,64.1882,Standard,48 mm
12 mm,3208 mm,362.81 cm³,1389,1389,3208 mm,1,STR-Model,Floor,,SOG-Mesh Bottom X,2.851693,Standard,48 mm
12 mm,3610 mm,9799.73 cm³,1314,1314,86649 mm,24,STR-Model,Floor,,SOG-Mesh Bottom X,77.02584,Standard,48 mm
12 mm,4857 mm,4943.84 cm³,1325,1325,43713 mm,9,STR-Model,Floor,,SOG-Mesh Bottom X,38.858561,Standard,48 mm
12 mm,3360 mm,9120.84 cm³,1321,1321,80646 mm,24,STR-Model,Floor,,SOG-Mesh Bottom X,71.689816,Standard,48 mm
12 mm,1660 mm,187.77 cm³,1329,1227,1660 mm,1,STR-Model,Floor,,SOG-Mesh Bottom X,1.475869,Standard,48 mm
12 mm,10030 mm,12478.34 cm³,1330,1228,110333 mm,11,STR-Model,Floor,,SOG-Mesh Bottom X,98.079731,Standard,48 mm
12 mm,1606 mm,1997.97 cm³,1331,1229,17666 mm,11,STR-Model,Floor,,SOG-Mesh Bottom X,15.704014,Standard,48 mm
12 mm,4586 mm,9336.13 cm³,1332,1230,82550 mm,18,STR-Model,Floor,,SOG-Mesh Bottom X,73.381987,Standard,48 mm
12 mm,6959 mm,13380.59 cm³,1333,1231,118310 mm,17,STR-Model,Floor,,SOG-Mesh Bottom X,105.171399,Standard,48 mm
12 mm,5036 mm,7404.51 cm³,1336,1234,65470 mm,13,STR-Model,Floor,,SOG-Mesh Bottom X,58.19943,Standard,48 mm
12 mm,7050 mm,10365.74 cm³,1337,1235,91653 mm,13,STR-Model,Floor,,SOG-Mesh Bottom X,81.474678,Standard,48 mm
12 mm,7036 mm,2387.29 cm³,1338,1236,21108 mm,3,STR-Model,Floor,,SOG-Mesh Bottom X,18.764105,Standard,48 mm
12 mm,5050 mm,1713.51 cm³,1339,1237,15151 mm,3,STR-Model,Floor,,SOG-Mesh Bottom X,13.468178,Standard,48 mm
12 mm,1937 mm,12265.12 cm³,1340,1340,108447 mm,56,STR-Model,Floor,,SOG-Mesh Bottom Y,96.403854,Standard,48 mm
12 mm,1637 mm,370.18 cm³,1476,1373,3273 mm,2,STR-Model,Floor,,SOG-Mesh Bottom Y,2.909628,Standard,48 mm
12 mm,1637 mm,370.18 cm³,1476,1373,3273 mm,2,STR-Model,Floor,,SOG-Mesh Bottom Y,2.909628,Standard,48 mm
12 mm,1937 mm,12046.10 cm³,1340,1340,106511 mm,55,STR-Model,Floor,,SOG-Mesh Bottom Y,94.682356,Standard,48 mm
12 mm,1637 mm,370.18 cm³,1476,1373,3273 mm,2,STR-Model,Floor,,SOG-Mesh Bottom Y,2.909628,Standard,48 mm
12 mm,1637 mm,370.18 cm³,1476,1373,3273 mm,2,STR-Model,Floor,,SOG-Mesh Bottom Y,2.909628,Standard,48 mm
12 mm,1937 mm,9855.90 cm³,1340,1340,87145 mm,45,STR-Model,Floor,,SOG-Mesh Bottom Y,77.467382,Standard,48 mm
12 mm,1637 mm,370.18 cm³,1476,1373,3273 mm,2,STR-Model,Floor,,SOG-Mesh Bottom Y,2.909628,Standard,48 mm
12 mm,11287 mm,5105.92 cm³,1786,1640,45146 mm,4,STR-Model,Floor,,SOG-Mesh Bottom Y,40.132535,Standard,48 mm
12 mm,11687 mm,19825.79 cm³,1346,1346,175298 mm,15,STR-Model,Floor,,SOG-Mesh Bottom Y,155.830675,Standard,48 mm
12 mm,11687 mm,17182.35 cm³,1346,1346,151925 mm,13,STR-Model,Floor,,SOG-Mesh Bottom Y,135.053252,Standard,48 mm
12 mm,11087 mm,2507.72 cm³,1348,1348,22173 mm,2,STR-Model,Floor,,SOG-Mesh Bottom Y,19.710689,Standard,48 mm
12 mm,11687 mm,66085.95 cm³,1346,1346,584328 mm,50,STR-Model,Floor,,SOG-Mesh Bottom Y,519.435585,Standard,48 mm
12 mm,6736 mm,1523.76 cm³,1351,1351,13473 mm,2,STR-Model,Floor,,SOG-Mesh Bottom Y,11.976734,Standard,48 mm
12 mm,12000 mm,8143.00 cm³,1352,1250,72000 mm,6,STR-Model,Floor,,SOG-Mesh Bottom Y,64.003943,Standard,48 mm
12 mm,1800 mm,10181.56 cm³,2159,1999,90025 mm,50,STR-TRENCH,Floor,,TRENCH,80.027081,Standard,48 mm
12 mm,1800 mm,11810.61 cm³,2159,1999,104429 mm,58,STR-TRENCH,Floor,,TRENCH,92.831414,Standard,48 mm
12 mm,1800 mm,11810.61 cm³,2159,1999,104429 mm,58,STR-TRENCH,Floor,,TRENCH,92.831414,Standard,48 mm
12 mm,6237 mm,3526.69 cm³,1356,1356,31183 mm,5,STR-Model,Floor,,SOG-Mesh Bottom Y,27.719806,Standard,48 mm
12 mm,3735 mm,20276.34 cm³,1357,1357,179282 mm,48,STR-Model,Floor,,SOG-Mesh Bottom Y,159.372069,Standard,48 mm
12 mm,3435 mm,776.99 cm³,1358,1358,6870 mm,2,STR-Model,Floor,,SOG-Mesh Bottom Y,6.107136,Standard,48 mm
12 mm,1787 mm,9900.72 cm³,1359,1257,87542 mm,49,STR-Model,Floor,,SOG-Mesh Bottom Y,77.819626,Standard,48 mm
12 mm,3735 mm,23233.31 cm³,1357,1357,205428 mm,55,STR-Model,Floor,,SOG-Mesh Bottom Y,182.61383,Standard,48 mm
12 mm,3435 mm,776.99 cm³,1358,1358,6870 mm,2,STR-Model,Floor,,SOG-Mesh Bottom Y,6.107136,Standard,48 mm
12 mm,3435 mm,776.99 cm³,1358,1358,6870 mm,2,STR-Model,Floor,,SOG-Mesh Bottom Y,6.107136,Standard,48 mm
12 mm,3735 mm,23233.31 cm³,1357,1357,205428 mm,55,STR-Model,Floor,,SOG-Mesh Bottom Y,182.61383,Standard,48 mm
12 mm,3435 mm,776.99 cm³,1358,1358,6870 mm,2,STR-Model,Floor,,SOG-Mesh Bottom Y,6.107136,Standard,48 mm
12 mm,3435 mm,776.99 cm³,1358,1358,6870 mm,2,STR-Model,Floor,,SOG-Mesh Bottom Y,6.107136,Standard,48 mm
12 mm,1787 mm,11719.21 cm³,1359,1257,103621 mm,58,STR-Model,Floor,,SOG-Mesh Bottom Y,92.113026,Standard,48 mm
12 mm,1787 mm,9294.55 cm³,1359,1257,82182 mm,46,STR-Model,Floor,,SOG-Mesh Bottom Y,73.055159,Standard,48 mm
12 mm,9037 mm,9198.10 cm³,1360,1360,81329 mm,9,STR-Model,Floor,,SOG-Mesh Bottom Y,72.297066,Standard,48 mm
12 mm,1237 mm,5873.78 cm³,1361,1361,51936 mm,42,STR-Model,Floor,,SOG-Mesh Bottom Y,46.167905,Standard,48 mm
12 mm,1237 mm,6153.48 cm³,1361,1361,54409 mm,44,STR-Model,Floor,,SOG-Mesh Bottom Y,48.366377,Standard,48 mm
12 mm,1237 mm,3636.15 cm³,1361,1361,32151 mm,26,STR-Model,Floor,,SOG-Mesh Bottom Y,28.580132,Standard,48 mm
12 mm,1668 mm,1132.07 cm³,1363,1261,10010 mm,6,STR-Model,Floor,,SOG-Mesh Bottom Y,8.898061,Standard,48 mm
12 mm,9187 mm,3116.93 cm³,1364,1364,27560 mm,3,STR-Model,Floor,,SOG-Mesh Bottom Y,24.499047,Standard,48 mm
12 mm,1093 mm,865.40 cm³,1502,1502,7652 mm,7,STR-Model,Floor,,SOG-Mesh Bottom Y,6.802061,Standard,48 mm
12 mm,3418 mm,3092.66 cm³,2954,3007,27345 mm,8,STR-Model,Floor,,SOG-Mesh Bottom Y,24.308337,Standard,48 mm
12 mm,1768 mm,1599.78 cm³,1366,1366,14145 mm,8,STR-Model,Floor,,SOG-Mesh Bottom Y,12.574263,Standard,48 mm
12 mm,2838 mm,2568.05 cm³,1368,1368,22707 mm,8,STR-Model,Floor,,SOG-Mesh Bottom Y,20.184841,Standard,48 mm
12 mm,8986 mm,8130.06 cm³,1374,1374,71886 mm,8,STR-Model,Floor,,SOG-Mesh Bottom Y,63.902303,Standard,48 mm
12 mm,8884 mm,3014.32 cm³,1503,1267,26652 mm,3,STR-Model,Floor,,SOG-Mesh Bottom Y,23.692592,Standard,48 mm
12 mm,4755 mm,537.74 cm³,1370,1268,4755 mm,1,STR-Model,Floor,,SOG-Mesh Bottom X,4.226616,Standard,48 mm
12 mm,4611 mm,521.54 cm³,1371,1371,4611 mm,1,STR-Model,Floor,,SOG-Mesh Bottom Y,4.099334,Standard,48 mm
12 mm,2225 mm,251.67 cm³,1373,1271,2225 mm,1,STR-Model,Floor,,SOG-Mesh Bottom Y,1.978142,Standard,48 mm
12 mm,3175 mm,359.08 cm³,1375,1375,3175 mm,1,STR-Model,Floor,,SOG-Mesh Bottom X,2.822353,Standard,48 mm
12 mm,1192 mm,134.77 cm³,1376,1274,1192 mm,1,STR-Model,Floor,,SOG-Mesh Bottom Y,1.059262,Standard,48 mm
12 mm,8586 mm,18450.73 cm³,1379,1379,163140 mm,19,STR-Model,Floor,,SOG-Mesh Bottom Y,145.022773,Standard,48 mm
12 mm,8412 mm,951.39 cm³,1783,1637,8412 mm,1,STR-Model,Floor,,SOG-Mesh Bottom Y,7.477901,Standard,48 mm
12 mm,6787 mm,767.54 cm³,1784,1638,6787 mm,1,STR-Model,Floor,,SOG-Mesh Bottom Y,6.032881,Standard,48 mm
12 mm,3937 mm,7570.13 cm³,1384,1384,66935 mm,17,STR-Model,Floor,,SOG-Mesh Bottom Y,59.501233,Standard,48 mm
12 mm,3786 mm,428.18 cm³,1787,1787,3786 mm,1,STR-Model,Floor,,SOG-Mesh Bottom Y,3.365463,Standard,48 mm
12 mm,3937 mm,8014.74 cm³,1461,1461,70866 mm,18,STR-Model,Floor,,SOG-Mesh Bottom Y,62.995874,Standard,48 mm
12 mm,4748 mm,10203.27 cm³,1390,1390,90217 mm,19,STR-Model,Floor,,SOG-Mesh Bottom Y,80.197697,Standard,48 mm
12 mm,4738 mm,4823.13 cm³,1462,1359,42646 mm,9,STR-Model,Floor,,SOG-Mesh Bottom Y,37.909808,Standard,48 mm
12 mm,4648 mm,4731.34 cm³,2617,2649,41834 mm,9,STR-Model,Floor,,SOG-Mesh Bottom Y,37.188332,Standard,48 mm
12 mm,7037 mm,15120.51 cm³,1398,1398,133695 mm,19,STR-Model,Floor,,SOG-Mesh Bottom Y,118.847226,Standard,48 mm
12 mm,4287 mm,6302.38 cm³,1399,1399,55725 mm,13,STR-Model,Floor,,SOG-Mesh Bottom Y,49.536737,Standard,48 mm
12 mm,2335 mm,264.13 cm³,1400,1400,2335 mm,1,STR-Model,Floor,,SOG-Mesh Bottom Y,2.076026,Standard,48 mm
12 mm,1437 mm,162.51 cm³,1401,1401,1437 mm,1,STR-Model,Floor,,SOG-Mesh Bottom Y,1.27734,Standard,48 mm
12 mm,6729 mm,1522.12 cm³,1402,1402,13459 mm,2,STR-Model,Floor,,SOG-Mesh Bottom Y,11.963902,Standard,48 mm
12 mm,236 mm,293.06 cm³,1403,1403,2591 mm,11,STR-Model,Floor,,SOG-Mesh Bottom Y,2.30342,Standard,48 mm
12 mm,1436 mm,8280.51 cm³,1404,1404,73216 mm,51,STR-Model,Floor,,SOG-Mesh Bottom Y,65.084844,Standard,48 mm
12 mm,2636 mm,596.21 cm³,1405,1405,5272 mm,2,STR-Model,Floor,,SOG-Mesh Bottom Y,4.686234,Standard,48 mm
12 mm,2336 mm,1056.71 cm³,1406,1304,9343 mm,4,STR-Model,Floor,,SOG-Mesh Bottom Y,8.305711,Standard,48 mm
12 mm,2336 mm,528.35 cm³,1406,1304,4672 mm,2,STR-Model,Floor,,SOG-Mesh Bottom Y,4.152855,Standard,48 mm
12 mm,486 mm,2750.41 cm³,1407,1407,24319 mm,50,STR-Model,Floor,,SOG-Mesh Bottom Y,21.618237,Standard,48 mm
12 mm,1664 mm,2070.65 cm³,1777,1631,18309 mm,11,STR-Model,Floor,,SOG-Mesh Bottom Y,16.27528,Standard,48 mm
12 mm,1687 mm,572.24 cm³,1778,1778,5060 mm,3,STR-Model,Floor,,SOG-Mesh Bottom Y,4.497783,Standard,48 mm
12 mm,1687 mm,953.73 cm³,1778,1778,8433 mm,5,STR-Model,Floor,,SOG-Mesh Bottom Y,7.496306,Standard,48 mm
12 mm,1687 mm,5531.62 cm³,1778,1778,48910 mm,29,STR-Model,Floor,,SOG-Mesh Bottom Y,43.478572,Standard,48 mm
12 mm,915 mm,310.35 cm³,1776,1630,2744 mm,3,STR-Model,Floor,,SOG-Mesh Bottom Y,2.439366,Standard,48 mm
12 mm,530 mm,179.77 cm³,1417,1417,1589 mm,3,STR-Model,Floor,,SOG-Mesh Bottom Y,1.412961,Standard,48 mm
12 mm,1387 mm,156.89 cm³,1779,1779,1387 mm,1,STR-Model,Floor,,SOG-Mesh Bottom Y,1.233175,Standard,48 mm
12 mm,963 mm,871.63 cm³,1780,1780,7707 mm,8,STR-Model,Floor,,SOG-Mesh Bottom Y,6.851009,Standard,48 mm
12 mm,8486 mm,23994.54 cm³,1421,1318,212158 mm,25,STR-Model,Floor,,SOG-Mesh Bottom Y,188.597075,Standard,48 mm
12 mm,8486 mm,19195.63 cm³,1421,1318,169727 mm,20,STR-Model,Floor,,SOG-Mesh Bottom Y,150.87766,Standard,48 mm
12 mm,6767 mm,6887.52 cm³,1426,1323,60899 mm,9,STR-Model,Floor,,SOG-Mesh Bottom Y,54.135918,Standard,48 mm
12 mm,2891 mm,4577.00 cm³,1429,1429,40470 mm,14,STR-Model,Floor,,SOG-Mesh Bottom Y,35.975204,Standard,48 mm
12 mm,4688 mm,12194.39 cm³,1430,1430,107822 mm,23,STR-Model,Floor,,SOG-Mesh Bottom Y,95.847944,Standard,48 mm
12 mm,3916 mm,4428.43 cm³,1431,1328,39156 mm,10,STR-Model,Floor,,SOG-Mesh Bottom Y,34.80749,Standard,48 mm
12 mm,7955 mm,4498.45 cm³,1432,1329,39775 mm,5,STR-Model,Floor,,SOG-Mesh Bottom Y,35.357817,Standard,48 mm
12 mm,3915 mm,4427.33 cm³,1433,1433,39146 mm,10,STR-Model,Floor,,SOG-Mesh Bottom Y,34.798798,Standard,48 mm
12 mm,3575 mm,9298.23 cm³,1434,1331,82214 mm,23,STR-Model,Floor,,SOG-Mesh Bottom Y,73.084071,Standard,48 mm
12 mm,3207 mm,5078.24 cm³,1435,1332,44901 mm,14,STR-Model,Floor,,SOG-Mesh Bottom Y,39.914939,Standard,48 mm
12 mm,7751 mm,20162.03 cm³,1425,1322,178271 mm,23,STR-Model,Floor,,SOG-Mesh Bottom Y,158.473539,Standard,48 mm
12 mm,11223 mm,1269.25 cm³,1437,1334,11223 mm,1,STR-Model,Floor,,SOG-Mesh Bottom X,9.97627,Standard,48 mm
12 mm,12000 mm,13571.73 cm³,1438,1335,120000 mm,10,STR-Model,Floor,,SOG-Mesh Bottom Y,106.673828,Standard,48 mm
12 mm,3390 mm,3834.54 cm³,1439,1336,33905 mm,10,STR-Model,Floor,,SOG-Mesh Bottom Y,30.13949,Standard,48 mm
12 mm,11000 mm,33589.97 cm³,1440,1337,297001 mm,27,STR-Model,Floor,,SOG-Mesh Bottom Y,264.017177,Standard,48 mm
12 mm,11999 mm,36639.12 cm³,1441,1441,323961 mm,27,STR-Model,Floor,,SOG-Mesh Bottom Y,287.983479,Standard,48 mm
12 mm,6078 mm,7561.65 cm³,1442,1339,66860 mm,11,STR-Model,Floor,,SOG-Mesh Bottom Y,59.434574,Standard,48 mm
12 mm,1175 mm,1461.66 cm³,1443,1443,12924 mm,11,STR-Model,Floor,,SOG-Mesh Bottom Y,11.488618,Standard,48 mm
12 mm,6372 mm,11530.77 cm³,1444,1341,101954 mm,16,STR-Model,Floor,,SOG-Mesh Bottom Y,90.631887,Standard,48 mm
12 mm,5854 mm,3310.57 cm³,1445,1342,29272 mm,5,STR-Model,Floor,,SOG-Mesh Bottom Y,26.021062,Standard,48 mm
12 mm,3338 mm,1887.59 cm³,1446,1446,16690 mm,5,STR-Model,Floor,,SOG-Mesh Bottom Y,14.836492,Standard,48 mm
12 mm,12000 mm,6785.85 cm³,1447,1447,60000 mm,5,STR-Model,Floor,,SOG-Mesh Bottom Y,53.33681,Standard,48 mm
12 mm,9573 mm,5413.56 cm³,1448,1448,47866 mm,5,STR-Model,Floor,,SOG-Mesh Bottom Y,42.55062,Standard,48 mm
12 mm,11660 mm,11868.69 cm³,1249,1249,104942 mm,9,STR-Model,Floor,,SOG-Mesh TOP X,93.287877,Standard,48 mm
12 mm,11510 mm,11716.01 cm³,1251,1251,103592 mm,9,STR-Model,Floor,,SOG-Mesh TOP X,92.087801,Standard,48 mm
12 mm,11060 mm,6254.42 cm³,1280,1280,55301 mm,5,STR-Model,Floor,,SOG-Mesh TOP X,49.159763,Standard,48 mm
12 mm,4835 mm,23514.71 cm³,1291,1291,207916 mm,43,STR-Model,Floor,,SOG-Mesh TOP X,184.825593,Standard,48 mm
12 mm,3815 mm,3883.45 cm³,1292,1292,34337 mm,9,STR-Model,Floor,,SOG-Mesh TOP X,30.523911,Standard,48 mm
12 mm,3860 mm,3929.25 cm³,1299,1299,34742 mm,9,STR-Model,Floor,,SOG-Mesh TOP X,30.883934,Standard,48 mm
12 mm,2171 mm,245.58 cm³,1288,1288,2171 mm,1,STR-Model,Floor,,SOG-Mesh TOP X,1.930283,Standard,48 mm
12 mm,5649 mm,3194.31 cm³,2250,2250,28244 mm,5,STR-Model,Floor,,SOG-Mesh TOP X,25.107238,Standard,48 mm
12 mm,1688 mm,190.94 cm³,2251,2251,1688 mm,1,STR-Model,Floor,,SOG-Mesh TOP X,1.500785,Standard,48 mm
12 mm,2914 mm,659.10 cm³,1463,1463,5828 mm,2,STR-Model,Floor,,SOG-Mesh TOP X,5.180506,Standard,48 mm
12 mm,2557 mm,289.19 cm³,2253,2253,2557 mm,1,STR-Model,Floor,,SOG-Mesh TOP X,2.273033,Standard,48 mm
12 mm,11060 mm,2501.77 cm³,1280,1280,22120 mm,2,STR-Model,Floor,,SOG-Mesh TOP X,19.663905,Standard,48 mm
12 mm,10910 mm,2467.84 cm³,1241,1241,21820 mm,2,STR-Model,Floor,,SOG-Mesh TOP X,19.397222,Standard,48 mm
12 mm,3855 mm,12207.91 cm³,1450,1450,107942 mm,28,STR-Model,Floor,,SOG-Mesh TOP X,95.95416,Standard,48 mm
12 mm,3555 mm,804.15 cm³,1452,1452,7110 mm,2,STR-Model,Floor,,SOG-Mesh TOP X,6.32062,Standard,48 mm
12 mm,4200 mm,27076.30 cm³,1454,1454,239407 mm,57,STR-Model,Floor,,SOG-Mesh TOP X,212.819724,Standard,48 mm
12 mm,3705 mm,838.08 cm³,1455,1352,7410 mm,2,STR-Model,Floor,,SOG-Mesh TOP X,6.587303,Standard,48 mm
12 mm,3555 mm,804.15 cm³,1452,1452,7110 mm,2,STR-Model,Floor,,SOG-Mesh TOP X,6.32062,Standard,48 mm
12 mm,10910 mm,2467.84 cm³,1241,1241,21820 mm,2,STR-Model,Floor,,SOG-Mesh TOP X,19.397222,Standard,48 mm
12 mm,11205 mm,22810.85 cm³,1458,1458,201692 mm,18,STR-Model,Floor,,SOG-Mesh TOP X,179.293311,Standard,48 mm
12 mm,12000 mm,46143.80 cm³,1459,1459,408001 mm,34,STR-Model,Floor,,SOG-Mesh TOP X,362.690305,Standard,48 mm
12 mm,10910 mm,2467.84 cm³,1241,1241,21820 mm,2,STR-Model,Floor,,SOG-Mesh TOP X,19.397222,Standard,48 mm
12 mm,11660 mm,23737.37 cm³,1249,1249,209884 mm,18,STR-Model,Floor,,SOG-Mesh TOP X,186.575753,Standard,48 mm
12 mm,10860 mm,2456.57 cm³,1243,1243,21721 mm,2,STR-Model,Floor,,SOG-Mesh TOP X,19.308654,Standard,48 mm
12 mm,1920 mm,1085.87 cm³,1245,1245,9601 mm,5,STR-Model,Floor,,SOG-Mesh TOP X,8.534974,Standard,48 mm
12 mm,11660 mm,13187.43 cm³,1249,1249,116602 mm,10,STR-Model,Floor,,SOG-Mesh TOP X,103.653196,Standard,48 mm
12 mm,1000 mm,3506.18 cm³,1246,1246,31001 mm,31,STR-Model,Floor,,SOG-Mesh TOP X,27.558613,Standard,48 mm
12 mm,11660 mm,5274.97 cm³,1249,1249,46641 mm,4,STR-Model,Floor,,SOG-Mesh TOP X,41.461279,Standard,48 mm
12 mm,10916 mm,2469.19 cm³,1242,1242,21832 mm,2,STR-Model,Floor,,SOG-Mesh TOP X,19.407817,Standard,48 mm
12 mm,10900 mm,2465.58 cm³,1220,1220,21800 mm,2,STR-Model,Floor,,SOG-Mesh TOP X,19.379443,Standard,48 mm
12 mm,11510 mm,23432.01 cm³,1251,1251,207184 mm,18,STR-Model,Floor,,SOG-Mesh TOP X,184.175602,Standard,48 mm
12 mm,11510 mm,23432.01 cm³,1251,1251,207184 mm,18,STR-Model,Floor,,SOG-Mesh TOP X,184.175602,Standard,48 mm
12 mm,11510 mm,13017.78 cm³,1251,1251,115102 mm,10,STR-Model,Floor,,SOG-Mesh TOP X,102.319779,Standard,48 mm
12 mm,11510 mm,13017.78 cm³,1251,1251,115102 mm,10,STR-Model,Floor,,SOG-Mesh TOP X,102.319779,Standard,48 mm
12 mm,2460 mm,7512.68 cm³,1260,1260,66427 mm,27,STR-Model,Floor,,SOG-Mesh TOP X,59.049678,Standard,48 mm
12 mm,2160 mm,1221.59 cm³,1263,1263,10801 mm,5,STR-Model,Floor,,SOG-Mesh TOP X,9.601708,Standard,48 mm
12 mm,11160 mm,3786.58 cm³,1223,1223,33481 mm,3,STR-Model,Floor,,SOG-Mesh TOP X,29.762541,Standard,48 mm
12 mm,340 mm,153.92 cm³,1258,1258,1361 mm,4,STR-Model,Floor,,SOG-Mesh TOP X,1.209846,Standard,48 mm
12 mm,890 mm,402.74 cm³,1259,1259,3561 mm,4,STR-Model,Floor,,SOG-Mesh TOP X,3.165525,Standard,48 mm
12 mm,11160 mm,7573.17 cm³,1223,1223,66961 mm,6,STR-Model,Floor,,SOG-Mesh TOP X,59.525083,Standard,48 mm
12 mm,10260 mm,2320.81 cm³,1222,1222,20520 mm,2,STR-Model,Floor,,SOG-Mesh TOP X,18.241593,Standard,48 mm
12 mm,4710 mm,532.72 cm³,2958,3021,4710 mm,1,STR-Model,Floor,,SOG-Mesh TOP X,4.187151,Standard,48 mm
12 mm,520 mm,411.87 cm³,1372,1372,3642 mm,7,STR-Model,Floor,,SOG-Mesh TOP X,3.237302,Standard,48 mm
12 mm,518 mm,703.24 cm³,1320,1320,6218 mm,12,STR-Model,Floor,,SOG-Mesh TOP X,5.527451,Standard,48 mm
12 mm,3175 mm,359.08 cm³,1375,1375,3175 mm,1,STR-Model,Floor,,SOG-Mesh TOP X,2.822353,Standard,48 mm
12 mm,3610 mm,9799.73 cm³,1314,1314,86649 mm,24,STR-Model,Floor,,SOG-Mesh TOP X,77.02584,Standard,48 mm
12 mm,3610 mm,8166.44 cm³,1314,1314,72207 mm,20,STR-Model,Floor,,SOG-Mesh TOP X,64.1882,Standard,48 mm
12 mm,3360 mm,7600.70 cm³,1321,1321,67205 mm,20,STR-Model,Floor,,SOG-Mesh TOP X,59.741513,Standard,48 mm
12 mm,3208 mm,362.81 cm³,1389,1389,3208 mm,1,STR-Model,Floor,,SOG-Mesh TOP X,2.851693,Standard,48 mm
12 mm,3360 mm,9120.84 cm³,1321,1321,80646 mm,24,STR-Model,Floor,,SOG-Mesh TOP X,71.689816,Standard,48 mm
12 mm,1660 mm,187.77 cm³,1329,1227,1660 mm,1,STR-Model,Floor,,SOG-Mesh TOP X,1.475869,Standard,48 mm
12 mm,10260 mm,2320.81 cm³,1222,1222,20520 mm,2,STR-Model,Floor,,SOG-Mesh TOP X,18.241593,Standard,48 mm
12 mm,8540 mm,12556.43 cm³,1221,1221,111023 mm,13,STR-Model,Floor,,SOG-Mesh TOP X,98.693544,Standard,48 mm
12 mm,11160 mm,15146.33 cm³,1223,1223,133923 mm,12,STR-Model,Floor,,SOG-Mesh TOP X,119.050165,Standard,48 mm
12 mm,10960 mm,4958.30 cm³,1224,1224,43841 mm,4,STR-Model,Floor,,SOG-Mesh TOP X,38.972232,Standard,48 mm
12 mm,11160 mm,6310.97 cm³,1223,1223,55801 mm,5,STR-Model,Floor,,SOG-Mesh TOP X,49.604236,Standard,48 mm
12 mm,4020 mm,454.63 cm³,2244,2244,4020 mm,1,STR-Model,Floor,,SOG-Mesh TOP X,3.573384,Standard,48 mm
12 mm,924 mm,104.56 cm³,2252,2252,924 mm,1,STR-Model,Floor,,SOG-Mesh TOP X,0.821814,Standard,48 mm
12 mm,5535 mm,21910.76 cm³,1290,1290,193734 mm,35,STR-Model,Floor,,SOG-Mesh TOP X,172.21859,Standard,48 mm
12 mm,3960 mm,15676.27 cm³,1298,1298,138609 mm,35,STR-Model,Floor,,SOG-Mesh TOP X,123.215494,Standard,48 mm
12 mm,3810 mm,430.93 cm³,1300,1300,3810 mm,1,STR-Model,Floor,,SOG-Mesh TOP X,3.387101,Standard,48 mm
12 mm,11205 mm,32949.38 cm³,1327,1327,291336 mm,26,STR-Model,Floor,,SOG-Mesh TOP X,258.98209,Standard,48 mm
12 mm,10387 mm,12922.39 cm³,1464,1464,114259 mm,11,STR-Model,Floor,,SOG-Mesh TOP X,101.569948,Standard,48 mm
12 mm,1406 mm,1749.47 cm³,1465,1362,15469 mm,11,STR-Model,Floor,,SOG-Mesh TOP X,13.750847,Standard,48 mm
12 mm,4672 mm,9511.54 cm³,1466,1363,84100 mm,18,STR-Model,Floor,,SOG-Mesh TOP X,74.760688,Standard,48 mm
12 mm,11205 mm,16474.69 cm³,1327,1327,145668 mm,13,STR-Model,Floor,,SOG-Mesh TOP X,129.491045,Standard,48 mm
12 mm,8660 mm,2938.35 cm³,1304,1202,25981 mm,3,STR-Model,Floor,,SOG-Mesh TOP X,23.095453,Standard,48 mm
12 mm,11206 mm,20277.07 cm³,1311,1327,179289 mm,16,STR-Model,Floor,,SOG-Mesh TOP X,159.377772,Standard,48 mm
12 mm,11205 mm,5069.23 cm³,1311,1327,44822 mm,4,STR-Model,Floor,,SOG-Mesh TOP X,39.844177,Standard,48 mm
12 mm,9385 mm,1061.45 cm³,1305,1203,9385 mm,1,STR-Model,Floor,,SOG-Mesh TOP X,8.34297,Standard,48 mm
12 mm,11205 mm,25345.67 cm³,1327,1327,224105 mm,20,STR-Model,Floor,,SOG-Mesh TOP X,199.216993,Standard,48 mm
12 mm,8715 mm,985.68 cm³,1306,1204,8715 mm,1,STR-Model,Floor,,SOG-Mesh TOP X,7.747456,Standard,48 mm
12 mm,11329 mm,20500.44 cm³,1302,1302,181264 mm,16,STR-Model,Floor,,SOG-Mesh TOP X,161.133439,Standard,48 mm
12 mm,7406 mm,10889.48 cm³,1470,1470,96284 mm,13,STR-Model,Floor,,SOG-Mesh TOP X,85.591336,Standard,48 mm
12 mm,4651 mm,6838.57 cm³,1471,1471,60466 mm,13,STR-Model,Floor,,SOG-Mesh TOP X,53.751148,Standard,48 mm
12 mm,5405 mm,1833.75 cm³,1472,1369,16214 mm,3,STR-Model,Floor,,SOG-Mesh TOP X,14.413307,Standard,48 mm
12 mm,6641 mm,2253.32 cm³,1473,1370,19924 mm,3,STR-Model,Floor,,SOG-Mesh TOP X,17.711113,Standard,48 mm
12 mm,11205 mm,1267.28 cm³,1327,1327,11205 mm,1,STR-Model,Floor,,SOG-Mesh TOP X,9.96085,Standard,48 mm
12 mm,3684 mm,416.65 cm³,1475,1475,3684 mm,1,STR-Model,Floor,,SOG-Mesh TOP X,3.274864,Standard,48 mm
12 mm,1637 mm,370.18 cm³,1476,1373,3273 mm,2,STR-Model,Floor,,SOG-Mesh TOP Y,2.909628,Standard,48 mm
12 mm,1937 mm,12265.12 cm³,1340,1340,108447 mm,56,STR-Model,Floor,,SOG-Mesh TOP Y,96.403854,Standard,48 mm
12 mm,1637 mm,370.18 cm³,1476,1373,3273 mm,2,STR-Model,Floor,,SOG-Mesh TOP Y,2.909628,Standard,48 mm
12 mm,1637 mm,370.18 cm³,1476,1373,3273 mm,2,STR-Model,Floor,,SOG-Mesh TOP Y,2.909628,Standard,48 mm
12 mm,1937 mm,12046.10 cm³,1340,1340,106511 mm,55,STR-Model,Floor,,SOG-Mesh TOP Y,94.682356,Standard,48 mm
12 mm,1637 mm,370.18 cm³,1476,1373,3273 mm,2,STR-Model,Floor,,SOG-Mesh TOP Y,2.909628,Standard,48 mm
12 mm,1637 mm,555.27 cm³,1476,1373,4910 mm,3,STR-Model,Floor,,SOG-Mesh TOP Y,4.364442,Standard,48 mm
12 mm,11267 mm,5097.04 cm³,1344,1344,45068 mm,4,STR-Model,Floor,,SOG-Mesh TOP Y,40.06274,Standard,48 mm
12 mm,11687 mm,19825.79 cm³,1346,1346,175298 mm,15,STR-Model,Floor,,SOG-Mesh TOP Y,155.830675,Standard,48 mm
12 mm,11687 mm,15860.63 cm³,1346,1346,140239 mm,12,STR-Model,Floor,,SOG-Mesh TOP Y,124.66454,Standard,48 mm
12 mm,11087 mm,2507.72 cm³,1348,1348,22173 mm,2,STR-Model,Floor,,SOG-Mesh TOP Y,19.710689,Standard,48 mm
12 mm,12000 mm,8143.00 cm³,1352,1250,72000 mm,6,STR-Model,Floor,,SOG-Mesh TOP Y,64.003943,Standard,48 mm
12 mm,1668 mm,1132.07 cm³,1363,1261,10010 mm,6,STR-Model,Floor,,SOG-Mesh TOP Y,8.898061,Standard,48 mm
12 mm,6237 mm,3526.69 cm³,1356,1356,31183 mm,5,STR-Model,Floor,,SOG-Mesh TOP Y,27.719806,Standard,48 mm
12 mm,1237 mm,7552.00 cm³,1361,1361,66774 mm,54,STR-Model,Floor,,SOG-Mesh TOP Y,59.358735,Standard,48 mm
12 mm,3735 mm,20276.34 cm³,1357,1357,179282 mm,48,STR-Model,Floor,,SOG-Mesh TOP Y,159.372069,Standard,48 mm
12 mm,1787 mm,9900.72 cm³,1359,1257,87542 mm,49,STR-Model,Floor,,SOG-Mesh TOP Y,77.819626,Standard,48 mm
12 mm,7379 mm,15022.01 cm³,1467,1467,132824 mm,18,STR-Model,Floor,,SOG-Mesh TOP X,118.073016,Standard,48 mm
12 mm,3435 mm,776.99 cm³,1358,1358,6870 mm,2,STR-Model,Floor,,SOG-Mesh TOP Y,6.107136,Standard,48 mm
12 mm,3435 mm,776.99 cm³,1358,1358,6870 mm,2,STR-Model,Floor,,SOG-Mesh TOP Y,6.107136,Standard,48 mm
12 mm,3735 mm,23233.31 cm³,1357,1357,205428 mm,55,STR-Model,Floor,,SOG-Mesh TOP Y,182.61383,Standard,48 mm
12 mm,1237 mm,8111.41 cm³,1361,1361,71721 mm,58,STR-Model,Floor,,SOG-Mesh TOP Y,63.755679,Standard,48 mm
12 mm,1787 mm,11719.21 cm³,1359,1257,103621 mm,58,STR-Model,Floor,,SOG-Mesh TOP Y,92.113026,Standard,48 mm
12 mm,3435 mm,776.99 cm³,1358,1358,6870 mm,2,STR-Model,Floor,,SOG-Mesh TOP Y,6.107136,Standard,48 mm
12 mm,1787 mm,9294.55 cm³,1359,1257,82182 mm,46,STR-Model,Floor,,SOG-Mesh TOP Y,73.055159,Standard,48 mm
12 mm,1237 mm,6433.19 cm³,1361,1361,56882 mm,46,STR-Model,Floor,,SOG-Mesh TOP Y,50.564849,Standard,48 mm
12 mm,3435 mm,776.99 cm³,1358,1358,6870 mm,2,STR-Model,Floor,,SOG-Mesh TOP Y,6.107136,Standard,48 mm
12 mm,3735 mm,23233.31 cm³,1357,1357,205428 mm,55,STR-Model,Floor,,SOG-Mesh TOP Y,182.61383,Standard,48 mm
12 mm,11623 mm,67042.67 cm³,2273,2273,592787 mm,51,STR-Model,Floor,,SOG-Mesh TOP Y,526.955372,Standard,48 mm
12 mm,9037 mm,9198.10 cm³,1360,1360,81329 mm,9,STR-Model,Floor,,SOG-Mesh TOP Y,72.297066,Standard,48 mm
12 mm,9187 mm,3116.93 cm³,1364,1364,27560 mm,3,STR-Model,Floor,,SOG-Mesh TOP Y,24.499047,Standard,48 mm
12 mm,8884 mm,3014.32 cm³,1503,1267,26652 mm,3,STR-Model,Floor,,SOG-Mesh TOP Y,23.692592,Standard,48 mm
12 mm,1093 mm,865.40 cm³,1502,1502,7652 mm,7,STR-Model,Floor,,SOG-Mesh TOP Y,6.802061,Standard,48 mm
12 mm,3418 mm,3092.66 cm³,2954,3007,27345 mm,8,STR-Model,Floor,,SOG-Mesh TOP Y,24.308337,Standard,48 mm
12 mm,3435 mm,776.99 cm³,1358,1358,6870 mm,2,STR-Model,Floor,,SOG-Mesh TOP Y,6.107136,Standard,48 mm
12 mm,6736 mm,1523.76 cm³,1351,1351,13473 mm,2,STR-Model,Floor,,SOG-Mesh TOP Y,11.976734,Standard,48 mm
12 mm,2336 mm,528.35 cm³,1406,1304,4672 mm,2,STR-Model,Floor,,SOG-Mesh TOP Y,4.152855,Standard,48 mm
12 mm,6729 mm,1522.12 cm³,1402,1402,13459 mm,2,STR-Model,Floor,,SOG-Mesh TOP Y,11.963902,Standard,48 mm
12 mm,1687 mm,1907.46 cm³,1778,1778,16866 mm,10,STR-Model,Floor,,SOG-Mesh TOP Y,14.992611,Standard,48 mm
12 mm,1192 mm,134.77 cm³,1376,1274,1192 mm,1,STR-Model,Floor,,SOG-Mesh TOP Y,1.059262,Standard,48 mm
12 mm,7037 mm,15120.51 cm³,1398,1398,133695 mm,19,STR-Model,Floor,,SOG-Mesh TOP Y,118.847226,Standard,48 mm
12 mm,8986 mm,8130.06 cm³,1374,1374,71886 mm,8,STR-Model,Floor,,SOG-Mesh TOP Y,63.902303,Standard,48 mm
12 mm,1768 mm,1799.75 cm³,1366,1366,15913 mm,9,STR-Model,Floor,,SOG-Mesh TOP Y,14.146045,Standard,48 mm
12 mm,931 mm,105.28 cm³,3329,3303,931 mm,1,STR-Model,Floor,,SOG-Mesh TOP Y,0.827508,Standard,48 mm
12 mm,515 mm,58.19 cm³,2306,2306,515 mm,1,STR-Model,Floor,,SOG-Mesh TOP Y,0.457381,Standard,48 mm
12 mm,2838 mm,2889.05 cm³,1368,1368,25545 mm,9,STR-Model,Floor,,SOG-Mesh TOP Y,22.707946,Standard,48 mm
12 mm,1687 mm,572.24 cm³,1778,1778,5060 mm,3,STR-Model,Floor,,SOG-Mesh TOP Y,4.497783,Standard,48 mm
12 mm,1686 mm,762.83 cm³,2305,2305,6745 mm,4,STR-Model,Floor,,SOG-Mesh TOP Y,5.995854,Standard,48 mm
12 mm,1385 mm,156.61 cm³,1418,1418,1385 mm,1,STR-Model,Floor,,SOG-Mesh TOP Y,1.230992,Standard,48 mm
12 mm,3937 mm,8460.01 cm³,1461,1461,74803 mm,19,STR-Model,Floor,,SOG-Mesh TOP Y,66.495645,Standard,48 mm
12 mm,4748 mm,10203.27 cm³,1390,1390,90217 mm,19,STR-Model,Floor,,SOG-Mesh TOP Y,80.197697,Standard,48 mm
12 mm,931 mm,841.93 cm³,1419,1316,7444 mm,8,STR-Model,Floor,,SOG-Mesh TOP Y,6.617566,Standard,48 mm
12 mm,1660 mm,5068.99 cm³,1415,1415,44820 mm,27,STR-Model,Floor,,SOG-Mesh TOP Y,39.842278,Standard,48 mm
12 mm,3937 mm,7570.13 cm³,1384,1384,66935 mm,17,STR-Model,Floor,,SOG-Mesh TOP Y,59.501233,Standard,48 mm
12 mm,4738 mm,4823.13 cm³,1462,1359,42646 mm,9,STR-Model,Floor,,SOG-Mesh TOP Y,37.909808,Standard,48 mm
12 mm,4287 mm,6302.38 cm³,1399,1399,55725 mm,13,STR-Model,Floor,,SOG-Mesh TOP Y,49.536737,Standard,48 mm
12 mm,4648 mm,4731.34 cm³,2617,2649,41834 mm,9,STR-Model,Floor,,SOG-Mesh TOP Y,37.188332,Standard,48 mm
12 mm,236 mm,293.06 cm³,1403,1403,2591 mm,11,STR-Model,Floor,,SOG-Mesh TOP Y,2.30342,Standard,48 mm
12 mm,2336 mm,1056.71 cm³,1406,1304,9343 mm,4,STR-Model,Floor,,SOG-Mesh TOP Y,8.305711,Standard,48 mm
12 mm,2636 mm,596.21 cm³,1405,1405,5272 mm,2,STR-Model,Floor,,SOG-Mesh TOP Y,4.686234,Standard,48 mm
12 mm,3694 mm,417.79 cm³,1386,1386,3694 mm,1,STR-Model,Floor,,SOG-Mesh TOP Y,3.283867,Standard,48 mm
12 mm,2335 mm,264.13 cm³,1400,1400,2335 mm,1,STR-Model,Floor,,SOG-Mesh TOP Y,2.076026,Standard,48 mm
12 mm,1437 mm,162.51 cm³,1401,1401,1437 mm,1,STR-Model,Floor,,SOG-Mesh TOP Y,1.27734,Standard,48 mm
12 mm,6767 mm,6887.52 cm³,1426,1323,60899 mm,9,STR-Model,Floor,,SOG-Mesh TOP Y,54.135918,Standard,48 mm
12 mm,8486 mm,19195.63 cm³,1421,1318,169727 mm,20,STR-Model,Floor,,SOG-Mesh TOP Y,150.87766,Standard,48 mm
12 mm,8486 mm,23994.54 cm³,1421,1318,212158 mm,25,STR-Model,Floor,,SOG-Mesh TOP Y,188.597075,Standard,48 mm
12 mm,8586 mm,18450.73 cm³,1379,1379,163140 mm,19,STR-Model,Floor,,SOG-Mesh TOP Y,145.022773,Standard,48 mm
12 mm,6743 mm,762.59 cm³,1382,1382,6743 mm,1,STR-Model,Floor,,SOG-Mesh TOP Y,5.993973,Standard,48 mm
12 mm,8139 mm,21172.09 cm³,1481,1380,187202 mm,23,STR-Model,Floor,,SOG-Mesh TOP Y,166.412659,Standard,48 mm
12 mm,3573 mm,5657.47 cm³,1482,1381,50023 mm,14,STR-Model,Floor,,SOG-Mesh TOP Y,44.467709,Standard,48 mm
12 mm,3865 mm,10052.83 cm³,1484,1383,88887 mm,23,STR-Model,Floor,,SOG-Mesh TOP Y,79.015241,Standard,48 mm
12 mm,12001 mm,13572.62 cm³,1485,1485,120008 mm,10,STR-Model,Floor,,SOG-Mesh TOP Y,106.680773,Standard,48 mm
12 mm,4201 mm,4275.71 cm³,1486,1385,37806 mm,9,STR-Model,Floor,,SOG-Mesh TOP Y,33.607117,Standard,48 mm
12 mm,3164 mm,8229.09 cm³,1487,1487,72761 mm,23,STR-Model,Floor,,SOG-Mesh TOP Y,64.680617,Standard,48 mm
12 mm,3916 mm,4428.43 cm³,1431,1328,39156 mm,10,STR-Model,Floor,,SOG-Mesh TOP Y,34.80749,Standard,48 mm
12 mm,3915 mm,4427.33 cm³,1433,1433,39146 mm,10,STR-Model,Floor,,SOG-Mesh TOP Y,34.798798,Standard,48 mm
12 mm,3651 mm,5781.34 cm³,1488,1387,51118 mm,14,STR-Model,Floor,,SOG-Mesh TOP Y,45.44131,Standard,48 mm
12 mm,7955 mm,4498.45 cm³,1432,1329,39775 mm,5,STR-Model,Floor,,SOG-Mesh TOP Y,35.357817,Standard,48 mm
12 mm,11000 mm,33589.97 cm³,1440,1337,297001 mm,27,STR-Model,Floor,,SOG-Mesh TOP Y,264.017177,Standard,48 mm
12 mm,12000 mm,36643.54 cm³,433,433,324000 mm,27,STR-Model,Floor,,SOG-Mesh TOP Y,288.018199,Standard,48 mm
12 mm,6385 mm,7943.94 cm³,1489,1388,70240 mm,11,STR-Model,Floor,,SOG-Mesh TOP Y,62.439363,Standard,48 mm
12 mm,774 mm,962.76 cm³,1490,1490,8513 mm,11,STR-Model,Floor,,SOG-Mesh TOP Y,7.567269,Standard,48 mm
12 mm,6372 mm,11530.77 cm³,1444,1341,101954 mm,16,STR-Model,Floor,,SOG-Mesh TOP Y,90.631887,Standard,48 mm
12 mm,6242 mm,3529.58 cm³,1492,1492,31208 mm,5,STR-Model,Floor,,SOG-Mesh TOP Y,27.742495,Standard,48 mm
12 mm,11982 mm,6775.81 cm³,1491,1491,59911 mm,5,STR-Model,Floor,,SOG-Mesh TOP Y,53.257905,Standard,48 mm
12 mm,9929 mm,5614.53 cm³,1903,1748,49643 mm,5,STR-Model,Floor,,SOG-Mesh TOP Y,44.130181,Standard,48 mm
12 mm,2524 mm,1427.20 cm³,1493,1493,12619 mm,5,STR-Model,Floor,,SOG-Mesh TOP Y,11.217757,Standard,48 mm
12 mm,700 mm,3959.81 cm³,2158,2158,35012 mm,50,STR-TRENCH,Wall,,TRENCH,31.12409,Standard,48 mm
12 mm,700 mm,3959.81 cm³,2158,2158,35012 mm,50,STR-TRENCH,Wall,200 THK. RC TRENCH,TRENCH,31.12409,Standard,48 mm
12 mm,750 mm,4242.55 cm³,1495,1495,37512 mm,50,STR-TRENCH,Floor,,TRENCH,33.346453,Standard,48 mm
12 mm,700 mm,4593.38 cm³,2158,2158,40614 mm,58,STR-TRENCH,Wall,,TRENCH,36.103945,Standard,48 mm
12 mm,700 mm,4593.38 cm³,2158,2158,40614 mm,58,STR-TRENCH,Wall,,TRENCH,36.103945,Standard,48 mm
12 mm,750 mm,4921.36 cm³,1495,1495,43514 mm,58,STR-TRENCH,Floor,,TRENCH,38.681885,Standard,48 mm
12 mm,700 mm,4593.38 cm³,2158,2158,40614 mm,58,STR-TRENCH,Wall,,TRENCH,36.103945,Standard,48 mm
12 mm,700 mm,4593.38 cm³,2158,2158,40614 mm,58,STR-TRENCH,Wall,,TRENCH,36.103945,Standard,48 mm
12 mm,750 mm,4921.36 cm³,1495,1495,43514 mm,58,STR-TRENCH,Floor,,TRENCH,38.681885,Standard,48 mm
12 mm,1800 mm,10385.19 cm³,2159,1999,91825 mm,51,STR-TRENCH,Floor,,TRENCH,81.627623,Standard,48 mm
12 mm,700 mm,4039.00 cm³,2158,2158,35713 mm,51,STR-TRENCH,Wall,,TRENCH,31.746572,Standard,48 mm
12 mm,700 mm,4039.00 cm³,2158,2158,35713 mm,51,STR-TRENCH,Wall,,TRENCH,31.746572,Standard,48 mm
12 mm,750 mm,4327.40 cm³,1495,1495,38263 mm,51,STR-TRENCH,Wall,,TRENCH,34.013382,Standard,48 mm
12 mm,2643 mm,2092.43 cm³,1506,1506,18501 mm,7,STR-Model,Floor,,Ramp,16.446512,Standard,48 mm
12 mm,2643 mm,2092.43 cm³,1506,1506,18501 mm,7,STR-Model,Floor,,Ramp,16.446537,Standard,48 mm
12 mm,1588 mm,1436.44 cm³,1508,1508,12701 mm,8,STR-Model,Structural Framing,,Ramp,11.290452,Stirrup / Tie,48 mm
12 mm,2500 mm,1696.46 cm³,1513,1513,15000 mm,6,STR-Model,Floor,,Ramp,13.334176,Standard,48 mm
12 mm,2500 mm,1696.46 cm³,1513,1513,15000 mm,6,STR-Model,Structural Framing,,Ramp,13.334176,Standard,48 mm
12 mm,1500 mm,3731.92 cm³,1516,1516,32997 mm,22,STR-Model,Floor,,Ramp,29.332884,Standard,48 mm
12 mm,2500 mm,2827.27 cm³,1520,1520,24999 mm,10,STR-Model,Floor,,Ramp,22.222312,Standard,48 mm
12 mm,4599 mm,5201.07 cm³,1517,1412,45988 mm,10,STR-Model,Floor,,Ramp,40.880436,Standard,48 mm
12 mm,2153 mm,5356.75 cm³,1522,1522,47364 mm,22,STR-Model,Floor,,Ramp,42.104075,Standard,48 mm
12 mm,8385 mm,948.28 cm³,1380,1278,8385 mm,1,STR-Model,Floor,,SOG-Mesh TOP Y,7.453512,Standard,48 mm
12 mm,2030 mm,1377.53 cm³,1536,1427,12180 mm,6,STR-Model,Floor,,Ramp,10.827351,Standard,48 mm
12 mm,2030 mm,1377.53 cm³,1536,1427,12180 mm,6,STR-Model,Slab Edge,,Ramp,10.827351,Standard,48 mm
12 mm,3195 mm,1084.04 cm³,1254,1254,9585 mm,3,STR-Model,Slab Edge,,Ramp,8.520538,Standard,48 mm
12 mm,3195 mm,1084.04 cm³,1254,1254,9585 mm,3,STR-Model,Floor,,Ramp,8.520538,Standard,48 mm
12 mm,3195 mm,1084.04 cm³,1254,1254,9585 mm,3,STR-Model,Slab Edge,,Ramp,8.520538,Standard,48 mm
12 mm,3195 mm,1084.04 cm³,1254,1254,9585 mm,3,STR-Model,Floor,,Ramp,8.520538,Standard,48 mm
12 mm,8380 mm,3791.02 cm³,1546,1434,33520 mm,4,STR-Model,Floor,,UPSTAND,29.797438,Standard,48 mm
12 mm,12000 mm,5428.67 cm³,433,433,48000 mm,4,STR-Model,Wall,,UPSTAND,42.669363,Standard,48 mm
12 mm,4929 mm,5016.85 cm³,1540,1435,44359 mm,9,STR-Model,Wall,,Ramp,39.432432,Standard,48 mm
12 mm,1757 mm,1589.47 cm³,1542,1437,14054 mm,8,STR-Model,Structural Foundation,,Ramp,12.493222,Standard,48 mm
12 mm,4893 mm,4427.34 cm³,1544,1544,39146 mm,8,STR-Model,Structural Foundation,,Ramp,34.798856,Standard,48 mm
12 mm,1759 mm,1591.23 cm³,1545,1440,14070 mm,8,STR-Model,Structural Foundation,,Ramp,12.507101,Standard,48 mm
12 mm,1745 mm,1972.99 cm³,1548,1442,17445 mm,10,STR-Model,Wall,,Ramp,15.507688,Standard,48 mm
12 mm,1746 mm,1974.67 cm³,1551,1445,17460 mm,10,STR-Model,Wall,,Ramp,15.520907,Standard,48 mm
12 mm,1620 mm,1648.96 cm³,1549,1549,14580 mm,9,STR-Model,Structural Foundation,,Ramp,12.960819,Standard,48 mm
12 mm,1620 mm,1465.74 cm³,1549,1549,12960 mm,8,STR-Model,Structural Foundation,,Ramp,11.520728,Standard,48 mm
12 mm,1620 mm,1648.96 cm³,1549,1549,14580 mm,9,STR-Model,Structural Foundation,,Ramp,12.960819,Standard,48 mm
12 mm,1620 mm,1465.74 cm³,1549,1549,12960 mm,8,STR-Model,Wall,,Ramp,11.520728,Standard,48 mm
12 mm,1620 mm,1648.96 cm³,1549,1549,14580 mm,9,STR-Model,Structural Foundation,,Ramp,12.960819,Standard,48 mm
12 mm,1620 mm,1465.74 cm³,1549,1549,12960 mm,8,STR-Model,Structural Foundation,,Ramp,11.520728,Standard,48 mm
12 mm,1620 mm,1648.96 cm³,1549,1549,14580 mm,9,STR-Model,Structural Foundation,,Ramp,12.960819,Standard,48 mm
12 mm,1620 mm,1465.74 cm³,1549,1549,12960 mm,8,STR-Model,Wall,,Ramp,11.520728,Standard,48 mm
12 mm,2387 mm,809.93 cm³,1532,1426,7161 mm,3,STR-Model,Floor,,Ramp,6.366055,Standard,48 mm
12 mm,2380 mm,807.51 cm³,1531,1425,7140 mm,3,STR-Model,Wall,,Ramp,6.347068,Standard,48 mm
12 mm,2387 mm,809.93 cm³,1532,1426,7161 mm,3,STR-Model,Floor,,Ramp,6.366055,Standard,48 mm
12 mm,2380 mm,807.51 cm³,1531,1425,7140 mm,3,STR-Model,Wall,,Ramp,6.347068,Standard,48 mm
12 mm,1000 mm,3166.87 cm³,1561,1561,28001 mm,28,STR-Model,Floor,Upstand,SOG-Mesh TOP X,24.891596,Standard,48 mm
12 mm,5355 mm,1211.27 cm³,1562,1456,10710 mm,2,STR-Model,Floor,Upstand,SOG-Mesh TOP Y,9.520602,Standard,48 mm
12 mm,998 mm,8243.24 cm³,1905,1750,72886 mm,73,STR-Model,Floor,Upstand,SOG-Mesh TOP X,64.791888,Standard,48 mm
12 mm,2650 mm,2098.15 cm³,1565,1565,18552 mm,7,STR-Model,Floor,,Ramp,16.491473,Standard,48 mm
12 mm,2626 mm,2079.15 cm³,1566,1566,18384 mm,7,STR-Model,Floor,,Ramp,16.34213,Standard,48 mm
12 mm,1076 mm,1703.10 cm³,1567,1567,15059 mm,14,STR-Model,Floor,,Ramp,13.386332,Stirrup / Tie,48 mm
12 mm,1464 mm,1821.25 cm³,1568,1462,16103 mm,11,STR-Model,Slab Edge,,Ramp,14.315012,Stirrup / Tie,48 mm
12 mm,1705 mm,2314.00 cm³,1569,1569,20460 mm,12,STR-Model,Floor,,Ramp,18.188035,Standard,48 mm
12 mm,3128 mm,4245.30 cm³,1570,1570,37537 mm,12,STR-Model,Floor,,Ramp,33.368057,Standard,48 mm
12 mm,1580 mm,1072.16 cm³,1571,1465,9480 mm,6,STR-Model,Floor,,Ramp,8.427199,Standard,48 mm
12 mm,1580 mm,1072.16 cm³,1571,1465,9480 mm,6,STR-Model,Floor,,Ramp,8.427199,Standard,48 mm
12 mm,2500 mm,282.74 cm³,1513,1513,2500 mm,1,STR-Model,Floor,,Ramp,2.222363,Standard,48 mm
12 mm,2500 mm,1696.46 cm³,1513,1513,15000 mm,6,STR-Model,Wall,,Ramp,13.334176,Standard,48 mm
12 mm,2500 mm,1696.46 cm³,1513,1513,15000 mm,6,STR-Model,Slab Edge,,Ramp,13.334176,Standard,48 mm
12 mm,3547 mm,56569.17 cm³,1575,1575,500181 mm,141,STR-Model,Floor,,Ramp,444.633686,Standard,48 mm
12 mm,3400 mm,1153.59 cm³,1596,1596,10200 mm,3,STR-Model,Wall,,Ramp,9.06724,Standard,48 mm
12 mm,3400 mm,1153.59 cm³,1596,1596,10200 mm,3,STR-Model,Wall,,Ramp,9.06724,Standard,48 mm
12 mm,3396 mm,1152.20 cm³,1595,1595,10188 mm,3,STR-Model,Floor,,Ramp,9.056327,Standard,48 mm
12 mm,3396 mm,1152.20 cm³,1595,1595,10188 mm,3,STR-Model,Floor,,Ramp,9.056327,Standard,48 mm
12 mm,5435 mm,3688.35 cm³,1599,1599,32612 mm,6,STR-Model,Floor,,Ramp,28.990417,Standard,48 mm
12 mm,12000 mm,8142.76 cm³,1600,433,71998 mm,6,STR-Model,Floor,,Ramp,64.002123,Standard,48 mm
12 mm,12000 mm,8143.01 cm³,433,433,72000 mm,6,STR-Model,Floor,,Ramp,64.004046,Standard,48 mm
12 mm,5435 mm,3688.35 cm³,1599,1599,32612 mm,6,STR-Model,Floor,,Ramp,28.990417,Standard,48 mm
12 mm,12000 mm,8142.76 cm³,1600,433,71998 mm,6,STR-Model,Floor,,Ramp,64.002123,Standard,48 mm
12 mm,12000 mm,8143.01 cm³,433,433,72000 mm,6,STR-Model,Floor,,Ramp,64.004046,Standard,48 mm
12 mm,5562 mm,10065.30 cm³,1624,1503,88997 mm,16,STR-Model,Floor,,Ramp,79.113265,Standard,48 mm
12 mm,12001 mm,1357.10 cm³,1625,,11999 mm,1,STR-Model,Floor,,Ramp,10.666776,Standard,48 mm
12 mm,12001 mm,1357.21 cm³,1626,,12000 mm,1,STR-Model,Floor,,Ramp,10.667678,Standard,48 mm
12 mm,12001 mm,1357.33 cm³,1627,,12001 mm,1,STR-Model,Floor,,Ramp,10.668581,Standard,48 mm
12 mm,12001 mm,1357.04 cm³,1628,,11999 mm,1,STR-Model,Floor,,Ramp,10.666365,Standard,48 mm
12 mm,12001 mm,1357.17 cm³,1629,,12000 mm,1,STR-Model,Floor,,Ramp,10.667375,Standard,48 mm
12 mm,12001 mm,1356.88 cm³,1630,,11997 mm,1,STR-Model,Floor,,Ramp,10.665051,Standard,48 mm
12 mm,12001 mm,1356.99 cm³,1631,,11998 mm,1,STR-Model,Floor,,Ramp,10.665954,Standard,48 mm
12 mm,12001 mm,1357.11 cm³,1625,,11999 mm,1,STR-Model,Floor,,Ramp,10.666856,Standard,48 mm
12 mm,12001 mm,1357.22 cm³,1626,,12000 mm,1,STR-Model,Floor,,Ramp,10.667759,Standard,48 mm
12 mm,12001 mm,1356.94 cm³,1632,,11998 mm,1,STR-Model,Floor,,Ramp,10.665543,Standard,48 mm
12 mm,12001 mm,1357.05 cm³,1628,,11999 mm,1,STR-Model,Floor,,Ramp,10.666445,Standard,48 mm
12 mm,12001 mm,1356.77 cm³,1633,,11997 mm,1,STR-Model,Floor,,Ramp,10.664229,Standard,48 mm
12 mm,12001 mm,1356.77 cm³,1633,,11997 mm,1,STR-Model,Floor,,Ramp,10.664229,Standard,48 mm
12 mm,12001 mm,1356.77 cm³,1633,,11997 mm,1,STR-Model,Floor,,Ramp,10.664229,Standard,48 mm
12 mm,12001 mm,1357.01 cm³,1631,,11999 mm,1,STR-Model,Floor,,Ramp,10.666074,Standard,48 mm
12 mm,12001 mm,1356.77 cm³,1633,,11997 mm,1,STR-Model,Floor,,Ramp,10.664229,Standard,48 mm
12 mm,12000 mm,1357.17 cm³,433,433,12000 mm,1,STR-Model,Floor,,Ramp,10.667341,Standard,48 mm
12 mm,12000 mm,1357.17 cm³,433,433,12000 mm,1,STR-Model,Floor,,Ramp,10.667341,Standard,48 mm
12 mm,5435 mm,614.73 cm³,1599,1599,5435 mm,1,STR-Model,Floor,,Ramp,4.831772,Standard,48 mm
12 mm,12000 mm,1357.17 cm³,433,433,12000 mm,1,STR-Model,Floor,,Ramp,10.667341,Standard,48 mm
12 mm,12000 mm,1357.17 cm³,433,433,12000 mm,1,STR-Model,Floor,,Ramp,10.667341,Standard,48 mm
12 mm,5435 mm,614.73 cm³,1599,1599,5435 mm,1,STR-Model,Floor,,Ramp,4.831772,Standard,48 mm
12 mm,12001 mm,1356.76 cm³,1634,,11996 mm,1,STR-Model,Floor,,Ramp,10.664153,Standard,48 mm
12 mm,12001 mm,1356.76 cm³,1634,,11996 mm,1,STR-Model,Floor,,Ramp,10.664153,Standard,48 mm
12 mm,12001 mm,1356.76 cm³,1634,,11996 mm,1,STR-Model,Floor,,Ramp,10.664153,Standard,48 mm
12 mm,12001 mm,1356.76 cm³,1634,,11996 mm,1,STR-Model,Floor,,Ramp,10.664153,Standard,48 mm
12 mm,12001 mm,1356.76 cm³,1634,,11996 mm,1,STR-Model,Floor,,Ramp,10.664153,Standard,48 mm
12 mm,12001 mm,1357.04 cm³,1635,,11999 mm,1,STR-Model,Floor,,Ramp,10.666369,Standard,48 mm
12 mm,12001 mm,1356.93 cm³,1636,,11998 mm,1,STR-Model,Floor,,Ramp,10.665466,Standard,48 mm
12 mm,12001 mm,1357.21 cm³,1637,,12000 mm,1,STR-Model,Floor,,Ramp,10.667682,Standard,48 mm
12 mm,12001 mm,1357.10 cm³,1638,,11999 mm,1,STR-Model,Floor,,Ramp,10.66678,Standard,48 mm
12 mm,12001 mm,1356.98 cm³,1639,,11998 mm,1,STR-Model,Floor,,Ramp,10.665877,Standard,48 mm
12 mm,12001 mm,1356.87 cm³,1640,,11997 mm,1,STR-Model,Floor,,Ramp,10.664975,Standard,48 mm
12 mm,12001 mm,1357.16 cm³,1352,,12000 mm,1,STR-Model,Floor,,Ramp,10.667299,Standard,48 mm
12 mm,12001 mm,1357.03 cm³,1635,,11999 mm,1,STR-Model,Floor,,Ramp,10.666288,Standard,48 mm
12 mm,12001 mm,1357.32 cm³,1641,,12001 mm,1,STR-Model,Floor,,Ramp,10.668504,Standard,48 mm
12 mm,12001 mm,1357.20 cm³,1637,,12000 mm,1,STR-Model,Floor,,Ramp,10.667602,Standard,48 mm
12 mm,12001 mm,1357.09 cm³,1638,,11999 mm,1,STR-Model,Floor,,Ramp,10.666699,Standard,48 mm
12 mm,5562 mm,10065.30 cm³,1624,1503,88997 mm,16,STR-Model,Floor,,Ramp,79.113265,Standard,48 mm
12 mm,12001 mm,1356.76 cm³,1634,,11996 mm,1,STR-Model,Floor,,Ramp,10.664153,Standard,48 mm
12 mm,12001 mm,1356.76 cm³,1634,,11996 mm,1,STR-Model,Floor,,Ramp,10.664153,Standard,48 mm
12 mm,12001 mm,1356.76 cm³,1634,,11996 mm,1,STR-Model,Floor,,Ramp,10.664153,Standard,48 mm
12 mm,12001 mm,1356.76 cm³,1634,,11996 mm,1,STR-Model,Floor,,Ramp,10.664153,Standard,48 mm
12 mm,12001 mm,1356.76 cm³,1634,,11996 mm,1,STR-Model,Floor,,Ramp,10.664153,Standard,48 mm
12 mm,12001 mm,1357.04 cm³,1635,,11999 mm,1,STR-Model,Floor,,Ramp,10.666369,Standard,48 mm
12 mm,12001 mm,1356.93 cm³,1636,,11998 mm,1,STR-Model,Floor,,Ramp,10.665466,Standard,48 mm
12 mm,12001 mm,1357.21 cm³,1637,,12000 mm,1,STR-Model,Floor,,Ramp,10.667682,Standard,48 mm
12 mm,12001 mm,1357.10 cm³,1638,,11999 mm,1,STR-Model,Floor,,Ramp,10.66678,Standard,48 mm
12 mm,12001 mm,1356.98 cm³,1639,,11998 mm,1,STR-Model,Floor,,Ramp,10.665877,Standard,48 mm
12 mm,12001 mm,1356.87 cm³,1640,,11997 mm,1,STR-Model,Floor,,Ramp,10.664975,Standard,48 mm
12 mm,12001 mm,1357.16 cm³,1352,,12000 mm,1,STR-Model,Floor,,Ramp,10.667299,Standard,48 mm
12 mm,12001 mm,1357.03 cm³,1635,,11999 mm,1,STR-Model,Floor,,Ramp,10.666288,Standard,48 mm
12 mm,12001 mm,1357.32 cm³,1641,,12001 mm,1,STR-Model,Floor,,Ramp,10.668504,Standard,48 mm
12 mm,12001 mm,1357.20 cm³,1637,,12000 mm,1,STR-Model,Floor,,Ramp,10.667602,Standard,48 mm
12 mm,12001 mm,1357.09 cm³,1638,,11999 mm,1,STR-Model,Floor,,Ramp,10.666699,Standard,48 mm
12 mm,12001 mm,1357.10 cm³,1625,,11999 mm,1,STR-Model,Floor,,Ramp,10.666776,Standard,48 mm
12 mm,12001 mm,1357.21 cm³,1626,,12000 mm,1,STR-Model,Floor,,Ramp,10.667678,Standard,48 mm
12 mm,12001 mm,1357.33 cm³,1627,,12001 mm,1,STR-Model,Floor,,Ramp,10.668581,Standard,48 mm
12 mm,12001 mm,1357.04 cm³,1628,,11999 mm,1,STR-Model,Floor,,Ramp,10.666365,Standard,48 mm
12 mm,12001 mm,1357.17 cm³,1629,,12000 mm,1,STR-Model,Floor,,Ramp,10.667375,Standard,48 mm
12 mm,12001 mm,1356.88 cm³,1630,,11997 mm,1,STR-Model,Floor,,Ramp,10.665051,Standard,48 mm
12 mm,12001 mm,1356.99 cm³,1631,,11998 mm,1,STR-Model,Floor,,Ramp,10.665954,Standard,48 mm
12 mm,12001 mm,1357.11 cm³,1625,,11999 mm,1,STR-Model,Floor,,Ramp,10.666856,Standard,48 mm
12 mm,12001 mm,1357.22 cm³,1626,,12000 mm,1,STR-Model,Floor,,Ramp,10.667759,Standard,48 mm
12 mm,12001 mm,1356.94 cm³,1632,,11998 mm,1,STR-Model,Floor,,Ramp,10.665543,Standard,48 mm
12 mm,12001 mm,1357.05 cm³,1628,,11999 mm,1,STR-Model,Floor,,Ramp,10.666445,Standard,48 mm
12 mm,12001 mm,1356.77 cm³,1633,,11997 mm,1,STR-Model,Floor,,Ramp,10.664229,Standard,48 mm
12 mm,12001 mm,1356.77 cm³,1633,,11997 mm,1,STR-Model,Floor,,Ramp,10.664229,Standard,48 mm
12 mm,12001 mm,1356.77 cm³,1633,,11997 mm,1,STR-Model,Floor,,Ramp,10.664229,Standard,48 mm
12 mm,12001 mm,1357.01 cm³,1631,,11999 mm,1,STR-Model,Floor,,Ramp,10.666074,Standard,48 mm
12 mm,12001 mm,1356.77 cm³,1633,,11997 mm,1,STR-Model,Floor,,Ramp,10.664229,Standard,48 mm
12 mm,2420 mm,1642.17 cm³,1647,1647,14520 mm,6,STR-Model,Structural Framing,,Ramp,12.907482,Standard,48 mm
12 mm,2400 mm,1628.60 cm³,626,626,14400 mm,6,STR-Model,Structural Framing,,Ramp,12.800809,Standard,48 mm
12 mm,4410 mm,2992.56 cm³,1651,1510,26460 mm,6,STR-Model,Structural Framing,,Ramp,23.521486,Standard,48 mm
12 mm,4548 mm,6172.60 cm³,1664,1664,54578 mm,12,STR-Model,Floor,,Ramp,48.516642,Standard,48 mm
12 mm,4548 mm,6172.66 cm³,1664,1664,54578 mm,12,STR-Model,Floor,,Ramp,48.517136,Standard,48 mm
12 mm,4410 mm,2992.56 cm³,1651,1510,26460 mm,6,STR-Model,Structural Framing,,Ramp,23.521486,Standard,48 mm
12 mm,2651 mm,6296.64 cm³,1666,1525,55675 mm,21,STR-Model,Floor,,Ramp,49.491615,Standard,48 mm
12 mm,2651 mm,6296.64 cm³,1666,1525,55675 mm,21,STR-Model,Floor,,Ramp,49.491615,Standard,48 mm
12 mm,3826 mm,3893.90 cm³,1656,1515,34430 mm,9,STR-Model,Floor,,Ramp,30.606038,Standard,48 mm
12 mm,4865 mm,4952.31 cm³,1657,1657,43788 mm,9,STR-Model,Floor,,Ramp,38.925132,Standard,48 mm
12 mm,1400 mm,158.34 cm³,1659,1518,1400 mm,1,STR-Model,Floor,,Ramp,1.244523,Standard,48 mm
12 mm,2031 mm,4363.77 cm³,1655,1514,38584 mm,19,STR-Model,Floor,,Ramp,34.299241,Standard,48 mm
12 mm,2031 mm,4363.77 cm³,1655,1514,38584 mm,19,STR-Model,Floor,,Ramp,34.299241,Standard,48 mm
12 mm,3700 mm,1255.24 cm³,1679,1537,11099 mm,3,STR-Model,Wall,,Ramp,9.866172,Standard,48 mm
12 mm,3671 mm,1245.60 cm³,1677,1677,11014 mm,3,STR-Model,Wall,,Ramp,9.790422,Standard,48 mm
12 mm,1881 mm,638.04 cm³,1680,1538,5642 mm,3,STR-Model,Wall,,Ramp,5.014984,Standard,48 mm
12 mm,1881 mm,638.04 cm³,1680,1538,5642 mm,3,STR-Model,Floor,,Ramp,5.014984,Standard,48 mm
12 mm,1955 mm,663.23 cm³,1682,1540,5864 mm,3,STR-Model,Wall,,Ramp,5.213016,Standard,48 mm
12 mm,1955 mm,663.25 cm³,1682,1540,5864 mm,3,STR-Model,Floor,,Ramp,5.213129,Standard,48 mm
12 mm,1695 mm,574.96 cm³,1684,1542,5084 mm,3,STR-Model,Wall,,Ramp,4.519168,Standard,48 mm
12 mm,1700 mm,576.71 cm³,1685,1685,5099 mm,3,STR-Model,Floor,,Ramp,4.532933,Standard,48 mm
12 mm,1316 mm,1487.93 cm³,1688,1546,13156 mm,10,STR-Model,Structural Framing,B25,Beam,11.695134,Stirrup / Tie,48 mm
12 mm,1316 mm,1190.34 cm³,1688,1546,10525 mm,8,STR-Model,Structural Framing,B25,Beam,9.356107,Stirrup / Tie,48 mm
12 mm,1316 mm,1190.34 cm³,1688,1546,10525 mm,8,STR-Model,Structural Framing,B25,Beam,9.356107,Stirrup / Tie,48 mm
12 mm,1316 mm,1487.93 cm³,1688,1546,13156 mm,10,STR-Model,Structural Framing,B25,Beam,11.695134,Stirrup / Tie,48 mm
12 mm,1316 mm,1487.93 cm³,1688,1546,13156 mm,10,STR-Model,Structural Framing,B25,Beam,11.695134,Stirrup / Tie,48 mm
12 mm,1316 mm,1487.93 cm³,1688,1546,13156 mm,10,STR-Model,Structural Framing,B25,Beam,11.695134,Stirrup / Tie,48 mm
12 mm,1316 mm,1487.93 cm³,1688,1546,13156 mm,10,STR-Model,Structural Framing,B25,Beam,11.695134,Stirrup / Tie,48 mm
12 mm,1316 mm,1487.93 cm³,1688,1546,13156 mm,10,STR-Model,Structural Framing,B25,Beam,11.695134,Stirrup / Tie,48 mm
12 mm,1316 mm,1190.34 cm³,1688,1546,10525 mm,8,STR-Model,Structural Framing,B25,Beam,9.356107,Stirrup / Tie,48 mm
12 mm,1316 mm,1190.34 cm³,1688,1546,10525 mm,8,STR-Model,Structural Framing,B25,Beam,9.356107,Stirrup / Tie,48 mm
12 mm,3116 mm,39817.61 cm³,1748,1602,352065 mm,113,STR-Model,Structural Framing,B24,Beam,312.96644,Stirrup / Tie,48 mm
12 mm,3116 mm,46864.98 cm³,1748,1602,414377 mm,133,STR-Model,Structural Framing,B23,Beam,368.35873,Stirrup / Tie,48 mm
12 mm,2250 mm,38174.55 cm³,2867,2906,337537 mm,150,STR-Model,Wall,,PARAPET,300.051996,Standard,48 mm
12 mm,2250 mm,38174.55 cm³,2867,2906,337537 mm,150,STR-Model,Wall,,PARAPET,300.051996,Standard,48 mm
12 mm,12000 mm,14929.24 cm³,2893,2929,132003 mm,11,STR-Model,Wall,,PARAPET,117.343831,Standard,48 mm
12 mm,12000 mm,14929.24 cm³,2893,2929,132003 mm,11,STR-Model,Wall,,PARAPET,117.343831,Standard,48 mm
12 mm,7000 mm,8708.49 cm³,487,485,77000 mm,11,STR-Model,Wall,,PARAPET,68.448769,Standard,48 mm
12 mm,12000 mm,14929.24 cm³,2892,2929,132003 mm,11,STR-Model,Wall,,PARAPET,117.343831,Standard,48 mm
12 mm,12000 mm,14929.24 cm³,2892,2929,132003 mm,11,STR-Model,Wall,,PARAPET,117.343831,Standard,48 mm
12 mm,7000 mm,8708.49 cm³,487,485,77000 mm,11,STR-Model,Wall,,PARAPET,68.448769,Standard,48 mm
12 mm,2192 mm,33956.14 cm³,1763,1763,300238 mm,137,STR-Model,Wall,,PARAPET,266.895264,Standard,48 mm
12 mm,2250 mm,34866.09 cm³,2867,2906,308284 mm,137,STR-Model,Wall,,PARAPET,274.04749,Standard,48 mm
12 mm,9530 mm,11856.39 cm³,2636,2667,104833 mm,11,STR-Model,Wall,,PARAPET,93.191194,Standard,48 mm
12 mm,9530 mm,11856.39 cm³,2636,2667,104833 mm,11,STR-Model,Wall,,PARAPET,93.191194,Standard,48 mm
12 mm,7000 mm,8708.49 cm³,487,485,77000 mm,11,STR-Model,Wall,,PARAPET,68.448769,Standard,48 mm
12 mm,12000 mm,14929.24 cm³,2892,2929,132003 mm,11,STR-Model,Wall,,PARAPET,117.343831,Standard,48 mm
12 mm,12000 mm,14929.24 cm³,2892,2929,132003 mm,11,STR-Model,Wall,,PARAPET,117.343831,Standard,48 mm
12 mm,7000 mm,8708.49 cm³,487,485,77000 mm,11,STR-Model,Wall,,PARAPET,68.448769,Standard,48 mm
12 mm,2250 mm,61588.28 cm³,2867,2906,544560 mm,242,STR-Model,Wall,,PARAPET,484.083887,Standard,48 mm
12 mm,12000 mm,14928.85 cm³,433,433,132000 mm,11,STR-Model,Wall,,PARAPET,117.340748,Standard,48 mm
12 mm,12002 mm,14931.49 cm³,2890,2928,132023 mm,11,STR-Model,Wall,,PARAPET,117.361516,Standard,48 mm
12 mm,12002 mm,14931.49 cm³,2891,2928,132023 mm,11,STR-Model,Wall,,PARAPET,117.361516,Standard,48 mm
12 mm,8000 mm,9952.57 cm³,1767,1767,88000 mm,11,STR-Model,Wall,,PARAPET,78.227165,Standard,48 mm
12 mm,7000 mm,8708.49 cm³,487,485,77000 mm,11,STR-Model,Wall,,PARAPET,68.448769,Standard,48 mm
12 mm,2250 mm,61588.28 cm³,2867,2906,544560 mm,242,STR-Model,Wall,,PARAPET,484.083887,Standard,48 mm
12 mm,12002 mm,14931.49 cm³,2890,2928,132023 mm,11,STR-Model,Wall,,PARAPET,117.361516,Standard,48 mm
12 mm,12000 mm,14928.85 cm³,433,433,132000 mm,11,STR-Model,Wall,,PARAPET,117.340748,Standard,48 mm
12 mm,12002 mm,14931.49 cm³,2891,2928,132023 mm,11,STR-Model,Wall,,PARAPET,117.361516,Standard,48 mm
12 mm,8000 mm,9952.57 cm³,1767,1767,88000 mm,11,STR-Model,Wall,,PARAPET,78.227165,Standard,48 mm
12 mm,7000 mm,8708.49 cm³,487,485,77000 mm,11,STR-Model,Wall,,PARAPET,68.448769,Standard,48 mm
12 mm,6937 mm,2353.52 cm³,1781,1635,20810 mm,3,STR-Model,Floor,,SOG-Mesh Bottom Y,18.498668,Standard,48 mm
12 mm,1367 mm,463.66 cm³,1782,1636,4100 mm,3,STR-Model,Floor,,SOG-Mesh Bottom Y,3.644396,Standard,48 mm
12 mm,1380 mm,468.22 cm³,1789,1643,4140 mm,3,STR-Model,Structural Framing,,Ramp,3.680233,Standard,48 mm
12 mm,1380 mm,468.22 cm³,1789,1643,4140 mm,3,STR-Model,Structural Framing,,Ramp,3.680233,Standard,48 mm
12 mm,1380 mm,468.22 cm³,1789,1643,4140 mm,3,STR-Model,Structural Framing,,Ramp,3.680233,Standard,48 mm
12 mm,1380 mm,468.22 cm³,1789,1643,4140 mm,3,STR-Model,Structural Framing,,Ramp,3.680233,Standard,48 mm
12 mm,12000 mm,101787.60 cm³,433,433,900000 mm,75,STR-Model,Floor,,ROOF ADD.-MESH BOTTOM X,800.050552,Standard,48 mm
12 mm,11400 mm,96700.35 cm³,1825,1825,855019 mm,75,STR-Model,Floor,,ROOF ADD.-MESH BOTTOM X,760.064743,Standard,48 mm
12 mm,5415 mm,17760.65 cm³,2868,2910,157039 mm,29,STR-Model,Floor,,ROOF ADD.-MESH TOP X,139.598681,Standard,48 mm
12 mm,5415 mm,17760.65 cm³,2868,2910,157039 mm,29,STR-Model,Floor,,ROOF ADD.-MESH TOP X,139.598681,Standard,48 mm
12 mm,5415 mm,19597.95 cm³,2868,2910,173284 mm,32,STR-Model,Floor,,ROOF ADD.-MESH TOP X,154.039924,Standard,48 mm
12 mm,5400 mm,19543.67 cm³,2885,2923,172804 mm,32,STR-Model,Floor,,ROOF ADD.-MESH TOP X,153.61323,Standard,48 mm
12 mm,6000 mm,2035.80 cm³,2854,2891,18000 mm,3,STR-OUTER STRUCTURES,Structural Foundation,,OS-SwitchGear,16.001375,Standard,48 mm
12 mm,2400 mm,5700.38 cm³,2858,2895,50402 mm,21,STR-OUTER STRUCTURES,Structural Foundation,,OS-SwitchGear,44.805013,Standard,48 mm
12 mm,2400 mm,5700.21 cm³,2858,2895,50401 mm,21,STR-OUTER STRUCTURES,Structural Foundation,,OS-SwitchGear,44.803688,Standard,48 mm
12 mm,5350 mm,1815.21 cm³,1848,1705,16050 mm,3,STR-OUTER STRUCTURES,Slab Edge,,OS-SwitchGear,14.267568,Standard,48 mm
12 mm,5350 mm,1815.21 cm³,1848,1705,16050 mm,3,STR-OUTER STRUCTURES,Structural Foundation,,OS-SwitchGear,14.267568,Standard,48 mm
12 mm,3100 mm,1402.52 cm³,2847,2885,12401 mm,4,STR-OUTER STRUCTURES,Slab Edge,,OS-SwitchGear,11.0238,Standard,48 mm
12 mm,5350 mm,1815.21 cm³,1848,1705,16050 mm,3,STR-OUTER STRUCTURES,Slab Edge,,OS-SwitchGear,14.267568,Standard,48 mm
12 mm,5350 mm,605.07 cm³,1848,1705,5350 mm,1,STR-OUTER STRUCTURES,Slab Edge,,OS-SwitchGear,4.755856,Standard,48 mm
12 mm,1300 mm,3088.15 cm³,2848,2886,27305 mm,21,STR-OUTER STRUCTURES,Structural Foundation,,OS-SwitchGear,24.272826,Standard,48 mm
12 mm,1300 mm,3088.15 cm³,2848,2886,27305 mm,21,STR-OUTER STRUCTURES,Structural Foundation,,OS-SwitchGear,24.272826,Standard,48 mm
12 mm,5350 mm,605.07 cm³,1848,1705,5350 mm,1,STR-OUTER STRUCTURES,Slab Edge,,OS-SwitchGear,4.755856,Standard,48 mm
12 mm,2650 mm,899.12 cm³,1863,1863,7950 mm,3,STR-OUTER STRUCTURES,Slab Edge,,OS-SwitchGear,7.067113,Standard,48 mm
12 mm,2650 mm,899.12 cm³,1863,1863,7950 mm,3,STR-OUTER STRUCTURES,Slab Edge,,OS-SwitchGear,7.067113,Standard,48 mm
12 mm,9250 mm,3138.45 cm³,1885,2493,27750 mm,3,STR-OUTER STRUCTURES,Slab Edge,,OS-AHU,24.668225,Standard,48 mm
12 mm,2300 mm,12487.29 cm³,1877,1877,110412 mm,48,STR-OUTER STRUCTURES,Slab Edge,,OS-AHU,98.150107,Standard,48 mm
12 mm,9250 mm,3138.45 cm³,1885,2493,27750 mm,3,STR-OUTER STRUCTURES,Slab Edge,,OS-AHU,24.668225,Standard,48 mm
12 mm,2050 mm,695.55 cm³,1880,1730,6150 mm,3,STR-OUTER STRUCTURES,Slab Edge,,OS-AHU,5.467012,Standard,48 mm
12 mm,2050 mm,695.55 cm³,1880,1730,6150 mm,3,STR-OUTER STRUCTURES,Slab Edge,,OS-AHU,5.467012,Standard,48 mm
12 mm,4791 mm,24927.30 cm³,1882,1732,220406 mm,46,STR-OUTER STRUCTURES,Structural Foundation,,OS-AHU,195.928564,Standard,48 mm
12 mm,9250 mm,3138.45 cm³,1885,2493,27750 mm,3,STR-OUTER STRUCTURES,Structural Foundation,,OS-AHU,24.668225,Standard,48 mm
12 mm,9250 mm,3138.45 cm³,1885,2493,27750 mm,3,STR-OUTER STRUCTURES,Structural Foundation,,OS-AHU,24.668225,Standard,48 mm
12 mm,9476 mm,11789.12 cm³,2008,2008,104239 mm,11,STR-OUTER STRUCTURES,Structural Foundation,,OS-AHU,92.6625,Standard,48 mm
12 mm,12000 mm,13571.82 cm³,2865,2902,120001 mm,10,STR-OUTER STRUCTURES,Structural Foundation,,OS-AHU,106.674534,Standard,48 mm
12 mm,5355 mm,1211.27 cm³,1562,1562,10710 mm,2,STR-Model,Floor,,SOG-Mesh TOP Y,9.520602,Standard,48 mm
12 mm,4253 mm,962.09 cm³,1563,1752,8507 mm,2,STR-Model,Floor,,SOG-Mesh TOP Y,7.562041,Standard,48 mm
12 mm,10502 mm,2375.38 cm³,1908,1753,21003 mm,2,STR-Model,Floor,Upstand,SOG-Mesh TOP Y,18.670513,Standard,48 mm
12 mm,9627 mm,8710.53 cm³,1940,1790,77018 mm,8,STR-OUTER STRUCTURES,Wall,,OS-RAMP,68.464794,Standard,48 mm
12 mm,9676 mm,8754.58 cm³,1941,1941,77408 mm,8,STR-OUTER STRUCTURES,Wall,,OS-RAMP,68.811028,Standard,48 mm
12 mm,2280 mm,10831.43 cm³,1946,1796,95771 mm,42,STR-OUTER STRUCTURES,Wall,,OS-RAMP,85.13504,Standard,48 mm
12 mm,2280 mm,9026.15 cm³,1946,1796,79809 mm,35,STR-OUTER STRUCTURES,Wall,,OS-RAMP,70.945525,Standard,48 mm
12 mm,9300 mm,1051.81 cm³,2458,1885,9300 mm,1,STR-OUTER STRUCTURES,Slab Edge,,OS-AHU,8.267189,Standard,48 mm
12 mm,9300 mm,1051.81 cm³,2458,1885,9300 mm,1,STR-OUTER STRUCTURES,Slab Edge,,OS-AHU,8.267189,Standard,48 mm
12 mm,5350 mm,1815.21 cm³,1848,1705,16050 mm,3,STR-OUTER STRUCTURES,Structural Foundation,,OS-SwitchGear,14.267568,Standard,48 mm
12 mm,3000 mm,15948.04 cm³,353,353,141012 mm,47,STR-Model,Wall,W3,Wall,125.351605,Standard,48 mm
12 mm,2500 mm,13290.25 cm³,354,354,117512 mm,47,STR-Model,Wall,W3,Wall,104.461397,Standard,48 mm
12 mm,3000 mm,15948.04 cm³,353,353,141012 mm,47,STR-Model,Wall,W3,Wall,125.351605,Standard,48 mm
12 mm,2500 mm,13290.25 cm³,354,354,117512 mm,47,STR-Model,Wall,W3,Wall,104.461397,Standard,48 mm
12 mm,2050 mm,4869.43 cm³,2059,1908,43055 mm,21,STR-Model,Wall,,HCS-PARAPET,38.27371,Standard,48 mm
12 mm,2050 mm,4869.43 cm³,2059,1908,43055 mm,21,STR-Model,Wall,,HCS-PARAPET,38.27371,Standard,48 mm
12 mm,4263 mm,4821.48 cm³,2599,2631,42631 mm,10,STR-Model,Wall,,HCS-PARAPET,37.896829,Standard,48 mm
12 mm,4263 mm,4821.48 cm³,2599,2631,42631 mm,10,STR-Model,Wall,,HCS-PARAPET,37.896829,Standard,48 mm
12 mm,2050 mm,12057.63 cm³,2059,1908,106613 mm,52,STR-Model,Wall,,HCS-PARAPET,94.772997,Standard,48 mm
12 mm,2050 mm,12057.63 cm³,2059,1908,106613 mm,52,STR-Model,Wall,,HCS-PARAPET,94.772997,Standard,48 mm
12 mm,10576 mm,11961.45 cm³,2598,2630,105762 mm,10,STR-Model,Wall,,HCS-PARAPET,94.017032,Standard,48 mm
12 mm,10576 mm,11961.45 cm³,2598,2630,105762 mm,10,STR-Model,Wall,,HCS-PARAPET,94.017032,Standard,48 mm
12 mm,2050 mm,9506.98 cm³,2059,1908,84060 mm,41,STR-Model,Wall,,HCS-PARAPET,74.724863,Standard,48 mm
12 mm,2050 mm,9506.98 cm³,2059,1908,84060 mm,41,STR-Model,Wall,,HCS-PARAPET,74.724863,Standard,48 mm
12 mm,8069 mm,9125.52 cm³,2607,2639,80687 mm,10,STR-Model,Wall,,HCS-PARAPET,71.726619,Standard,48 mm
12 mm,8069 mm,9125.52 cm³,2607,2639,80687 mm,10,STR-Model,Wall,,HCS-PARAPET,71.726619,Standard,48 mm
12 mm,2046 mm,12493.12 cm³,2073,2073,110463 mm,54,STR-Model,Structural Framing,B5 (B400X650),HCS-BEAM,98.195938,Stirrup / Tie,48 mm
12 mm,5118 mm,578.86 cm³,2075,1925,5118 mm,1,STR-Model,Structural Framing,B15T (B400X750T),HCS-BEAM,4.549841,Standard,48 mm
12 mm,4936 mm,1116.55 cm³,2076,1926,9872 mm,2,STR-Model,Structural Framing,B15T (B400X750T),HCS-BEAM,8.776106,Standard,48 mm
12 mm,5118 mm,578.86 cm³,2075,1925,5118 mm,1,STR-Model,Structural Framing,B15T (B400X750T),HCS-BEAM,4.549841,Standard,48 mm
12 mm,4936 mm,558.28 cm³,2076,1926,4936 mm,1,STR-Model,Structural Framing,B15T (B400X750T),HCS-BEAM,4.388053,Standard,48 mm
12 mm,4352 mm,492.18 cm³,2131,2131,4352 mm,1,STR-Model,Structural Framing,B14T (B400X750T),HCS-BEAM,3.868554,Standard,48 mm
12 mm,1001 mm,5319.43 cm³,2102,1949,47034 mm,47,STR-Model,Floor,,HCS-FLOOR BOT,41.810714,Standard,48 mm
12 mm,10550 mm,3579.61 cm³,2103,2103,31651 mm,3,STR-Model,Floor,,HCS-FLOOR BOT,28.135772,Standard,48 mm
12 mm,2046 mm,10873.64 cm³,2073,2073,96144 mm,47,STR-Model,Structural Framing,B13 (B400X650),HCS-BEAM,85.466835,Stirrup / Tie,48 mm
12 mm,1946 mm,3740.75 cm³,2111,1958,33076 mm,17,STR-Model,Structural Framing,B12 (B400X600),HCS-BEAM,29.402329,Stirrup / Tie,48 mm
12 mm,1946 mm,3960.80 cm³,2111,1958,35021 mm,18,STR-Model,Structural Framing,B12 (B400X600),HCS-BEAM,31.131878,Stirrup / Tie,48 mm
12 mm,1946 mm,3740.75 cm³,2111,1958,33076 mm,17,STR-Model,Structural Framing,B11 (B400X600),HCS-BEAM,29.402329,Stirrup / Tie,48 mm
12 mm,2050 mm,1623.14 cm³,2059,1908,14352 mm,7,STR-Model,Wall,,HCS-PARAPET,12.757903,Standard,48 mm
12 mm,2050 mm,1623.14 cm³,2059,1908,14352 mm,7,STR-Model,Wall,,HCS-PARAPET,12.757903,Standard,48 mm
12 mm,1301 mm,1471.47 cm³,2606,2638,13011 mm,10,STR-Model,Wall,,HCS-PARAPET,11.565727,Standard,48 mm
12 mm,1301 mm,1471.94 cm³,2120,1967,13015 mm,10,STR-Model,Wall,,HCS-PARAPET,11.569463,Standard,48 mm
12 mm,4000 mm,904.78 cm³,2135,2135,8000 mm,2,STR-Model,Structural Framing,B4L (B400X750L),HCS-BEAM,7.11156,Standard,48 mm
12 mm,4164 mm,941.93 cm³,2142,2142,8328 mm,2,STR-Model,Structural Framing,B14TA (B400X750T),HCS-BEAM,7.403575,Standard,48 mm
12 mm,4343 mm,491.20 cm³,2393,2411,4343 mm,1,STR-Model,Structural Framing,B14TA (B400X750T),HCS-BEAM,3.860799,Standard,48 mm
12 mm,2206 mm,9729.05 cm³,2141,2141,86024 mm,39,STR-Model,Floor,,HCS-BEAM,76.470312,Stirrup / Tie,48 mm
12 mm,5346 mm,604.62 cm³,2144,1991,5346 mm,1,STR-Model,Structural Framing,B15TA (B400X750T),HCS-BEAM,4.752351,Standard,48 mm
12 mm,5346 mm,604.62 cm³,2144,1991,5346 mm,1,STR-Model,Structural Framing,B15TA (B400X750T),HCS-BEAM,4.752343,Standard,48 mm
12 mm,2206 mm,11724.14 cm³,2145,2145,103664 mm,47,STR-Model,Structural Framing,B15TA (B400X750T),HCS-BEAM,92.151702,Stirrup / Tie,48 mm
12 mm,5775 mm,653.09 cm³,2148,1993,5775 mm,1,STR-Model,Structural Framing,B15TA (B400X750T),HCS-BEAM,5.133323,Standard,48 mm
12 mm,7000 mm,791.68 cm³,487,485,7000 mm,1,STR-Model,Structural Framing,B15TA (B400X750T),HCS-BEAM,6.222615,Standard,48 mm
12 mm,3000 mm,678.58 cm³,621,621,6000 mm,2,STR-Model,Structural Framing,B15TA (B400X750T),HCS-BEAM,5.33367,Standard,48 mm
12 mm,1500 mm,339.29 cm³,2154,2000,3000 mm,2,STR-Model,Structural Framing,B15TA (B400X750T),HCS-BEAM,2.666835,Standard,48 mm
12 mm,10000 mm,1130.97 cm³,2168,2012,10000 mm,1,STR-Model,Structural Framing,B19L (B500X850L),HCS-BEAM,8.889451,Standard,48 mm
12 mm,5530 mm,1250.86 cm³,2172,2016,11060 mm,2,STR-Model,Structural Framing,B21L (B500X850L),HCS-BEAM,9.831732,Standard,48 mm
12 mm,9620 mm,26111.91 cm³,2175,2019,230880 mm,24,STR-TRENCH,Floor,,TRENCH,205.239635,Standard,48 mm
12 mm,6345 mm,2870.52 cm³,2176,2020,25381 mm,4,STR-Model,Floor,,SOG-Mesh Bottom X,22.562307,Standard,48 mm
12 mm,4565 mm,2065.27 cm³,2177,2021,18261 mm,4,STR-Model,Floor,,SOG-Mesh Bottom X,16.233018,Standard,48 mm
12 mm,6345 mm,2152.89 cm³,2176,2020,19036 mm,3,STR-Model,Floor,,SOG-Mesh TOP X,16.92173,Standard,48 mm
12 mm,4565 mm,1548.95 cm³,2177,2021,13696 mm,3,STR-Model,Floor,,SOG-Mesh TOP X,12.174763,Standard,48 mm
12 mm,7037 mm,17507.96 cm³,1398,1398,154804 mm,22,STR-Model,Floor,,SOG-Mesh Bottom Y,137.612578,Standard,48 mm
12 mm,6537 mm,2217.80 cm³,2180,2180,19610 mm,3,STR-Model,Floor,,SOG-Mesh Bottom Y,17.431934,Standard,48 mm
12 mm,7037 mm,17507.96 cm³,1398,1398,154804 mm,22,STR-Model,Floor,,SOG-Mesh TOP Y,137.612578,Standard,48 mm
12 mm,6537 mm,2217.80 cm³,2180,2180,19610 mm,3,STR-Model,Floor,,SOG-Mesh TOP Y,17.431934,Standard,48 mm
12 mm,1512 mm,684.24 cm³,2184,2184,6050 mm,4,STR-Model,Floor,,SOG-CATCH BASIN,5.378102,Standard,48 mm
12 mm,1500 mm,678.81 cm³,2193,2033,6002 mm,4,STR-Model,Floor,,SOG-CATCH BASIN,5.335432,Standard,48 mm
12 mm,750 mm,339.40 cm³,1495,1495,3001 mm,4,STR-Model,Floor,,SOG-CATCH BASIN,2.667716,Standard,48 mm
12 mm,550 mm,248.93 cm³,2183,2028,2201 mm,4,STR-Model,Wall,,SOG-CATCH BASIN,1.95656,Standard,48 mm
12 mm,550 mm,248.93 cm³,2183,2028,2201 mm,4,STR-Model,Wall,,SOG-CATCH BASIN,1.95656,Standard,48 mm
12 mm,750 mm,339.40 cm³,1495,1495,3001 mm,4,STR-Model,Floor,,SOG-CATCH BASIN,2.667716,Standard,48 mm
12 mm,550 mm,248.93 cm³,2183,2028,2201 mm,4,STR-Model,Wall,,SOG-CATCH BASIN,1.95656,Standard,48 mm
12 mm,550 mm,248.93 cm³,2183,2028,2201 mm,4,STR-Model,Wall,,SOG-CATCH BASIN,1.95656,Standard,48 mm
12 mm,750 mm,339.40 cm³,1495,1495,3001 mm,4,STR-Model,Floor,,SOG-CATCH BASIN,2.667716,Standard,48 mm
12 mm,550 mm,248.93 cm³,2183,2028,2201 mm,4,STR-Model,Wall,,SOG-CATCH BASIN,1.95656,Standard,48 mm
12 mm,550 mm,248.93 cm³,2183,2028,2201 mm,4,STR-Model,Wall,,SOG-CATCH BASIN,1.95656,Standard,48 mm
12 mm,1452 mm,656.85 cm³,2186,2186,5808 mm,4,STR-Model,Floor,,SOG-CATCH BASIN,5.162819,Standard,48 mm
12 mm,701 mm,317.30 cm³,2185,2185,2806 mm,4,STR-Model,Floor,,SOG-CATCH BASIN,2.493982,Standard,48 mm
12 mm,526 mm,238.07 cm³,2188,2188,2105 mm,4,STR-Model,Wall,,SOG-CATCH BASIN,1.871221,Standard,48 mm
12 mm,526 mm,238.07 cm³,2187,2187,2105 mm,4,STR-Model,Wall,,SOG-CATCH BASIN,1.871204,Standard,48 mm
12 mm,750 mm,339.40 cm³,1495,1495,3001 mm,4,STR-Model,Wall,,SOG-CATCH BASIN,2.667716,Standard,48 mm
12 mm,750 mm,339.40 cm³,1495,1495,3001 mm,4,STR-Model,Wall,,SOG-CATCH BASIN,2.667668,Standard,48 mm
12 mm,1452 mm,656.85 cm³,2186,2186,5808 mm,4,STR-Model,Floor,,SOG-CATCH BASIN,5.162819,Standard,48 mm
12 mm,701 mm,317.30 cm³,2185,2185,2806 mm,4,STR-Model,Floor,,SOG-CATCH BASIN,2.493982,Standard,48 mm
12 mm,526 mm,238.07 cm³,2188,2187,2105 mm,4,STR-TRENCH,Wall,,SOG-CATCH BASIN,1.871221,Standard,48 mm
12 mm,526 mm,238.07 cm³,2187,2187,2105 mm,4,STR-TRENCH,Wall,,SOG-CATCH BASIN,1.871204,Standard,48 mm
12 mm,1452 mm,656.85 cm³,2186,2186,5808 mm,4,STR-Model,Floor,,SOG-CATCH BASIN,5.162819,Standard,48 mm
12 mm,701 mm,317.30 cm³,2185,2185,2806 mm,4,STR-Model,Floor,,SOG-CATCH BASIN,2.493982,Standard,48 mm
12 mm,526 mm,238.07 cm³,2188,2188,2105 mm,4,STR-TRENCH,Wall,,SOG-CATCH BASIN,1.871221,Standard,48 mm
12 mm,526 mm,238.07 cm³,2187,2187,2105 mm,4,STR-TRENCH,Wall,,SOG-CATCH BASIN,1.871204,Standard,48 mm
12 mm,1500 mm,678.81 cm³,2193,2033,6002 mm,4,STR-Model,Floor,,SOG-CATCH BASIN,5.335432,Standard,48 mm
12 mm,11360 mm,30834.86 cm³,2190,2190,272640 mm,24,STR-TRENCH,Floor,,TRENCH,242.36198,Standard,48 mm
12 mm,11370 mm,30862.82 cm³,2191,2035,272887 mm,24,STR-TRENCH,Wall,,TRENCH,242.581728,Standard,48 mm
12 mm,9850 mm,26736.21 cm³,2192,2192,236400 mm,24,STR-TRENCH,Wall,,TRENCH,210.146612,Standard,48 mm
12 mm,486 mm,2750.41 cm³,1407,1407,24319 mm,50,STR-Model,Floor,,SOG-Mesh TOP Y,21.618237,Standard,48 mm
12 mm,1436 mm,8118.15 cm³,1404,1404,71780 mm,50,STR-Model,Floor,,SOG-Mesh TOP Y,63.808671,Standard,48 mm
12 mm,4000 mm,12667.29 cm³,2297,2297,112003 mm,28,STR-Model,Floor,,SOG-Mesh Bottom X,99.56493,Standard,48 mm
12 mm,2680 mm,909.39 cm³,2197,2197,8041 mm,3,STR-Model,Floor,,SOG-Mesh Bottom X,7.147779,Standard,48 mm
12 mm,2680 mm,909.39 cm³,2197,2197,8041 mm,3,STR-Model,Floor,,SOG-Mesh TOP X,7.147779,Standard,48 mm
12 mm,3855 mm,12207.91 cm³,1450,1450,107942 mm,28,STR-Model,Floor,,SOG-Mesh TOP X,95.95416,Standard,48 mm
12 mm,11750 mm,5315.59 cm³,2277,2277,47000 mm,4,STR-Model,Floor,,SOG-Mesh TOP X,41.780503,Standard,48 mm
12 mm,7707 mm,3486.37 cm³,2232,2232,30826 mm,4,STR-Model,Floor,,SOG-Mesh TOP Y,27.402833,Standard,48 mm
12 mm,2500 mm,1131.10 cm³,2233,2233,10001 mm,4,STR-Model,Floor,,SOG-Mesh TOP Y,8.89045,Standard,48 mm
12 mm,7707 mm,3486.37 cm³,2232,2232,30826 mm,4,STR-Model,Floor,,SOG-Mesh Bottom Y,27.402833,Standard,48 mm
12 mm,12000 mm,6785.91 cm³,1459,1459,60001 mm,5,STR-Model,Floor,,SOG-Mesh Bottom X,53.337254,Standard,48 mm
12 mm,10030 mm,3403.18 cm³,2248,2248,30091 mm,3,STR-Model,Floor,,SOG-Mesh Bottom X,26.749018,Standard,48 mm
12 mm,5707 mm,2581.59 cm³,2205,2205,22826 mm,4,STR-Model,Floor,,SOG-Mesh Bottom Y,20.291272,Standard,48 mm
12 mm,5707 mm,2581.59 cm³,2205,2205,22826 mm,4,STR-Model,Floor,,SOG-Mesh Bottom Y,20.291272,Standard,48 mm
12 mm,10030 mm,3403.18 cm³,2248,2248,30091 mm,3,STR-Model,Floor,,SOG-Mesh TOP X,26.749018,Standard,48 mm
12 mm,5707 mm,2581.59 cm³,2205,2205,22826 mm,4,STR-Model,Floor,,SOG-Mesh TOP Y,20.291272,Standard,48 mm
12 mm,5707 mm,2581.59 cm³,2205,2205,22826 mm,4,STR-Model,Floor,,SOG-Mesh TOP Y,20.291272,Standard,48 mm
12 mm,1900 mm,214.94 cm³,2235,2235,1900 mm,1,STR-Model,Floor,,TRENCH,1.689436,Standard,48 mm
12 mm,526 mm,238.07 cm³,2188,2188,2105 mm,4,STR-TRENCH,Wall,,SOG-CATCH BASIN,1.871221,Standard,48 mm
12 mm,526 mm,238.07 cm³,2187,2187,2105 mm,4,STR-TRENCH,Wall,,SOG-CATCH BASIN,1.871204,Standard,48 mm
12 mm,526 mm,238.07 cm³,2188,2188,2105 mm,4,STR-TRENCH,Wall,,SOG-CATCH BASIN,1.871221,Standard,48 mm
12 mm,526 mm,238.07 cm³,2187,2187,2105 mm,4,STR-TRENCH,Wall,,SOG-CATCH BASIN,1.871204,Standard,48 mm
12 mm,526 mm,238.07 cm³,2188,2188,2105 mm,4,STR-TRENCH,Wall,,SOG-CATCH BASIN,1.871221,Standard,48 mm
12 mm,526 mm,238.07 cm³,2187,2187,2105 mm,4,STR-TRENCH,Wall,,SOG-CATCH BASIN,1.871204,Standard,48 mm
12 mm,750 mm,339.40 cm³,1495,1495,3001 mm,4,STR-Model,Floor,,SOG-CATCH BASIN,2.667716,Standard,48 mm
12 mm,1852 mm,837.82 cm³,2236,2236,7408 mm,4,STR-Model,Floor,,SOG-CATCH BASIN,6.585263,Standard,48 mm
12 mm,701 mm,317.30 cm³,2185,2185,2806 mm,4,STR-Model,Floor,,SOG-CATCH BASIN,2.493982,Standard,48 mm
12 mm,1900 mm,859.76 cm³,2235,2235,7602 mm,4,STR-Model,Floor,,SOG-CATCH BASIN,6.757745,Standard,48 mm
12 mm,750 mm,339.40 cm³,1495,1495,3001 mm,4,STR-Model,Wall,,SOG-CATCH BASIN,2.667716,Standard,48 mm
12 mm,750 mm,339.40 cm³,1495,1495,3001 mm,4,STR-Model,Wall,,SOG-CATCH BASIN,2.667716,Standard,48 mm
12 mm,12000 mm,24429.28 cm³,1459,1459,216002 mm,18,STR-Model,Floor,,SOG-Mesh Bottom X,192.014115,Standard,48 mm
12 mm,1500 mm,508.98 cm³,2261,2261,4500 mm,3,STR-Model,Floor,,SOG-Mesh Bottom X,4.000583,Standard,48 mm
12 mm,9180 mm,3114.78 cm³,2262,2262,27541 mm,3,STR-Model,Floor,,SOG-Mesh Bottom X,24.482208,Standard,48 mm
12 mm,2230 mm,756.71 cm³,2263,2263,6691 mm,3,STR-Model,Floor,,SOG-Mesh Bottom X,5.947703,Standard,48 mm
12 mm,9060 mm,3074.07 cm³,2264,2264,27181 mm,3,STR-Model,Floor,,SOG-Mesh Bottom X,24.162187,Standard,48 mm
12 mm,3790 mm,1286.00 cm³,2265,2265,11371 mm,3,STR-Model,Floor,,SOG-Mesh Bottom X,10.107966,Standard,48 mm
12 mm,7470 mm,2534.60 cm³,2266,2266,22411 mm,3,STR-Model,Floor,,SOG-Mesh Bottom X,19.92192,Standard,48 mm
12 mm,1237 mm,1398.52 cm³,1361,1361,12366 mm,10,STR-Model,Floor,,SOG-Mesh Bottom Y,10.992358,Standard,48 mm
12 mm,737 mm,249.91 cm³,2267,2267,2210 mm,3,STR-Model,Floor,,SOG-Mesh Bottom Y,1.96429,Standard,48 mm
12 mm,1187 mm,402.59 cm³,2268,2268,3560 mm,3,STR-Model,Floor,,SOG-Mesh Bottom Y,3.164366,Standard,48 mm
12 mm,1187 mm,402.59 cm³,2268,2268,3560 mm,3,STR-Model,Floor,,SOG-Mesh Bottom Y,3.164366,Standard,48 mm
12 mm,1187 mm,402.59 cm³,2268,2268,3560 mm,3,STR-Model,Floor,,SOG-Mesh Bottom Y,3.164366,Standard,48 mm
12 mm,1237 mm,1398.52 cm³,1361,1361,12366 mm,10,STR-Model,Floor,,SOG-Mesh Bottom Y,10.992358,Standard,48 mm
12 mm,737 mm,249.91 cm³,2267,2267,2210 mm,3,STR-Model,Floor,,SOG-Mesh Bottom Y,1.96429,Standard,48 mm
12 mm,1187 mm,402.59 cm³,2268,2268,3560 mm,3,STR-Model,Floor,,SOG-Mesh Bottom Y,3.164366,Standard,48 mm
12 mm,1237 mm,2517.33 cm³,1361,1361,22258 mm,18,STR-Model,Floor,,SOG-Mesh Bottom Y,19.786245,Standard,48 mm
12 mm,737 mm,249.91 cm³,2267,2267,2210 mm,3,STR-Model,Floor,,SOG-Mesh Bottom Y,1.96429,Standard,48 mm
12 mm,12000 mm,2714.33 cm³,433,433,24000 mm,2,STR-Model,Structural Framing,B17L (B400X750L),HCS-BEAM,21.334648,Standard,48 mm
12 mm,7000 mm,1583.36 cm³,487,485,14000 mm,2,STR-Model,Structural Framing,B16L (B400X750L),HCS-BEAM,12.445231,Standard,48 mm
12 mm,7356 mm,1663.87 cm³,2294,2294,14712 mm,2,STR-Model,Structural Framing,B17LA (B400X850L),HCS-BEAM,13.078015,Standard,48 mm
12 mm,12000 mm,2714.33 cm³,433,433,24000 mm,2,STR-Model,Structural Framing,B17L (B400X750L),HCS-BEAM,21.334648,Standard,48 mm
12 mm,6000 mm,1357.17 cm³,2259,2259,12000 mm,2,STR-Model,Structural Framing,B17L (B400X750L),HCS-BEAM,10.667341,Standard,48 mm
12 mm,7500 mm,1696.46 cm³,430,430,15000 mm,2,STR-Model,Structural Framing,B18L (B400X850L),HCS-BEAM,13.334176,Standard,48 mm
12 mm,9500 mm,3223.32 cm³,2278,2278,28500 mm,3,STR-Model,Floor,,SOG-Mesh TOP X,25.335265,Standard,48 mm
12 mm,9800 mm,9975.02 cm³,2279,2279,88199 mm,9,STR-Model,Floor,,SOG-Mesh TOP X,78.403673,Standard,48 mm
12 mm,9180 mm,3114.78 cm³,2262,2262,27541 mm,3,STR-Model,Floor,,SOG-Mesh TOP X,24.482208,Standard,48 mm
12 mm,2230 mm,756.71 cm³,2263,2263,6691 mm,3,STR-Model,Floor,,SOG-Mesh TOP X,5.947703,Standard,48 mm
12 mm,11510 mm,5207.08 cm³,1251,1251,46041 mm,4,STR-Model,Floor,,SOG-Mesh TOP X,40.927669,Standard,48 mm
12 mm,2200 mm,746.57 cm³,1269,1269,6601 mm,3,STR-Model,Floor,,SOG-Mesh TOP X,5.868078,Standard,48 mm
12 mm,9060 mm,3074.07 cm³,2264,2264,27181 mm,3,STR-Model,Floor,,SOG-Mesh TOP X,24.162187,Standard,48 mm
12 mm,3790 mm,1286.05 cm³,2265,2265,11371 mm,3,STR-Model,Floor,,SOG-Mesh TOP X,10.108346,Standard,48 mm
12 mm,7470 mm,2534.60 cm³,2266,2266,22411 mm,3,STR-Model,Floor,,SOG-Mesh TOP X,19.92192,Standard,48 mm
12 mm,11510 mm,5207.08 cm³,1251,1251,46041 mm,4,STR-Model,Floor,,SOG-Mesh TOP X,40.927669,Standard,48 mm
12 mm,860 mm,97.29 cm³,1270,1270,860 mm,1,STR-Model,Floor,,SOG-Mesh TOP X,0.764713,Standard,48 mm
12 mm,1937 mm,9855.90 cm³,1340,1340,87145 mm,45,STR-Model,Floor,,SOG-Mesh TOP Y,77.467382,Standard,48 mm
12 mm,7000 mm,26917.17 cm³,487,485,238000 mm,34,STR-Model,Floor,,SOG-Mesh Bottom X,211.568924,Standard,48 mm
12 mm,2046 mm,12493.12 cm³,2303,2303,110463 mm,54,STR-Model,Structural Framing,B1 (B400X650),HCS-BEAM,98.195938,Stirrup / Tie,48 mm
12 mm,1637 mm,555.27 cm³,1476,1476,4910 mm,3,STR-Model,Floor,,SOG-Mesh TOP Y,4.364442,Standard,48 mm
12 mm,1637 mm,555.27 cm³,1476,1476,4910 mm,3,STR-Model,Floor,,SOG-Mesh TOP Y,4.364442,Standard,48 mm
12 mm,4403 mm,995.91 cm³,2308,2308,8806 mm,2,STR-Model,Structural Framing,B2L (B400X750L),HCS-BEAM,7.827872,Standard,48 mm
12 mm,1200 mm,16560.87 cm³,2309,2309,146430 mm,122,STR-Model,Floor,,HCS-FLOOR BOT,130.168428,Standard,48 mm
12 mm,6150 mm,2086.74 cm³,2325,2325,18451 mm,3,STR-Model,Floor,,HCS-FLOOR BOT,16.401785,Standard,48 mm
12 mm,11000 mm,3732.31 cm³,2326,2326,33001 mm,3,STR-Model,Floor,,HCS-FLOOR BOT,29.335946,Standard,48 mm
12 mm,9500 mm,3223.37 cm³,2312,2312,28501 mm,3,STR-Model,Floor,,HCS-FLOOR BOT,25.335693,Standard,48 mm
12 mm,10550 mm,3579.61 cm³,2103,2103,31651 mm,3,STR-Model,Floor,,HCS-FLOOR TOP,28.135772,Standard,48 mm
12 mm,1800 mm,9975.87 cm³,2322,2322,88206 mm,49,STR-Model,Floor,,HCS-FLOOR TOP,78.41035,Standard,48 mm
12 mm,1800 mm,25855.83 cm³,2322,2322,228616 mm,127,STR-Model,Floor,,HCS-FLOOR TOP,203.226827,Standard,48 mm
12 mm,9970 mm,1127.61 cm³,2314,2314,9970 mm,1,STR-Model,Structural Framing,B19L (B500X850L),HCS-BEAM,8.863015,Standard,48 mm
12 mm,1300 mm,21322.91 cm³,2316,2316,188536 mm,145,STR-Model,Floor,,HCS-FLOOR BOT,167.598081,Standard,48 mm
12 mm,11998 mm,5427.68 cm³,2319,2319,47991 mm,4,STR-Model,Floor,,HCS-FLOOR BOT,42.661604,Standard,48 mm
12 mm,12000 mm,5428.68 cm³,2317,2317,48000 mm,4,STR-Model,Floor,,HCS-FLOOR BOT,42.669426,Standard,48 mm
12 mm,7000 mm,3166.73 cm³,487,485,28000 mm,4,STR-Model,Floor,,HCS-FLOOR BOT,24.890462,Standard,48 mm
12 mm,2001 mm,33261.60 cm³,2318,2318,294097 mm,147,STR-Model,Floor,,HCS-FLOOR TOP,261.436179,Standard,48 mm
12 mm,9213 mm,4167.78 cm³,2320,2320,36851 mm,4,STR-Model,Floor,,HCS-FLOOR TOP,32.758756,Standard,48 mm
12 mm,12000 mm,5428.67 cm³,433,433,48000 mm,4,STR-Model,Floor,,HCS-FLOOR TOP,42.669334,Standard,48 mm
12 mm,10016 mm,4531.05 cm³,2321,2321,40063 mm,4,STR-Model,Floor,,HCS-FLOOR TOP,35.614047,Standard,48 mm
12 mm,8000 mm,2714.43 cm³,2327,2327,24001 mm,3,STR-Model,Floor,,HCS-FLOOR TOP,21.33544,Standard,48 mm
12 mm,8150 mm,2765.33 cm³,2311,2311,24451 mm,3,STR-Model,Floor,,HCS-FLOOR TOP,21.735465,Standard,48 mm
12 mm,10501 mm,3562.93 cm³,2310,2310,31503 mm,3,STR-Model,Floor,,HCS-FLOOR TOP,28.004658,Standard,48 mm
12 mm,1200 mm,2986.39 cm³,2461,2495,26405 mm,22,STR-Model,Floor,,HCS-FLOOR BOT,23.472995,Standard,48 mm
12 mm,5176 mm,1756.26 cm³,2329,2329,15529 mm,3,STR-Model,Floor,,HCS-FLOOR BOT,13.8042,Standard,48 mm
12 mm,5176 mm,1756.26 cm³,2329,2329,15529 mm,3,STR-Model,Floor,,HCS-FLOOR TOP,13.8042,Standard,48 mm
12 mm,2000 mm,5429.01 cm³,2590,2622,48003 mm,24,STR-Model,Floor,,HCS-FLOOR TOP,42.672006,Standard,48 mm
12 mm,1201 mm,6382.39 cm³,2331,2331,56433 mm,47,STR-Model,Floor,,HCS-FLOOR BOT,50.165607,Standard,48 mm
12 mm,10681 mm,3624.03 cm³,2332,2332,32043 mm,3,STR-Model,Floor,,HCS-FLOOR BOT,28.484907,Standard,48 mm
12 mm,1800 mm,10586.64 cm³,2333,2333,93606 mm,52,STR-Model,Floor,,HCS-FLOOR TOP,83.210984,Standard,48 mm
12 mm,10681 mm,3624.03 cm³,2332,2332,32043 mm,3,STR-Model,Floor,,HCS-FLOOR TOP,28.484907,Standard,48 mm
12 mm,1180 mm,10413.14 cm³,2334,2334,92072 mm,78,STR-Model,Floor,,HCS-FLOOR BOT,81.847247,Standard,48 mm
12 mm,6200 mm,2103.77 cm³,2335,2335,18601 mm,3,STR-Model,Floor,,HCS-FLOOR BOT,16.535627,Standard,48 mm
12 mm,10800 mm,3664.40 cm³,2336,2336,32400 mm,3,STR-Model,Floor,,HCS-FLOOR BOT,28.80215,Standard,48 mm
12 mm,10000 mm,3392.91 cm³,2337,2337,30000 mm,3,STR-Model,Floor,,HCS-FLOOR TOP,26.668274,Standard,48 mm
12 mm,7001 mm,2375.43 cm³,2338,2338,21003 mm,3,STR-Model,Floor,,HCS-FLOOR TOP,18.670843,Standard,48 mm
12 mm,1800 mm,16490.73 cm³,2333,2333,145810 mm,81,STR-Model,Floor,,HCS-FLOOR TOP,129.61711,Standard,48 mm
12 mm,2246 mm,13460.60 cm³,2340,2340,119018 mm,53,STR-Model,Structural Framing,B3 (B400X750),HCS-BEAM,105.800312,Stirrup / Tie,48 mm
12 mm,2050 mm,29448.45 cm³,2059,2059,260381 mm,127,STR-Model,Wall,,HCS-PARAPET,231.464819,Standard,48 mm
12 mm,2050 mm,29448.45 cm³,2059,2059,260381 mm,127,STR-Model,Wall,,HCS-PARAPET,231.464819,Standard,48 mm
12 mm,11112 mm,7540.65 cm³,2602,2634,66674 mm,6,STR-Model,Wall,,HCS-PARAPET,59.269474,Standard,48 mm
12 mm,10112 mm,5718.38 cm³,2603,2635,50562 mm,5,STR-Model,Wall,,HCS-PARAPET,44.946503,Standard,48 mm
12 mm,8000 mm,5428.67 cm³,1767,1767,48000 mm,6,STR-Model,Wall,,HCS-PARAPET,42.669363,Standard,48 mm
12 mm,8000 mm,4523.89 cm³,1767,1767,40000 mm,5,STR-Model,Wall,,HCS-PARAPET,35.557802,Standard,48 mm
12 mm,8422 mm,4762.71 cm³,2605,2637,42112 mm,5,STR-Model,Wall,,HCS-PARAPET,37.434917,Standard,48 mm
12 mm,7422 mm,5036.67 cm³,2604,2636,44534 mm,6,STR-Model,Wall,,HCS-PARAPET,39.58823,Standard,48 mm
12 mm,11112 mm,7540.65 cm³,2602,2634,66674 mm,6,STR-Model,Wall,,HCS-PARAPET,59.269474,Standard,48 mm
12 mm,10112 mm,5718.38 cm³,2603,2635,50562 mm,5,STR-Model,Wall,,HCS-PARAPET,44.946503,Standard,48 mm
12 mm,8422 mm,4762.71 cm³,2605,2637,42112 mm,5,STR-Model,Wall,,HCS-PARAPET,37.434917,Standard,48 mm
12 mm,7422 mm,5036.67 cm³,2604,2636,44534 mm,6,STR-Model,Wall,,HCS-PARAPET,39.58823,Standard,48 mm
12 mm,8000 mm,4523.89 cm³,1767,1767,40000 mm,5,STR-Model,Wall,,HCS-PARAPET,35.557802,Standard,48 mm
12 mm,8000 mm,5428.67 cm³,1767,1767,48000 mm,6,STR-Model,Wall,,HCS-PARAPET,42.669363,Standard,48 mm
12 mm,2050 mm,33622.25 cm³,2059,2059,297286 mm,145,STR-Model,Wall,,HCS-PARAPET,264.270856,Standard,48 mm
12 mm,2050 mm,33622.25 cm³,2059,2059,297286 mm,145,STR-Model,Wall,,HCS-PARAPET,264.270856,Standard,48 mm
12 mm,11112 mm,7540.65 cm³,2602,2634,66674 mm,6,STR-Model,Wall,,HCS-PARAPET,59.269474,Standard,48 mm
12 mm,10112 mm,5718.38 cm³,2603,2635,50562 mm,5,STR-Model,Wall,,HCS-PARAPET,44.946503,Standard,48 mm
12 mm,11600 mm,7871.57 cm³,2344,2344,69600 mm,6,STR-Model,Wall,,HCS-PARAPET,61.870576,Standard,48 mm
12 mm,11600 mm,6559.65 cm³,2344,2344,58000 mm,5,STR-Model,Wall,,HCS-PARAPET,51.558813,Standard,48 mm
12 mm,8322 mm,4706.16 cm³,2601,2633,41612 mm,5,STR-Model,Wall,,HCS-PARAPET,36.990445,Standard,48 mm
12 mm,7322 mm,4968.81 cm³,2600,2632,43934 mm,6,STR-Model,Wall,,HCS-PARAPET,39.054863,Standard,48 mm
12 mm,11112 mm,7540.65 cm³,2602,2634,66674 mm,6,STR-Model,Wall,,HCS-PARAPET,59.269474,Standard,48 mm
12 mm,10112 mm,5718.38 cm³,2603,2635,50562 mm,5,STR-Model,Wall,,HCS-PARAPET,44.946503,Standard,48 mm
12 mm,8322 mm,4706.16 cm³,2601,2633,41612 mm,5,STR-Model,Wall,,HCS-PARAPET,36.990445,Standard,48 mm
12 mm,7322 mm,4968.81 cm³,2600,2632,43934 mm,6,STR-Model,Wall,,HCS-PARAPET,39.054863,Standard,48 mm
12 mm,11600 mm,6559.65 cm³,2344,2344,58000 mm,5,STR-Model,Wall,,HCS-PARAPET,51.558813,Standard,48 mm
12 mm,11600 mm,7871.57 cm³,2344,2344,69600 mm,6,STR-Model,Wall,,HCS-PARAPET,61.870576,Standard,48 mm
12 mm,2050 mm,18782.08 cm³,2059,2059,166070 mm,81,STR-Model,Wall,,HCS-PARAPET,147.627168,Standard,48 mm
12 mm,2050 mm,18782.08 cm³,2059,2059,166070 mm,81,STR-Model,Wall,,HCS-PARAPET,147.627168,Standard,48 mm
12 mm,9113 mm,6184.02 cm³,2596,2627,54679 mm,6,STR-Model,Wall,,HCS-PARAPET,48.606399,Standard,48 mm
12 mm,8113 mm,4587.86 cm³,2597,2629,40566 mm,5,STR-Model,Wall,,HCS-PARAPET,36.060607,Standard,48 mm
12 mm,7743 mm,5254.36 cm³,2594,2625,46459 mm,6,STR-Model,Wall,,HCS-PARAPET,41.29927,Standard,48 mm
12 mm,8743 mm,4944.12 cm³,2595,2626,43716 mm,5,STR-Model,Wall,,HCS-PARAPET,38.860784,Standard,48 mm
12 mm,8113 mm,4587.86 cm³,2597,2629,40566 mm,5,STR-Model,Wall,,HCS-PARAPET,36.060607,Standard,48 mm
12 mm,9113 mm,6184.02 cm³,2596,2627,54679 mm,6,STR-Model,Wall,,HCS-PARAPET,48.606399,Standard,48 mm
12 mm,7743 mm,5254.36 cm³,2594,2625,46459 mm,6,STR-Model,Wall,,HCS-PARAPET,41.29927,Standard,48 mm
12 mm,8743 mm,4944.12 cm³,2595,2626,43716 mm,5,STR-Model,Wall,,HCS-PARAPET,38.860784,Standard,48 mm
12 mm,5000 mm,565.49 cm³,2379,2379,5000 mm,1,STR-Model,Structural Framing,B15L (B400X750L),HCS-BEAM,4.444768,Standard,48 mm
12 mm,4500 mm,508.94 cm³,483,483,4500 mm,1,STR-Model,Structural Framing,B15L (B400X750L),HCS-BEAM,4.000253,Standard,48 mm
12 mm,2500 mm,282.74 cm³,1513,1513,2500 mm,1,STR-Model,Structural Framing,B14L (B400X750L),HCS-BEAM,2.222363,Standard,48 mm
12 mm,5000 mm,565.49 cm³,2379,2379,5000 mm,1,STR-Model,Structural Framing,B15L (B400X750L),HCS-BEAM,4.444768,Standard,48 mm
12 mm,3000 mm,339.29 cm³,2382,2382,3000 mm,1,STR-Model,Structural Framing,B14L (B400X750L),HCS-BEAM,2.666856,Standard,48 mm
12 mm,3000 mm,339.29 cm³,2382,2382,3000 mm,1,STR-Model,Structural Framing,B14L (B400X750L),HCS-BEAM,2.666856,Standard,48 mm
12 mm,9650 mm,1091.39 cm³,2395,2497,9650 mm,1,STR-Model,Structural Framing,B19L (B500X850L),HCS-BEAM,8.578341,Standard,48 mm
12 mm,4000 mm,452.44 cm³,2394,2498,4000 mm,1,STR-Model,Structural Framing,B14TA (B400X750T),HCS-BEAM,3.556202,Standard,48 mm
12 mm,2983 mm,337.39 cm³,333,349,2983 mm,1,STR-Model,Structural Column,,Corbel,2.651916,Stirrup / Tie,48 mm
12 mm,3135 mm,354.58 cm³,334,334,3135 mm,1,STR-Model,Structural Column,,Corbel,2.787036,Stirrup / Tie,48 mm
12 mm,3285 mm,371.55 cm³,339,347,3285 mm,1,STR-Model,Structural Column,,Corbel,2.920378,Stirrup / Tie,48 mm
12 mm,3435 mm,388.51 cm³,340,348,3435 mm,1,STR-Model,Structural Column,,Corbel,3.053719,Stirrup / Tie,48 mm
12 mm,5333 mm,603.09 cm³,2428,2448,5333 mm,1,STR-Model,Structural Framing,B21L (B500X850L),HCS-BEAM,4.740311,Standard,48 mm
12 mm,2700 mm,3969.79 cm³,312,312,35101 mm,13,STR-Model,Structural Foundation,F10,CT-ISOLATED FOOTING,31.202524,Standard,48 mm
12 mm,2700 mm,3969.79 cm³,312,312,35101 mm,13,STR-Model,Structural Foundation,F10,CT-ISOLATED FOOTING,31.202524,Standard,48 mm
12 mm,2700 mm,3969.79 cm³,312,312,35101 mm,13,STR-Model,Structural Foundation,F10,CT-ISOLATED FOOTING,31.202524,Standard,48 mm
12 mm,2700 mm,3969.79 cm³,312,312,35101 mm,13,STR-Model,Structural Foundation,F10,CT-ISOLATED FOOTING,31.202524,Standard,48 mm
12 mm,2700 mm,3969.79 cm³,312,312,35101 mm,13,STR-Model,Structural Foundation,F10,CT-ISOLATED FOOTING,31.202524,Standard,48 mm
12 mm,2700 mm,3969.79 cm³,312,312,35101 mm,13,STR-Model,Structural Foundation,F10,CT-ISOLATED FOOTING,31.202524,Standard,48 mm
12 mm,10000 mm,12440.71 cm³,1010,2391,110000 mm,11,STR-Model,Floor,CT - FLOOR,Mesh Bottom Y,97.783968,Standard,48 mm
12 mm,7200 mm,13028.86 cm³,440,440,115200 mm,16,STR-Model,Wall,STW1,CT-WALL,102.40681,Standard,48 mm
12 mm,7200 mm,13028.86 cm³,440,440,115200 mm,16,STR-Model,Wall,STW1,CT-WALL,102.40681,Standard,48 mm
12 mm,12000 mm,21714.69 cm³,433,433,192000 mm,16,STR-Model,Wall,STW1,CT-WALL,170.677451,Standard,48 mm
12 mm,7200 mm,13028.86 cm³,440,440,115200 mm,16,STR-Model,Wall,STW1,CT-WALL,102.40681,Standard,48 mm
12 mm,7200 mm,13028.86 cm³,440,440,115200 mm,16,STR-Model,Wall,STW1,CT-WALL,102.40681,Standard,48 mm
12 mm,12000 mm,21714.69 cm³,433,433,192000 mm,16,STR-Model,Wall,STW1,CT-WALL,170.677451,Standard,48 mm
12 mm,7200 mm,5700.12 cm³,440,440,50400 mm,7,STR-Model,Wall,STW1,CT-WALL,44.80298,Standard,48 mm
12 mm,7200 mm,5700.12 cm³,442,440,50400 mm,7,STR-Model,Wall,STW1,CT-WALL,44.80298,Standard,48 mm
12 mm,12000 mm,9500.18 cm³,433,433,84000 mm,7,STR-Model,Wall,STW1,CT-WALL,74.671385,Standard,48 mm
12 mm,1900 mm,644.72 cm³,428,428,5701 mm,3,STR-Model,Wall,STW1,CT-WALL,5.067506,Standard,48 mm
12 mm,7500 mm,2544.69 cm³,430,430,22500 mm,3,STR-Model,Wall,STW1,CT-WALL,20.001264,Standard,48 mm
12 mm,7650 mm,2595.58 cm³,790,801,22950 mm,3,STR-Model,Wall,STW1,CT-WALL,20.401289,Standard,48 mm
12 mm,6000 mm,2035.77 cm³,432,434,18000 mm,3,STR-Model,Wall,STW1,CT-WALL,16.001118,Standard,48 mm
12 mm,7200 mm,5700.12 cm³,440,440,50400 mm,7,STR-Model,Wall,STW1,CT-WALL,44.80298,Standard,48 mm
12 mm,7200 mm,5700.12 cm³,442,440,50400 mm,7,STR-Model,Wall,STW1,CT-WALL,44.80298,Standard,48 mm
12 mm,12000 mm,9500.18 cm³,433,433,84000 mm,7,STR-Model,Wall,STW1,CT-WALL,74.671385,Standard,48 mm
12 mm,1900 mm,644.72 cm³,428,428,5701 mm,3,STR-Model,Wall,STW1,CT-WALL,5.067506,Standard,48 mm
12 mm,7500 mm,2544.69 cm³,430,430,22500 mm,3,STR-Model,Wall,STW1,CT-WALL,20.001264,Standard,48 mm
12 mm,7650 mm,2595.58 cm³,790,801,22950 mm,3,STR-Model,Wall,STW1,CT-WALL,20.401289,Standard,48 mm
12 mm,6000 mm,2035.77 cm³,432,434,18000 mm,3,STR-Model,Wall,STW1,CT-WALL,16.001118,Standard,48 mm
12 mm,7200 mm,13028.86 cm³,440,440,115200 mm,16,STR-Model,Wall,STW1,CT-WALL,102.40681,Standard,48 mm
12 mm,7200 mm,13028.86 cm³,440,440,115200 mm,16,STR-Model,Wall,STW1,CT-WALL,102.40681,Standard,48 mm
12 mm,12000 mm,21714.69 cm³,433,433,192000 mm,16,STR-Model,Wall,STW1,CT-WALL,170.677451,Standard,48 mm
12 mm,7200 mm,4071.52 cm³,440,440,36000 mm,5,STR-Model,Wall,STW1,CT-WALL,32.002128,Standard,48 mm
12 mm,423 mm,47.86 cm³,2523,2564,423 mm,1,STR-Model,Wall,STW1,CT-WALL,0.376194,Standard,48 mm
12 mm,2850 mm,322.33 cm³,613,613,2850 mm,1,STR-Model,Wall,STW1,CT-WALL,2.533515,Standard,48 mm
12 mm,2850 mm,322.33 cm³,613,613,2850 mm,1,STR-Model,Wall,STW1,CT-WALL,2.533515,Standard,48 mm
12 mm,2879 mm,325.64 cm³,2544,2584,2879 mm,1,STR-Model,Wall,STW1,CT-WALL,2.55953,Standard,48 mm
12 mm,7203 mm,5702.36 cm³,474,472,50420 mm,7,STR-Model,Wall,STW1,CT-WALL,44.820531,Standard,48 mm
12 mm,1376 mm,155.62 cm³,2520,2561,1376 mm,1,STR-Model,Wall,STW1,CT-WALL,1.223176,Standard,48 mm
12 mm,2400 mm,271.43 cm³,476,474,2400 mm,1,STR-Model,Wall,STW1,CT-WALL,2.133443,Standard,48 mm
12 mm,5471 mm,618.75 cm³,2534,2575,5471 mm,1,STR-Model,Wall,STW1,CT-WALL,4.863395,Standard,48 mm
12 mm,5357 mm,605.91 cm³,2533,2574,5357 mm,1,STR-Model,Wall,STW1,CT-WALL,4.762422,Standard,48 mm
12 mm,1237 mm,139.95 cm³,2535,2576,1237 mm,1,STR-Model,Wall,STW1,CT-WALL,1.099989,Standard,48 mm
12 mm,7693 mm,870.09 cm³,2537,2578,7693 mm,1,STR-Model,Wall,STW1,CT-WALL,6.838921,Standard,48 mm
12 mm,1200 mm,135.72 cm³,479,477,1200 mm,1,STR-Model,Wall,STW1,CT-WALL,1.066736,Standard,48 mm
12 mm,12000 mm,6785.83 cm³,433,433,60000 mm,5,STR-Model,Wall,STW1,CT-WALL,53.336619,Standard,48 mm
12 mm,7807 mm,1766.00 cm³,2545,2585,15615 mm,2,STR-Model,Wall,STW1,CT-WALL,13.880791,Standard,48 mm
12 mm,2700 mm,305.41 cm³,2547,2586,2700 mm,1,STR-Model,Wall,STW1,CT-WALL,2.4005,Standard,48 mm
12 mm,5628 mm,636.48 cm³,2531,2572,5628 mm,1,STR-Model,Wall,STW1,CT-WALL,5.002701,Standard,48 mm
12 mm,6089 mm,688.64 cm³,485,2553,6089 mm,1,STR-Model,Wall,STW1,CT-WALL,5.412705,Standard,48 mm
12 mm,7045 mm,1593.54 cm³,2511,2552,14090 mm,2,STR-Model,Wall,STW1,CT-WALL,12.525228,Standard,48 mm
12 mm,7600 mm,859.54 cm³,488,486,7600 mm,1,STR-Model,Wall,STW1,CT-WALL,6.755982,Standard,48 mm
12 mm,7761 mm,877.80 cm³,2536,2577,7761 mm,1,STR-Model,Wall,STW1,CT-WALL,6.899515,Standard,48 mm
12 mm,7662 mm,866.51 cm³,2517,2558,7662 mm,1,STR-Model,Wall,STW1,CT-WALL,6.810808,Standard,48 mm
12 mm,7200 mm,13028.86 cm³,440,440,115200 mm,16,STR-Model,Wall,STW1,CT-WALL,102.40681,Standard,48 mm
12 mm,7200 mm,13028.86 cm³,440,440,115200 mm,16,STR-Model,Wall,STW1,CT-WALL,102.40681,Standard,48 mm
12 mm,12000 mm,21714.69 cm³,433,433,192000 mm,16,STR-Model,Wall,STW1,CT-WALL,170.677451,Standard,48 mm
12 mm,7200 mm,4071.52 cm³,440,440,36000 mm,5,STR-Model,Wall,STW1,CT-WALL,32.002128,Standard,48 mm
12 mm,423 mm,47.86 cm³,2523,2564,423 mm,1,STR-Model,Wall,STW1,CT-WALL,0.376194,Standard,48 mm
12 mm,2879 mm,325.64 cm³,2544,2584,2879 mm,1,STR-Model,Wall,STW1,CT-WALL,2.55953,Standard,48 mm
12 mm,7203 mm,5702.36 cm³,474,472,50420 mm,7,STR-Model,Wall,STW1,CT-WALL,44.820531,Standard,48 mm
12 mm,1376 mm,155.62 cm³,2520,2561,1376 mm,1,STR-Model,Wall,STW1,CT-WALL,1.223176,Standard,48 mm
12 mm,2400 mm,271.43 cm³,476,474,2400 mm,1,STR-Model,Wall,STW1,CT-WALL,2.133443,Standard,48 mm
12 mm,5471 mm,618.75 cm³,2534,2575,5471 mm,1,STR-Model,Wall,STW1,CT-WALL,4.863396,Standard,48 mm
12 mm,5358 mm,605.92 cm³,2533,2574,5358 mm,1,STR-Model,Wall,STW1,CT-WALL,4.762541,Standard,48 mm
12 mm,1237 mm,139.95 cm³,2535,2576,1237 mm,1,STR-Model,Wall,STW1,CT-WALL,1.099989,Standard,48 mm
12 mm,7693 mm,870.09 cm³,2537,2578,7693 mm,1,STR-Model,Wall,STW1,CT-WALL,6.838921,Standard,48 mm
12 mm,12000 mm,6785.83 cm³,433,433,60000 mm,5,STR-Model,Wall,STW1,CT-WALL,53.336619,Standard,48 mm
12 mm,7807 mm,1765.98 cm³,2545,2585,15615 mm,2,STR-Model,Wall,STW1,CT-WALL,13.880595,Standard,48 mm
12 mm,2700 mm,305.41 cm³,2547,2586,2700 mm,1,STR-Model,Wall,STW1,CT-WALL,2.4005,Standard,48 mm
12 mm,5628 mm,636.48 cm³,2531,2572,5628 mm,1,STR-Model,Wall,STW1,CT-WALL,5.002701,Standard,48 mm
12 mm,6089 mm,688.67 cm³,2512,2553,6089 mm,1,STR-Model,Wall,STW1,CT-WALL,5.41298,Standard,48 mm
12 mm,7045 mm,1593.55 cm³,2511,2552,14090 mm,2,STR-Model,Wall,STW1,CT-WALL,12.525305,Standard,48 mm
12 mm,7761 mm,877.80 cm³,2536,2577,7761 mm,1,STR-Model,Wall,STW1,CT-WALL,6.899515,Standard,48 mm
12 mm,7662 mm,866.51 cm³,2517,2558,7662 mm,1,STR-Model,Wall,STW1,CT-WALL,6.810808,Standard,48 mm
12 mm,9700 mm,28523.24 cm³,492,492,252201 mm,26,STR-Model,Wall,STW1,CT-WALL,224.192664,Standard,48 mm
12 mm,9700 mm,28523.24 cm³,492,492,252201 mm,26,STR-Model,Wall,STW1,CT-WALL,224.192664,Standard,48 mm
12 mm,9700 mm,28523.24 cm³,492,492,252201 mm,26,STR-Model,Wall,STW1,CT-WALL,224.192664,Standard,48 mm
12 mm,9700 mm,28523.24 cm³,492,492,252201 mm,26,STR-Model,Wall,STW1,CT-WALL,224.192664,Standard,48 mm
12 mm,9700 mm,26329.14 cm³,492,492,232801 mm,24,STR-Model,Wall,STW1,CT-WALL,206.947075,Standard,48 mm
12 mm,9700 mm,26329.14 cm³,492,492,232801 mm,24,STR-Model,Wall,STW1,CT-WALL,206.947075,Standard,48 mm
12 mm,9700 mm,26329.14 cm³,492,492,232801 mm,24,STR-Model,Wall,STW1,CT-WALL,206.947075,Standard,48 mm
12 mm,9700 mm,26329.14 cm³,492,492,232801 mm,24,STR-Model,Wall,STW1,CT-WALL,206.947075,Standard,48 mm
12 mm,9900 mm,141077.63 cm³,1007,914,1247400 mm,126,STR-Model,Floor,CT - FLOOR,Mesh Top Y,1108.870201,Standard,48 mm
12 mm,3000 mm,3732.21 cm³,621,621,33000 mm,11,STR-Model,Floor,CT - FLOOR,Mesh Bottom X,29.335187,Standard,48 mm
12 mm,12000 mm,66501.23 cm³,433,433,588000 mm,49,STR-Model,Floor,CT - FLOOR,Mesh Top X,522.699694,Standard,48 mm
12 mm,7000 mm,38792.52 cm³,1029,933,343001 mm,49,STR-Model,Floor,CT - FLOOR,Mesh Top X,304.909195,Standard,48 mm
12 mm,7000 mm,38792.52 cm³,1029,933,343001 mm,49,STR-Model,Floor,CT - FLOOR,Mesh Top X,304.909195,Standard,48 mm
12 mm,2400 mm,2985.89 cm³,1027,2393,26401 mm,11,STR-Model,Floor,,Mesh Bottom X,23.469084,Standard,48 mm
12 mm,3000 mm,3732.83 cm³,1009,916,33005 mm,11,STR-Model,Floor,,Mesh Bottom X,29.340033,Standard,48 mm
12 mm,3000 mm,3732.83 cm³,1009,916,33005 mm,11,STR-Model,Floor,,Mesh Bottom X,29.340033,Standard,48 mm
12 mm,3000 mm,3732.83 cm³,1009,916,33005 mm,11,STR-Model,Floor,,Mesh Bottom X,29.340033,Standard,48 mm
12 mm,3000 mm,3732.83 cm³,1009,916,33005 mm,11,STR-Model,Floor,,Mesh Bottom X,29.340033,Standard,48 mm
12 mm,3000 mm,3732.83 cm³,1009,916,33005 mm,11,STR-Model,Floor,,Mesh Bottom X,29.340033,Standard,48 mm
12 mm,2400 mm,2986.35 cm³,618,618,26405 mm,11,STR-Model,Floor,,Mesh Bottom X,23.47272,Standard,48 mm
12 mm,3000 mm,3732.21 cm³,621,621,33000 mm,11,STR-Model,Floor,CT - FLOOR,Mesh Bottom X,29.335187,Standard,48 mm
12 mm,3000 mm,3732.21 cm³,621,621,33000 mm,11,STR-Model,Floor,CT - FLOOR,Mesh Bottom X,29.335187,Standard,48 mm
12 mm,3000 mm,3732.21 cm³,621,621,33000 mm,11,STR-Model,Floor,CT - FLOOR,Mesh Bottom X,29.335187,Standard,48 mm
12 mm,3000 mm,3732.21 cm³,621,621,33000 mm,11,STR-Model,Floor,CT - FLOOR,Mesh Bottom X,29.335187,Standard,48 mm
12 mm,3000 mm,3732.21 cm³,621,621,33000 mm,11,STR-Model,Floor,CT - FLOOR,Mesh Bottom X,29.335187,Standard,48 mm
12 mm,2400 mm,2714.44 cm³,1027,2393,24001 mm,10,STR-Model,Floor,,Mesh Bottom X,21.335531,Standard,48 mm
12 mm,3000 mm,3393.48 cm³,1009,916,30005 mm,10,STR-Model,Floor,,Mesh Bottom X,26.672757,Standard,48 mm
12 mm,3000 mm,3393.48 cm³,1009,916,30005 mm,10,STR-Model,Floor,,Mesh Bottom X,26.672757,Standard,48 mm
12 mm,3000 mm,3393.48 cm³,1009,916,30005 mm,10,STR-Model,Floor,,Mesh Bottom X,26.672757,Standard,48 mm
12 mm,3000 mm,3393.48 cm³,1009,916,30005 mm,10,STR-Model,Floor,,Mesh Bottom X,26.672757,Standard,48 mm
12 mm,3000 mm,3393.48 cm³,1009,916,30005 mm,10,STR-Model,Floor,,Mesh Bottom X,26.672757,Standard,48 mm
12 mm,2400 mm,2714.86 cm³,618,618,24005 mm,10,STR-Model,Floor,,Mesh Bottom X,21.338836,Standard,48 mm
12 mm,2400 mm,2171.56 cm³,1027,2393,19201 mm,8,STR-Model,Floor,,Mesh Bottom X,17.068425,Standard,48 mm
12 mm,3000 mm,2714.78 cm³,1009,916,24004 mm,8,STR-Model,Floor,,Mesh Bottom X,21.338206,Standard,48 mm
12 mm,3000 mm,2714.78 cm³,1009,916,24004 mm,8,STR-Model,Floor,,Mesh Bottom X,21.338206,Standard,48 mm
12 mm,3000 mm,2714.78 cm³,1009,916,24004 mm,8,STR-Model,Floor,,Mesh Bottom X,21.338206,Standard,48 mm
12 mm,3000 mm,2714.78 cm³,1009,916,24004 mm,8,STR-Model,Floor,,Mesh Bottom X,21.338206,Standard,48 mm
12 mm,3000 mm,2714.78 cm³,1009,916,24004 mm,8,STR-Model,Floor,,Mesh Bottom X,21.338206,Standard,48 mm
12 mm,2400 mm,2171.92 cm³,618,618,19204 mm,8,STR-Model,Floor,,Mesh Bottom X,17.071269,Standard,48 mm
12 mm,3000 mm,3392.92 cm³,621,621,30000 mm,10,STR-Model,Floor,CT - FLOOR,Mesh Bottom X,26.668352,Standard,48 mm
12 mm,3000 mm,3392.92 cm³,621,621,30000 mm,10,STR-Model,Floor,CT - FLOOR,Mesh Bottom X,26.668352,Standard,48 mm
12 mm,3000 mm,3392.92 cm³,621,621,30000 mm,10,STR-Model,Floor,CT - FLOOR,Mesh Bottom X,26.668352,Standard,48 mm
12 mm,3000 mm,3392.92 cm³,621,621,30000 mm,10,STR-Model,Floor,CT - FLOOR,Mesh Bottom X,26.668352,Standard,48 mm
12 mm,3000 mm,3392.92 cm³,621,621,30000 mm,10,STR-Model,Floor,CT - FLOOR,Mesh Bottom X,26.668352,Standard,48 mm
12 mm,3000 mm,3392.92 cm³,621,621,30000 mm,10,STR-Model,Floor,CT - FLOOR,Mesh Bottom X,26.668352,Standard,48 mm
12 mm,3000 mm,2714.34 cm³,621,621,24000 mm,8,STR-Model,Floor,CT - FLOOR,Mesh Bottom X,21.334681,Standard,48 mm
12 mm,3000 mm,2714.34 cm³,621,621,24000 mm,8,STR-Model,Floor,CT - FLOOR,Mesh Bottom X,21.334681,Standard,48 mm
12 mm,3000 mm,2714.34 cm³,621,621,24000 mm,8,STR-Model,Floor,CT - FLOOR,Mesh Bottom X,21.334681,Standard,48 mm
12 mm,3000 mm,2714.34 cm³,621,621,24000 mm,8,STR-Model,Floor,CT - FLOOR,Mesh Bottom X,21.334681,Standard,48 mm
12 mm,3000 mm,2714.34 cm³,621,621,24000 mm,8,STR-Model,Floor,CT - FLOOR,Mesh Bottom X,21.334681,Standard,48 mm
12 mm,3000 mm,2714.34 cm³,621,621,24000 mm,8,STR-Model,Floor,CT - FLOOR,Mesh Bottom X,21.334681,Standard,48 mm
12 mm,12000 mm,14928.88 cm³,1011,918,132000 mm,11,STR-Model,Floor,CT - FLOOR,Mesh Bottom X,117.340981,Standard,48 mm
12 mm,12000 mm,14928.88 cm³,1011,918,132000 mm,11,STR-Model,Floor,CT - FLOOR,Mesh Bottom X,117.340981,Standard,48 mm
12 mm,2400 mm,2985.77 cm³,626,626,26400 mm,11,STR-Model,Floor,CT - FLOOR,Mesh Bottom X,23.46815,Standard,48 mm
12 mm,12000 mm,14928.88 cm³,1011,918,132000 mm,11,STR-Model,Floor,CT - FLOOR,Mesh Bottom X,117.340981,Standard,48 mm
12 mm,12000 mm,14928.88 cm³,1011,918,132000 mm,11,STR-Model,Floor,CT - FLOOR,Mesh Bottom X,117.340981,Standard,48 mm
12 mm,2400 mm,2985.77 cm³,626,626,26400 mm,11,STR-Model,Floor,CT - FLOOR,Mesh Bottom X,23.46815,Standard,48 mm
12 mm,10000 mm,12440.71 cm³,1010,2391,110000 mm,11,STR-Model,Floor,CT - FLOOR,Mesh Bottom Y,97.783968,Standard,48 mm
12 mm,10000 mm,12440.71 cm³,1010,2391,110000 mm,11,STR-Model,Floor,CT - FLOOR,Mesh Bottom Y,97.783968,Standard,48 mm
12 mm,10000 mm,11309.73 cm³,1010,2391,100000 mm,10,STR-Model,Floor,CT - FLOOR,Mesh Bottom Y,88.894517,Standard,48 mm
12 mm,10000 mm,11309.73 cm³,1010,2391,100000 mm,10,STR-Model,Floor,CT - FLOOR,Mesh Bottom Y,88.894517,Standard,48 mm
12 mm,10000 mm,11309.73 cm³,1010,2391,100000 mm,10,STR-Model,Floor,CT - FLOOR,Mesh Bottom Y,88.894517,Standard,48 mm
12 mm,2401 mm,2715.80 cm³,1030,934,24013 mm,10,STR-Model,Floor,CT - FLOOR,Mesh Bottom Y,21.346207,Standard,48 mm
12 mm,3000 mm,3392.92 cm³,621,621,30000 mm,10,STR-Model,Floor,CT - FLOOR,Mesh Bottom Y,26.668352,Standard,48 mm
12 mm,3000 mm,3393.21 cm³,2615,2647,30003 mm,10,STR-Model,Floor,,Mesh Bottom Y,26.670666,Standard,48 mm
12 mm,3000 mm,3392.95 cm³,1035,939,30000 mm,10,STR-Model,Floor,,Mesh Bottom Y,26.668575,Standard,48 mm
12 mm,3000 mm,3392.92 cm³,621,621,30000 mm,10,STR-Model,Floor,CT - FLOOR,Mesh Bottom Y,26.668352,Standard,48 mm
12 mm,2401 mm,2715.80 cm³,1030,934,24013 mm,10,STR-Model,Floor,CT - FLOOR,Mesh Bottom Y,21.346207,Standard,48 mm
12 mm,3000 mm,3392.92 cm³,621,621,30000 mm,10,STR-Model,Floor,CT - FLOOR,Mesh Bottom Y,26.668352,Standard,48 mm
12 mm,3000 mm,3393.17 cm³,2615,2647,30002 mm,10,STR-Model,Floor,,Mesh Bottom Y,26.670353,Standard,48 mm
12 mm,3000 mm,3392.95 cm³,1035,939,30000 mm,10,STR-Model,Floor,,Mesh Bottom Y,26.668575,Standard,48 mm
12 mm,3000 mm,3392.92 cm³,621,621,30000 mm,10,STR-Model,Floor,CT - FLOOR,Mesh Bottom Y,26.668352,Standard,48 mm
12 mm,2402 mm,2716.12 cm³,1034,938,24016 mm,10,STR-Model,Floor,CT - FLOOR,Mesh Bottom Y,21.348711,Standard,48 mm
12 mm,3000 mm,3392.92 cm³,621,621,30000 mm,10,STR-Model,Floor,CT - FLOOR,Mesh Bottom Y,26.668352,Standard,48 mm
12 mm,2976 mm,3365.74 cm³,2088,920,29760 mm,10,STR-Model,Floor,,Mesh Bottom Y,26.454747,Standard,48 mm
12 mm,3000 mm,3392.95 cm³,1035,939,30000 mm,10,STR-Model,Floor,,Mesh Bottom Y,26.668575,Standard,48 mm
12 mm,3000 mm,3392.92 cm³,621,621,30000 mm,10,STR-Model,Floor,CT - FLOOR,Mesh Bottom Y,26.668352,Standard,48 mm
12 mm,2401 mm,2715.80 cm³,1030,934,24013 mm,10,STR-Model,Floor,CT - FLOOR,Mesh Bottom Y,21.346207,Standard,48 mm
12 mm,3000 mm,3392.92 cm³,621,621,30000 mm,10,STR-Model,Floor,CT - FLOOR,Mesh Bottom Y,26.668352,Standard,48 mm
12 mm,3000 mm,3393.21 cm³,2615,2647,30003 mm,10,STR-Model,Floor,,Mesh Bottom Y,26.670666,Standard,48 mm
12 mm,3000 mm,3392.95 cm³,1035,939,30000 mm,10,STR-Model,Floor,,Mesh Bottom Y,26.668575,Standard,48 mm
12 mm,3000 mm,3392.92 cm³,621,621,30000 mm,10,STR-Model,Floor,CT - FLOOR,Mesh Bottom Y,26.668352,Standard,48 mm
12 mm,2401 mm,2172.64 cm³,1030,934,19210 mm,8,STR-Model,Floor,CT - FLOOR,Mesh Bottom Y,17.076965,Standard,48 mm
12 mm,3000 mm,2714.34 cm³,621,621,24000 mm,8,STR-Model,Floor,CT - FLOOR,Mesh Bottom Y,21.334681,Standard,48 mm
12 mm,3000 mm,2714.54 cm³,2615,2647,24002 mm,8,STR-Model,Floor,,Mesh Bottom Y,21.336282,Standard,48 mm
12 mm,3000 mm,2714.40 cm³,1035,939,24001 mm,8,STR-Model,Floor,,Mesh Bottom Y,21.335181,Standard,48 mm
12 mm,3000 mm,2714.34 cm³,621,621,24000 mm,8,STR-Model,Floor,CT - FLOOR,Mesh Bottom Y,21.334681,Standard,48 mm
12 mm,2401 mm,2172.64 cm³,1030,934,19210 mm,8,STR-Model,Floor,CT - FLOOR,Mesh Bottom Y,17.076965,Standard,48 mm
12 mm,3000 mm,2714.34 cm³,621,621,24000 mm,8,STR-Model,Floor,CT - FLOOR,Mesh Bottom Y,21.334681,Standard,48 mm
12 mm,3000 mm,2714.57 cm³,2615,2647,24002 mm,8,STR-Model,Floor,,Mesh Bottom Y,21.336533,Standard,48 mm
12 mm,3000 mm,2714.36 cm³,1031,935,24000 mm,8,STR-Model,Floor,,Mesh Bottom Y,21.334832,Standard,48 mm
12 mm,3000 mm,2714.34 cm³,621,621,24000 mm,8,STR-Model,Floor,CT - FLOOR,Mesh Bottom Y,21.334681,Standard,48 mm
12 mm,2401 mm,2715.80 cm³,1030,934,24013 mm,10,STR-Model,Floor,CT - FLOOR,Mesh Bottom Y,21.346198,Standard,48 mm
12 mm,3000 mm,3392.92 cm³,621,621,30000 mm,10,STR-Model,Floor,CT - FLOOR,Mesh Bottom Y,26.668352,Standard,48 mm
12 mm,3000 mm,3393.17 cm³,2615,2647,30002 mm,10,STR-Model,Floor,,Mesh Bottom Y,26.670353,Standard,48 mm
12 mm,3000 mm,3392.95 cm³,1035,939,30000 mm,10,STR-Model,Floor,,Mesh Bottom Y,26.668575,Standard,48 mm
12 mm,3000 mm,3392.92 cm³,621,621,30000 mm,10,STR-Model,Floor,CT - FLOOR,Mesh Bottom Y,26.668352,Standard,48 mm
12 mm,2850 mm,644.66 cm³,613,613,5700 mm,2,STR-Model,Wall,STW1,CT-WALL,5.067029,Standard,48 mm
12 mm,4143 mm,468.52 cm³,2463,2500,4143 mm,1,STR-Model,Structural Foundation,RAFT THICK. 1000 mm,TSE-TANK,3.682557,Stirrup / Tie,48 mm
12 mm,4143 mm,468.52 cm³,2463,2500,4143 mm,1,STR-Model,Structural Foundation,RAFT THICK. 1000 mm,TSE-TANK,3.682557,Stirrup / Tie,48 mm
12 mm,4143 mm,468.52 cm³,2463,2500,4143 mm,1,STR-Model,Structural Foundation,RAFT THICK. 1000 mm,TSE-TANK,3.682557,Stirrup / Tie,48 mm
12 mm,4143 mm,468.52 cm³,2463,2500,4143 mm,1,STR-Model,Structural Foundation,RAFT THICK. 1000 mm,TSE-TANK,3.682557,Stirrup / Tie,48 mm
12 mm,4143 mm,468.52 cm³,2463,2500,4143 mm,1,STR-Model,Structural Foundation,RAFT THICK. 1000 mm,TSE-TANK,3.682557,Stirrup / Tie,48 mm
12 mm,4143 mm,468.52 cm³,2463,2500,4143 mm,1,STR-Model,Structural Foundation,RAFT THICK. 1000 mm,TSE-TANK,3.682557,Stirrup / Tie,48 mm
12 mm,4143 mm,468.52 cm³,2463,2500,4143 mm,1,STR-Model,Structural Foundation,RAFT THICK. 1000 mm,TSE-TANK,3.682557,Stirrup / Tie,48 mm
12 mm,4143 mm,468.52 cm³,2463,2500,4143 mm,1,STR-Model,Structural Foundation,RAFT THICK. 1000 mm,TSE-TANK,3.682557,Stirrup / Tie,48 mm
12 mm,4143 mm,468.52 cm³,2463,2500,4143 mm,1,STR-Model,Structural Foundation,RAFT THICK. 1000 mm,TSE-TANK,3.682557,Stirrup / Tie,48 mm
12 mm,4143 mm,468.52 cm³,2463,2500,4143 mm,1,STR-Model,Structural Foundation,RAFT THICK. 1000 mm,TSE-TANK,3.682557,Stirrup / Tie,48 mm
12 mm,4143 mm,468.52 cm³,2463,2500,4143 mm,1,STR-Model,Structural Foundation,RAFT THICK. 1000 mm,TSE-TANK,3.682557,Stirrup / Tie,48 mm
12 mm,4143 mm,468.52 cm³,2463,2500,4143 mm,1,STR-Model,Structural Foundation,RAFT THICK. 1000 mm,TSE-TANK,3.682557,Stirrup / Tie,48 mm
12 mm,4143 mm,468.52 cm³,2463,2500,4143 mm,1,STR-Model,Structural Foundation,RAFT THICK. 1000 mm,TSE-TANK,3.682557,Stirrup / Tie,48 mm
12 mm,4143 mm,468.52 cm³,2463,2500,4143 mm,1,STR-Model,Structural Foundation,RAFT THICK. 1000 mm,TSE-TANK,3.682557,Stirrup / Tie,48 mm
12 mm,4143 mm,468.52 cm³,2463,2500,4143 mm,1,STR-Model,Structural Foundation,RAFT THICK. 1000 mm,TSE-TANK,3.682557,Stirrup / Tie,48 mm
12 mm,4143 mm,468.52 cm³,2463,2500,4143 mm,1,STR-Model,Structural Foundation,RAFT THICK. 1000 mm,TSE-TANK,3.682557,Stirrup / Tie,48 mm
12 mm,4143 mm,468.52 cm³,2463,2500,4143 mm,1,STR-Model,Structural Foundation,RAFT THICK. 1000 mm,TSE-TANK,3.682557,Stirrup / Tie,48 mm
12 mm,4143 mm,468.52 cm³,2463,2500,4143 mm,1,STR-Model,Structural Foundation,RAFT THICK. 1000 mm,TSE-TANK,3.682557,Stirrup / Tie,48 mm
12 mm,4143 mm,468.52 cm³,2463,2500,4143 mm,1,STR-Model,Structural Foundation,RAFT THICK. 1000 mm,TSE-TANK,3.682557,Stirrup / Tie,48 mm
12 mm,4143 mm,468.52 cm³,2463,2500,4143 mm,1,STR-Model,Structural Foundation,RAFT THICK. 1000 mm,TSE-TANK,3.682557,Stirrup / Tie,48 mm
12 mm,4143 mm,468.52 cm³,2463,2500,4143 mm,1,STR-Model,Structural Foundation,RAFT THICK. 1000 mm,TSE-TANK,3.682557,Stirrup / Tie,48 mm
12 mm,4143 mm,468.52 cm³,2463,2500,4143 mm,1,STR-Model,Structural Foundation,RAFT THICK. 1000 mm,TSE-TANK,3.682557,Stirrup / Tie,48 mm
12 mm,4143 mm,468.52 cm³,2463,2500,4143 mm,1,STR-Model,Structural Foundation,RAFT THICK. 1000 mm,TSE-TANK,3.682557,Stirrup / Tie,48 mm
12 mm,4143 mm,468.52 cm³,2463,2500,4143 mm,1,STR-Model,Structural Foundation,RAFT THICK. 1000 mm,TSE-TANK,3.682557,Stirrup / Tie,48 mm
12 mm,4143 mm,468.52 cm³,2463,2500,4143 mm,1,STR-Model,Structural Foundation,RAFT THICK. 1000 mm,TSE-TANK,3.682557,Stirrup / Tie,48 mm
12 mm,4143 mm,468.52 cm³,2463,2500,4143 mm,1,STR-Model,Structural Foundation,RAFT THICK. 1000 mm,TSE-TANK,3.682557,Stirrup / Tie,48 mm
12 mm,4143 mm,468.52 cm³,2463,2500,4143 mm,1,STR-Model,Structural Foundation,RAFT THICK. 1000 mm,TSE-TANK,3.682557,Stirrup / Tie,48 mm
12 mm,4143 mm,468.52 cm³,2463,2500,4143 mm,1,STR-Model,Structural Foundation,RAFT THICK. 1000 mm,TSE-TANK,3.682557,Stirrup / Tie,48 mm
12 mm,4143 mm,468.52 cm³,2463,2500,4143 mm,1,STR-Model,Structural Foundation,RAFT THICK. 1000 mm,TSE-TANK,3.682557,Stirrup / Tie,48 mm
12 mm,4143 mm,468.52 cm³,2463,2500,4143 mm,1,STR-Model,Structural Foundation,RAFT THICK. 1000 mm,TSE-TANK,3.682557,Stirrup / Tie,48 mm
12 mm,4143 mm,468.52 cm³,2463,2500,4143 mm,1,STR-Model,Structural Foundation,RAFT THICK. 1000 mm,TSE-TANK,3.682557,Stirrup / Tie,48 mm
12 mm,4143 mm,468.52 cm³,2463,2500,4143 mm,1,STR-Model,Structural Foundation,RAFT THICK. 1000 mm,TSE-TANK,3.682557,Stirrup / Tie,48 mm
12 mm,4143 mm,468.52 cm³,2463,2500,4143 mm,1,STR-Model,Structural Foundation,RAFT THICK. 1000 mm,TSE-TANK,3.682557,Stirrup / Tie,48 mm
12 mm,4143 mm,468.52 cm³,2463,2500,4143 mm,1,STR-Model,Structural Foundation,RAFT THICK. 1000 mm,TSE-TANK,3.682557,Stirrup / Tie,48 mm
12 mm,4143 mm,468.52 cm³,2463,2500,4143 mm,1,STR-Model,Structural Foundation,RAFT THICK. 1000 mm,TSE-TANK,3.682557,Stirrup / Tie,48 mm
12 mm,4143 mm,468.52 cm³,2463,2500,4143 mm,1,STR-Model,Structural Foundation,RAFT THICK. 1000 mm,TSE-TANK,3.682557,Stirrup / Tie,48 mm
12 mm,4143 mm,468.52 cm³,2463,2500,4143 mm,1,STR-Model,Structural Foundation,RAFT THICK. 1000 mm,TSE-TANK,3.682557,Stirrup / Tie,48 mm
12 mm,4143 mm,468.52 cm³,2463,2500,4143 mm,1,STR-Model,Structural Foundation,RAFT THICK. 1000 mm,TSE-TANK,3.682557,Stirrup / Tie,48 mm
12 mm,4143 mm,468.52 cm³,2463,2500,4143 mm,1,STR-Model,Structural Foundation,RAFT THICK. 1000 mm,TSE-TANK,3.682557,Stirrup / Tie,48 mm
12 mm,4143 mm,468.52 cm³,2463,2500,4143 mm,1,STR-Model,Structural Foundation,RAFT THICK. 1000 mm,TSE-TANK,3.682557,Stirrup / Tie,48 mm
12 mm,4143 mm,468.52 cm³,2463,2500,4143 mm,1,STR-Model,Structural Foundation,RAFT THICK. 1000 mm,TSE-TANK,3.682557,Stirrup / Tie,48 mm
12 mm,4143 mm,468.52 cm³,2463,2500,4143 mm,1,STR-Model,Structural Foundation,RAFT THICK. 1000 mm,TSE-TANK,3.682557,Stirrup / Tie,48 mm
12 mm,4143 mm,468.52 cm³,2463,2500,4143 mm,1,STR-Model,Structural Foundation,RAFT THICK. 1000 mm,TSE-TANK,3.682557,Stirrup / Tie,48 mm
12 mm,4143 mm,468.52 cm³,2463,2500,4143 mm,1,STR-Model,Structural Foundation,RAFT THICK. 1000 mm,TSE-TANK,3.682557,Stirrup / Tie,48 mm
12 mm,4143 mm,468.52 cm³,2463,2500,4143 mm,1,STR-Model,Structural Foundation,RAFT THICK. 1000 mm,TSE-TANK,3.682557,Stirrup / Tie,48 mm
12 mm,4143 mm,468.52 cm³,2463,2500,4143 mm,1,STR-Model,Structural Foundation,RAFT THICK. 1000 mm,TSE-TANK,3.682557,Stirrup / Tie,48 mm
12 mm,4143 mm,468.52 cm³,2463,2500,4143 mm,1,STR-Model,Structural Foundation,RAFT THICK. 1000 mm,TSE-TANK,3.682557,Stirrup / Tie,48 mm
12 mm,4143 mm,468.52 cm³,2463,2500,4143 mm,1,STR-Model,Structural Foundation,RAFT THICK. 1000 mm,TSE-TANK,3.682557,Stirrup / Tie,48 mm
12 mm,4143 mm,468.52 cm³,2463,2500,4143 mm,1,STR-Model,Structural Foundation,RAFT THICK. 1000 mm,TSE-TANK,3.682557,Stirrup / Tie,48 mm
12 mm,4143 mm,468.52 cm³,2463,2500,4143 mm,1,STR-Model,Structural Foundation,RAFT THICK. 1000 mm,TSE-TANK,3.682557,Stirrup / Tie,48 mm
12 mm,4143 mm,468.52 cm³,2463,2500,4143 mm,1,STR-Model,Structural Foundation,RAFT THICK. 1000 mm,TSE-TANK,3.682557,Stirrup / Tie,48 mm
12 mm,4143 mm,468.52 cm³,2463,2500,4143 mm,1,STR-Model,Structural Foundation,RAFT THICK. 1000 mm,TSE-TANK,3.682557,Stirrup / Tie,48 mm
12 mm,4143 mm,468.52 cm³,2463,2500,4143 mm,1,STR-Model,Structural Foundation,RAFT THICK. 1000 mm,TSE-TANK,3.682557,Stirrup / Tie,48 mm
12 mm,4143 mm,468.52 cm³,2463,2500,4143 mm,1,STR-Model,Structural Foundation,RAFT THICK. 1000 mm,TSE-TANK,3.682557,Stirrup / Tie,48 mm
12 mm,4143 mm,468.52 cm³,2463,2500,4143 mm,1,STR-Model,Structural Foundation,RAFT THICK. 1000 mm,TSE-TANK,3.682557,Stirrup / Tie,48 mm
12 mm,4143 mm,468.52 cm³,2463,2500,4143 mm,1,STR-Model,Structural Foundation,RAFT THICK. 1000 mm,TSE-TANK,3.682557,Stirrup / Tie,48 mm
12 mm,4143 mm,468.52 cm³,2463,2500,4143 mm,1,STR-Model,Structural Foundation,RAFT THICK. 1000 mm,TSE-TANK,3.682557,Stirrup / Tie,48 mm
12 mm,4143 mm,468.52 cm³,2463,2500,4143 mm,1,STR-Model,Structural Foundation,RAFT THICK. 1000 mm,TSE-TANK,3.682557,Stirrup / Tie,48 mm
12 mm,4143 mm,468.52 cm³,2463,2500,4143 mm,1,STR-Model,Structural Foundation,RAFT THICK. 1000 mm,TSE-TANK,3.682557,Stirrup / Tie,48 mm
12 mm,4143 mm,468.52 cm³,2463,2500,4143 mm,1,STR-Model,Structural Foundation,RAFT THICK. 1000 mm,TSE-TANK,3.682557,Stirrup / Tie,48 mm
12 mm,4143 mm,468.52 cm³,2463,2500,4143 mm,1,STR-Model,Structural Foundation,RAFT THICK. 1000 mm,TSE-TANK,3.682557,Stirrup / Tie,48 mm
12 mm,4143 mm,468.52 cm³,2463,2500,4143 mm,1,STR-Model,Structural Foundation,RAFT THICK. 1000 mm,TSE-TANK,3.682557,Stirrup / Tie,48 mm
12 mm,4143 mm,468.52 cm³,2463,2500,4143 mm,1,STR-Model,Structural Foundation,RAFT THICK. 1000 mm,TSE-TANK,3.682557,Stirrup / Tie,48 mm
12 mm,4143 mm,468.52 cm³,2463,2500,4143 mm,1,STR-Model,Structural Foundation,RAFT THICK. 1000 mm,TSE-TANK,3.682557,Stirrup / Tie,48 mm
12 mm,4143 mm,468.52 cm³,2463,2500,4143 mm,1,STR-Model,Structural Foundation,RAFT THICK. 1000 mm,TSE-TANK,3.682557,Stirrup / Tie,48 mm
12 mm,4143 mm,468.52 cm³,2463,2500,4143 mm,1,STR-Model,Structural Foundation,RAFT THICK. 1000 mm,TSE-TANK,3.682557,Stirrup / Tie,48 mm
12 mm,4143 mm,468.52 cm³,2463,2500,4143 mm,1,STR-Model,Structural Foundation,RAFT THICK. 1000 mm,TSE-TANK,3.682557,Stirrup / Tie,48 mm
12 mm,4143 mm,468.52 cm³,2463,2500,4143 mm,1,STR-Model,Structural Foundation,RAFT THICK. 1000 mm,TSE-TANK,3.682557,Stirrup / Tie,48 mm
12 mm,4143 mm,468.52 cm³,2463,2500,4143 mm,1,STR-Model,Structural Foundation,RAFT THICK. 1000 mm,TSE-TANK,3.682557,Stirrup / Tie,48 mm
12 mm,4143 mm,468.52 cm³,2463,2500,4143 mm,1,STR-Model,Structural Foundation,RAFT THICK. 1000 mm,TSE-TANK,3.682557,Stirrup / Tie,48 mm
12 mm,4143 mm,468.52 cm³,2463,2500,4143 mm,1,STR-Model,Structural Foundation,RAFT THICK. 1000 mm,TSE-TANK,3.682557,Stirrup / Tie,48 mm
12 mm,4143 mm,468.52 cm³,2463,2500,4143 mm,1,STR-Model,Structural Foundation,RAFT THICK. 1000 mm,TSE-TANK,3.682557,Stirrup / Tie,48 mm
12 mm,4143 mm,468.52 cm³,2463,2500,4143 mm,1,STR-Model,Structural Foundation,RAFT THICK. 1000 mm,TSE-TANK,3.682557,Stirrup / Tie,48 mm
12 mm,4143 mm,468.52 cm³,2463,2500,4143 mm,1,STR-Model,Structural Foundation,RAFT THICK. 1000 mm,TSE-TANK,3.682557,Stirrup / Tie,48 mm
12 mm,4143 mm,468.52 cm³,2463,2500,4143 mm,1,STR-Model,Structural Foundation,RAFT THICK. 1000 mm,TSE-TANK,3.682557,Stirrup / Tie,48 mm
12 mm,4143 mm,468.52 cm³,2463,2500,4143 mm,1,STR-Model,Structural Foundation,RAFT THICK. 1000 mm,TSE-TANK,3.682557,Stirrup / Tie,48 mm
12 mm,4143 mm,468.52 cm³,2463,2500,4143 mm,1,STR-Model,Structural Foundation,RAFT THICK. 1000 mm,TSE-TANK,3.682557,Stirrup / Tie,48 mm
12 mm,4143 mm,468.52 cm³,2463,2500,4143 mm,1,STR-Model,Structural Foundation,RAFT THICK. 1000 mm,TSE-TANK,3.682557,Stirrup / Tie,48 mm
12 mm,4143 mm,468.52 cm³,2463,2500,4143 mm,1,STR-Model,Structural Foundation,RAFT THICK. 1000 mm,TSE-TANK,3.682557,Stirrup / Tie,48 mm
12 mm,4143 mm,468.52 cm³,2463,2500,4143 mm,1,STR-Model,Structural Foundation,RAFT THICK. 1000 mm,TSE-TANK,3.682557,Stirrup / Tie,48 mm
12 mm,4143 mm,468.52 cm³,2463,2500,4143 mm,1,STR-Model,Structural Foundation,RAFT THICK. 1000 mm,TSE-TANK,3.682557,Stirrup / Tie,48 mm
12 mm,4143 mm,468.52 cm³,2463,2500,4143 mm,1,STR-Model,Structural Foundation,RAFT THICK. 1000 mm,TSE-TANK,3.682557,Stirrup / Tie,48 mm
12 mm,4143 mm,468.52 cm³,2463,2500,4143 mm,1,STR-Model,Structural Foundation,RAFT THICK. 1000 mm,TSE-TANK,3.682557,Stirrup / Tie,48 mm
12 mm,4143 mm,468.52 cm³,2463,2500,4143 mm,1,STR-Model,Structural Foundation,RAFT THICK. 1000 mm,TSE-TANK,3.682557,Stirrup / Tie,48 mm
12 mm,4143 mm,468.52 cm³,2463,2500,4143 mm,1,STR-Model,Structural Foundation,RAFT THICK. 1000 mm,TSE-TANK,3.682557,Stirrup / Tie,48 mm
12 mm,4143 mm,468.52 cm³,2463,2500,4143 mm,1,STR-Model,Structural Foundation,RAFT THICK. 1000 mm,TSE-TANK,3.682557,Stirrup / Tie,48 mm
12 mm,4143 mm,468.52 cm³,2463,2500,4143 mm,1,STR-Model,Structural Foundation,RAFT THICK. 1000 mm,TSE-TANK,3.682557,Stirrup / Tie,48 mm
12 mm,4143 mm,468.52 cm³,2463,2500,4143 mm,1,STR-Model,Structural Foundation,RAFT THICK. 1000 mm,TSE-TANK,3.682557,Stirrup / Tie,48 mm
12 mm,4143 mm,468.52 cm³,2463,2500,4143 mm,1,STR-Model,Structural Foundation,RAFT THICK. 1000 mm,TSE-TANK,3.682557,Stirrup / Tie,48 mm
12 mm,4143 mm,468.52 cm³,2463,2500,4143 mm,1,STR-Model,Structural Foundation,RAFT THICK. 1000 mm,TSE-TANK,3.682557,Stirrup / Tie,48 mm
12 mm,4143 mm,468.52 cm³,2463,2500,4143 mm,1,STR-Model,Structural Foundation,RAFT THICK. 1000 mm,TSE-TANK,3.682557,Stirrup / Tie,48 mm
12 mm,4143 mm,468.52 cm³,2463,2500,4143 mm,1,STR-Model,Structural Foundation,RAFT THICK. 1000 mm,TSE-TANK,3.682557,Stirrup / Tie,48 mm
12 mm,4143 mm,468.52 cm³,2463,2500,4143 mm,1,STR-Model,Structural Foundation,RAFT THICK. 1000 mm,TSE-TANK,3.682557,Stirrup / Tie,48 mm
12 mm,4143 mm,468.52 cm³,2463,2500,4143 mm,1,STR-Model,Structural Foundation,RAFT THICK. 1000 mm,TSE-TANK,3.682557,Stirrup / Tie,48 mm
12 mm,4143 mm,468.52 cm³,2463,2500,4143 mm,1,STR-Model,Structural Foundation,RAFT THICK. 1000 mm,TSE-TANK,3.682557,Stirrup / Tie,48 mm
12 mm,4143 mm,468.52 cm³,2463,2500,4143 mm,1,STR-Model,Structural Foundation,RAFT THICK. 1000 mm,TSE-TANK,3.682557,Stirrup / Tie,48 mm
12 mm,4143 mm,468.52 cm³,2463,2500,4143 mm,1,STR-Model,Structural Foundation,RAFT THICK. 1000 mm,TSE-TANK,3.682557,Stirrup / Tie,48 mm
12 mm,4143 mm,468.52 cm³,2463,2500,4143 mm,1,STR-Model,Structural Foundation,RAFT THICK. 1000 mm,TSE-TANK,3.682557,Stirrup / Tie,48 mm
12 mm,4143 mm,468.52 cm³,2463,2500,4143 mm,1,STR-Model,Structural Foundation,RAFT THICK. 1000 mm,TSE-TANK,3.682557,Stirrup / Tie,48 mm
12 mm,4143 mm,468.52 cm³,2463,2500,4143 mm,1,STR-Model,Structural Foundation,RAFT THICK. 1000 mm,TSE-TANK,3.682557,Stirrup / Tie,48 mm
12 mm,4143 mm,468.52 cm³,2463,2500,4143 mm,1,STR-Model,Structural Foundation,RAFT THICK. 1000 mm,TSE-TANK,3.682557,Stirrup / Tie,48 mm
12 mm,4143 mm,468.52 cm³,2463,2500,4143 mm,1,STR-Model,Structural Foundation,RAFT THICK. 1000 mm,TSE-TANK,3.682557,Stirrup / Tie,48 mm
12 mm,4143 mm,468.52 cm³,2463,2500,4143 mm,1,STR-Model,Structural Foundation,RAFT THICK. 1000 mm,TSE-TANK,3.682557,Stirrup / Tie,48 mm
12 mm,4143 mm,468.52 cm³,2463,2500,4143 mm,1,STR-Model,Structural Foundation,RAFT THICK. 1000 mm,TSE-TANK,3.682557,Stirrup / Tie,48 mm
12 mm,4143 mm,468.52 cm³,2463,2500,4143 mm,1,STR-Model,Structural Foundation,RAFT THICK. 1000 mm,TSE-TANK,3.682557,Stirrup / Tie,48 mm
12 mm,4143 mm,468.52 cm³,2463,2500,4143 mm,1,STR-Model,Structural Foundation,RAFT THICK. 1000 mm,TSE-TANK,3.682557,Stirrup / Tie,48 mm
12 mm,4143 mm,468.52 cm³,2463,2500,4143 mm,1,STR-Model,Structural Foundation,RAFT THICK. 1000 mm,TSE-TANK,3.682557,Stirrup / Tie,48 mm
12 mm,4143 mm,468.52 cm³,2463,2500,4143 mm,1,STR-Model,Structural Foundation,RAFT THICK. 1000 mm,TSE-TANK,3.682557,Stirrup / Tie,48 mm
12 mm,4143 mm,468.52 cm³,2463,2500,4143 mm,1,STR-Model,Structural Foundation,RAFT THICK. 1000 mm,TSE-TANK,3.682557,Stirrup / Tie,48 mm
12 mm,4143 mm,468.52 cm³,2463,2500,4143 mm,1,STR-Model,Structural Foundation,RAFT THICK. 1000 mm,TSE-TANK,3.682557,Stirrup / Tie,48 mm
12 mm,4143 mm,468.52 cm³,2463,2500,4143 mm,1,STR-Model,Structural Foundation,RAFT THICK. 1000 mm,TSE-TANK,3.682557,Stirrup / Tie,48 mm
12 mm,4143 mm,468.52 cm³,2463,2500,4143 mm,1,STR-Model,Structural Foundation,RAFT THICK. 1000 mm,TSE-TANK,3.682557,Stirrup / Tie,48 mm
12 mm,4143 mm,468.52 cm³,2463,2500,4143 mm,1,STR-Model,Structural Foundation,RAFT THICK. 1000 mm,TSE-TANK,3.682557,Stirrup / Tie,48 mm
12 mm,4143 mm,468.52 cm³,2463,2500,4143 mm,1,STR-Model,Structural Foundation,RAFT THICK. 1000 mm,TSE-TANK,3.682557,Stirrup / Tie,48 mm
12 mm,4143 mm,468.52 cm³,2463,2500,4143 mm,1,STR-Model,Structural Foundation,RAFT THICK. 1000 mm,TSE-TANK,3.682557,Stirrup / Tie,48 mm
12 mm,4143 mm,468.52 cm³,2463,2500,4143 mm,1,STR-Model,Structural Foundation,RAFT THICK. 1000 mm,TSE-TANK,3.682557,Stirrup / Tie,48 mm
12 mm,4143 mm,468.52 cm³,2463,2500,4143 mm,1,STR-Model,Structural Foundation,RAFT THICK. 1000 mm,TSE-TANK,3.682557,Stirrup / Tie,48 mm
12 mm,4143 mm,468.52 cm³,2463,2500,4143 mm,1,STR-Model,Structural Foundation,RAFT THICK. 1000 mm,TSE-TANK,3.682557,Stirrup / Tie,48 mm
12 mm,4143 mm,468.52 cm³,2463,2500,4143 mm,1,STR-Model,Structural Foundation,RAFT THICK. 1000 mm,TSE-TANK,3.682557,Stirrup / Tie,48 mm
12 mm,4143 mm,468.52 cm³,2463,2500,4143 mm,1,STR-Model,Structural Foundation,RAFT THICK. 1000 mm,TSE-TANK,3.682557,Stirrup / Tie,48 mm
12 mm,4143 mm,468.52 cm³,2463,2500,4143 mm,1,STR-Model,Structural Foundation,RAFT THICK. 1000 mm,TSE-TANK,3.682557,Stirrup / Tie,48 mm
12 mm,4143 mm,468.52 cm³,2463,2500,4143 mm,1,STR-Model,Structural Foundation,RAFT THICK. 1000 mm,TSE-TANK,3.682557,Stirrup / Tie,48 mm
12 mm,4143 mm,468.52 cm³,2463,2500,4143 mm,1,STR-Model,Structural Foundation,RAFT THICK. 1000 mm,TSE-TANK,3.682557,Stirrup / Tie,48 mm
12 mm,4143 mm,468.52 cm³,2463,2500,4143 mm,1,STR-Model,Structural Foundation,RAFT THICK. 1000 mm,TSE-TANK,3.682557,Stirrup / Tie,48 mm
12 mm,4143 mm,468.52 cm³,2463,2500,4143 mm,1,STR-Model,Structural Foundation,RAFT THICK. 1000 mm,TSE-TANK,3.682557,Stirrup / Tie,48 mm
12 mm,4143 mm,468.52 cm³,2463,2500,4143 mm,1,STR-Model,Structural Foundation,RAFT THICK. 1000 mm,TSE-TANK,3.682557,Stirrup / Tie,48 mm
12 mm,4143 mm,468.52 cm³,2463,2500,4143 mm,1,STR-Model,Structural Foundation,RAFT THICK. 1000 mm,TSE-TANK,3.682557,Stirrup / Tie,48 mm
12 mm,4143 mm,468.52 cm³,2463,2500,4143 mm,1,STR-Model,Structural Foundation,RAFT THICK. 1000 mm,TSE-TANK,3.682557,Stirrup / Tie,48 mm
12 mm,4143 mm,468.52 cm³,2463,2500,4143 mm,1,STR-Model,Structural Foundation,RAFT THICK. 1000 mm,TSE-TANK,3.682557,Stirrup / Tie,48 mm
12 mm,4143 mm,468.52 cm³,2463,2500,4143 mm,1,STR-Model,Structural Foundation,RAFT THICK. 1000 mm,TSE-TANK,3.682557,Stirrup / Tie,48 mm
12 mm,4143 mm,468.52 cm³,2463,2500,4143 mm,1,STR-Model,Structural Foundation,RAFT THICK. 1000 mm,TSE-TANK,3.682557,Stirrup / Tie,48 mm
12 mm,4143 mm,468.52 cm³,2463,2500,4143 mm,1,STR-Model,Structural Foundation,RAFT THICK. 1000 mm,TSE-TANK,3.682557,Stirrup / Tie,48 mm
12 mm,4143 mm,468.52 cm³,2463,2500,4143 mm,1,STR-Model,Structural Foundation,RAFT THICK. 1000 mm,TSE-TANK,3.682557,Stirrup / Tie,48 mm
12 mm,4143 mm,468.52 cm³,2463,2500,4143 mm,1,STR-Model,Structural Foundation,RAFT THICK. 1000 mm,TSE-TANK,3.682557,Stirrup / Tie,48 mm
12 mm,4143 mm,468.52 cm³,2463,2500,4143 mm,1,STR-Model,Structural Foundation,RAFT THICK. 1000 mm,TSE-TANK,3.682557,Stirrup / Tie,48 mm
12 mm,4143 mm,468.52 cm³,2463,2500,4143 mm,1,STR-Model,Structural Foundation,RAFT THICK. 1000 mm,TSE-TANK,3.682557,Stirrup / Tie,48 mm
12 mm,4143 mm,468.52 cm³,2463,2500,4143 mm,1,STR-Model,Structural Foundation,RAFT THICK. 1000 mm,TSE-TANK,3.682557,Stirrup / Tie,48 mm
12 mm,4143 mm,468.52 cm³,2463,2500,4143 mm,1,STR-Model,Structural Foundation,RAFT THICK. 1000 mm,TSE-TANK,3.682557,Stirrup / Tie,48 mm
12 mm,4143 mm,468.52 cm³,2463,2500,4143 mm,1,STR-Model,Structural Foundation,RAFT THICK. 1000 mm,TSE-TANK,3.682557,Stirrup / Tie,48 mm
12 mm,4143 mm,468.52 cm³,2463,2500,4143 mm,1,STR-Model,Structural Foundation,RAFT THICK. 1000 mm,TSE-TANK,3.682557,Stirrup / Tie,48 mm
12 mm,4143 mm,468.52 cm³,2463,2500,4143 mm,1,STR-Model,Structural Foundation,RAFT THICK. 1000 mm,TSE-TANK,3.682557,Stirrup / Tie,48 mm
12 mm,4143 mm,468.52 cm³,2463,2500,4143 mm,1,STR-Model,Structural Foundation,RAFT THICK. 1000 mm,TSE-TANK,3.682557,Stirrup / Tie,48 mm
12 mm,1860 mm,210.36 cm³,2513,2554,1860 mm,1,STR-Model,Wall,STW1,CT-WALL,1.653438,Standard,48 mm
12 mm,1860 mm,210.36 cm³,2513,2554,1860 mm,1,STR-Model,Wall,STW1,CT-WALL,1.653438,Standard,48 mm
12 mm,8261 mm,934.29 cm³,2529,2570,8261 mm,1,STR-Model,Wall,STW1,CT-WALL,7.343519,Standard,48 mm
12 mm,8261 mm,934.27 cm³,2529,2570,8261 mm,1,STR-Model,Wall,STW1,CT-WALL,7.3434,Standard,48 mm
12 mm,1560 mm,176.40 cm³,2538,2579,1560 mm,1,STR-Model,Wall,STW1,CT-WALL,1.386529,Standard,48 mm
12 mm,1560 mm,176.40 cm³,2538,2579,1560 mm,1,STR-Model,Wall,STW1,CT-WALL,1.386529,Standard,48 mm
12 mm,7807 mm,1766.00 cm³,2545,2585,15615 mm,2,STR-Model,Wall,STW1,CT-WALL,13.880791,Standard,48 mm
12 mm,2050 mm,927.51 cm³,2059,1908,8201 mm,4,STR-Model,Wall,,HCS-PARAPET,7.290231,Standard,48 mm
12 mm,2050 mm,927.51 cm³,2059,1908,8201 mm,4,STR-Model,Wall,,HCS-PARAPET,7.290231,Standard,48 mm
12 mm,789 mm,892.14 cm³,2592,2623,7888 mm,10,STR-Model,Wall,,HCS-PARAPET,7.012206,Standard,48 mm
12 mm,789 mm,891.93 cm³,2593,2624,7886 mm,10,STR-Model,Wall,,HCS-PARAPET,7.010541,Standard,48 mm
12 mm,4136 mm,2338.99 cm³,2618,2104,20681 mm,5,STR-Model,Structural Framing,B14T (B400X750T),HCS-BEAM,18.384485,Standard,48 mm
12 mm,2983 mm,337.39 cm³,333,349,2983 mm,1,STR-Model,Structural Column,,Corbel,2.651916,Stirrup / Tie,48 mm
12 mm,3135 mm,354.58 cm³,334,334,3135 mm,1,STR-Model,Structural Column,,Corbel,2.787036,Stirrup / Tie,48 mm
12 mm,3285 mm,371.55 cm³,339,347,3285 mm,1,STR-Model,Structural Column,,Corbel,2.920378,Stirrup / Tie,48 mm
12 mm,3435 mm,388.51 cm³,340,348,3435 mm,1,STR-Model,Structural Column,,Corbel,3.053719,Stirrup / Tie,48 mm
12 mm,2500 mm,282.74 cm³,1513,2651,2500 mm,1,STR-Model,Structural Framing,B14L (B400X750L),HCS-BEAM,2.222363,Standard,48 mm
12 mm,4500 mm,508.94 cm³,483,483,4500 mm,1,STR-Model,Structural Framing,B15L (B400X750L),HCS-BEAM,4.000253,Standard,48 mm
12 mm,9650 mm,1091.39 cm³,2395,2497,9650 mm,1,STR-Model,Structural Framing,B19L (B500X850L),HCS-BEAM,8.578341,Standard,48 mm
12 mm,5333 mm,603.09 cm³,2428,2448,5333 mm,1,STR-Model,Structural Framing,B21L (B500X850L),HCS-BEAM,4.740311,Standard,48 mm
12 mm,12000 mm,5428.67 cm³,433,433,48000 mm,4,STR-Model,Structural Framing,B21L (B500X850L),HCS-BEAM,42.669363,Standard,48 mm
12 mm,5000 mm,1131.08 cm³,2626,2657,10001 mm,2,STR-Model,Structural Framing,,CT-STAIR FOUNDATION,8.890266,Standard,48 mm
12 mm,5000 mm,1131.08 cm³,2626,2657,10001 mm,2,STR-Model,Structural Framing,,CT-STAIR FOUNDATION,8.890266,Standard,48 mm
12 mm,2591 mm,586.13 cm³,2627,2658,5183 mm,2,STR-Model,Structural Framing,,CT-STAIR FOUNDATION,4.606974,Standard,48 mm
12 mm,2591 mm,586.13 cm³,2627,2658,5183 mm,2,STR-Model,Structural Framing,,CT-STAIR FOUNDATION,4.606974,Standard,48 mm
12 mm,2250 mm,61588.28 cm³,2867,2906,544560 mm,242,STR-Model,Wall,,PARAPET,484.083887,Standard,48 mm
12 mm,12000 mm,14928.85 cm³,433,433,132000 mm,11,STR-Model,Wall,,PARAPET,117.340748,Standard,48 mm
12 mm,12002 mm,14931.49 cm³,2890,2928,132023 mm,11,STR-Model,Wall,,PARAPET,117.361516,Standard,48 mm
12 mm,12002 mm,14931.49 cm³,2891,2928,132023 mm,11,STR-Model,Wall,,PARAPET,117.361516,Standard,48 mm
12 mm,8000 mm,9952.57 cm³,1767,1767,88000 mm,11,STR-Model,Wall,,PARAPET,78.227165,Standard,48 mm
12 mm,7000 mm,8708.49 cm³,487,485,77000 mm,11,STR-Model,Wall,,PARAPET,68.448769,Standard,48 mm
12 mm,2250 mm,61588.28 cm³,2867,2906,544560 mm,242,STR-Model,Wall,,PARAPET,484.083887,Standard,48 mm
12 mm,12002 mm,14931.49 cm³,2890,2928,132023 mm,11,STR-Model,Wall,,PARAPET,117.361516,Standard,48 mm
12 mm,12000 mm,14928.85 cm³,433,433,132000 mm,11,STR-Model,Wall,,PARAPET,117.340748,Standard,48 mm
12 mm,12002 mm,14931.73 cm³,2637,2665,132025 mm,11,STR-Model,Wall,,PARAPET,117.363388,Standard,48 mm
12 mm,8000 mm,9952.57 cm³,1767,1767,88000 mm,11,STR-Model,Wall,,PARAPET,78.227165,Standard,48 mm
12 mm,7000 mm,8708.49 cm³,487,485,77000 mm,11,STR-Model,Wall,,PARAPET,68.448769,Standard,48 mm
12 mm,2250 mm,2035.98 cm³,2867,2906,18002 mm,8,STR-Model,Wall,,PARAPET,16.002773,Standard,48 mm
12 mm,2250 mm,2035.98 cm³,2867,2906,18002 mm,8,STR-Model,Wall,,PARAPET,16.002773,Standard,48 mm
12 mm,1550 mm,1051.97 cm³,2639,2668,9301 mm,6,STR-Model,Wall,,PARAPET,8.268511,Standard,48 mm
12 mm,1550 mm,1051.97 cm³,2639,2668,9301 mm,6,STR-Model,Wall,,PARAPET,8.268511,Standard,48 mm
12 mm,3030 mm,2398.99 cm³,2640,2669,21212 mm,7,STR-Model,Wall,,PARAPET,18.856083,Standard,48 mm
12 mm,3030 mm,2398.99 cm³,2640,2669,21212 mm,7,STR-Model,Wall,,PARAPET,18.856083,Standard,48 mm
12 mm,1645 mm,743.95 cm³,2641,2670,6578 mm,4,STR-Model,Wall,,PARAPET,5.847483,Standard,48 mm
12 mm,1645 mm,743.95 cm³,2641,2670,6578 mm,4,STR-Model,Wall,,PARAPET,5.847483,Standard,48 mm
12 mm,5000 mm,1131.08 cm³,2626,2657,10001 mm,2,STR-Model,Structural Framing,,CT-STAIR FOUNDATION,8.890266,Standard,48 mm
12 mm,5000 mm,1131.08 cm³,2626,2657,10001 mm,2,STR-Model,Structural Framing,,CT-STAIR FOUNDATION,8.890266,Standard,48 mm
12 mm,2600 mm,588.17 cm³,2645,2674,5201 mm,2,STR-Model,Floor,,CT-STAIR FOUNDATION,4.623018,Standard,48 mm
12 mm,2600 mm,588.17 cm³,2645,2674,5201 mm,2,STR-Model,Structural Framing,,CT-STAIR FOUNDATION,4.623018,Standard,48 mm
12 mm,2983 mm,337.39 cm³,333,349,2983 mm,1,STR-Model,Structural Column,,Corbel,2.651916,Stirrup / Tie,48 mm
12 mm,3135 mm,354.58 cm³,334,334,3135 mm,1,STR-Model,Structural Column,,Corbel,2.787036,Stirrup / Tie,48 mm
12 mm,3285 mm,371.55 cm³,339,347,3285 mm,1,STR-Model,Structural Column,,Corbel,2.920378,Stirrup / Tie,48 mm
12 mm,3435 mm,388.51 cm³,340,348,3435 mm,1,STR-Model,Structural Column,,Corbel,3.053719,Stirrup / Tie,48 mm
12 mm,2036 mm,1381.34 cm³,3232,3203,12214 mm,6,STR-OUTER STRUCTURES,Structural Column,PC1 550X550,OS-CABLEBUS FOUNDATION,10.857323,Stirrup / Tie,48 mm
12 mm,1597 mm,1083.51 cm³,3233,3204,9580 mm,6,STR-OUTER STRUCTURES,Structural Column,PC1 550X550,OS-CABLEBUS FOUNDATION,8.516382,Stirrup / Tie,48 mm
12 mm,10000 mm,2261.95 cm³,2168,2012,20000 mm,2,STR-Model,Structural Framing,B1 (B400X650),HCS-BEAM,17.778901,Standard,48 mm
12 mm,10680 mm,2415.76 cm³,2667,2699,21360 mm,2,STR-Model,Structural Framing,B3 (B400X750),HCS-BEAM,18.987866,Standard,48 mm
12 mm,3880 mm,877.64 cm³,2668,2700,7760 mm,2,STR-Model,Structural Framing,B4L (B400X750L),HCS-BEAM,6.898214,Standard,48 mm
12 mm,11320 mm,2560.52 cm³,2669,2701,22640 mm,2,STR-Model,Structural Framing,B5 (B400X650),HCS-BEAM,20.125716,Standard,48 mm
12 mm,5200 mm,1176.21 cm³,2670,2702,10400 mm,2,STR-Model,Structural Framing,B6 (B400X500),HCS-BEAM,9.245029,Standard,48 mm
12 mm,5952 mm,1346.33 cm³,2671,2703,11904 mm,2,STR-Model,Structural Framing,B6 (B400X500),HCS-BEAM,10.582129,Standard,48 mm
12 mm,5500 mm,1244.07 cm³,2672,2704,11000 mm,2,STR-Model,Structural Framing,B7 (B400X500),HCS-BEAM,9.778396,Standard,48 mm
12 mm,3800 mm,859.54 cm³,2673,2705,7600 mm,2,STR-Model,Structural Framing,B8 (B400X500),HCS-BEAM,6.755982,Standard,48 mm
12 mm,3460 mm,782.56 cm³,2674,2706,6919 mm,2,STR-Model,Structural Framing,B9 (B400X500),HCS-BEAM,6.150892,Standard,48 mm
12 mm,11108 mm,2512.60 cm³,2675,2707,22216 mm,2,STR-Model,Structural Framing,B10 (B400X650),HCS-BEAM,19.749067,Standard,48 mm
12 mm,4246 mm,960.32 cm³,2676,2708,8491 mm,2,STR-Model,Structural Framing,B11 (B400X600),HCS-BEAM,7.548135,Standard,48 mm
12 mm,3564 mm,806.27 cm³,2677,2709,7129 mm,2,STR-Model,Structural Framing,B12 (B400X600),HCS-BEAM,6.337284,Standard,48 mm
12 mm,3816 mm,863.24 cm³,2678,2710,7633 mm,2,STR-Model,Structural Framing,B12 (B400X600),HCS-BEAM,6.785091,Standard,48 mm
12 mm,10000 mm,2261.95 cm³,2168,2012,20000 mm,2,STR-Model,Structural Framing,B13 (B400X650),HCS-BEAM,17.778901,Standard,48 mm
12 mm,3720 mm,841.44 cm³,2679,2711,7440 mm,2,STR-Model,Structural Framing,B14T (B400X750T),HCS-BEAM,6.613751,Standard,48 mm
12 mm,3720 mm,841.44 cm³,2679,2711,7440 mm,2,STR-Model,Structural Framing,B14TA (B400X750T),HCS-BEAM,6.613751,Standard,48 mm
12 mm,4520 mm,1022.40 cm³,2680,2712,9040 mm,2,STR-Model,Structural Framing,B15T (B400X750T),HCS-BEAM,8.036063,Standard,48 mm
12 mm,4520 mm,1022.40 cm³,2680,2712,9040 mm,2,STR-Model,Structural Framing,B15TA (B400X750T),HCS-BEAM,8.036063,Standard,48 mm
12 mm,4000 mm,904.78 cm³,2135,2135,8000 mm,2,STR-Model,Structural Framing,B16L (B400X750L),HCS-BEAM,7.11156,Standard,48 mm
12 mm,7000 mm,1583.36 cm³,487,485,14000 mm,2,STR-Model,Structural Framing,B17L (B400X750L),HCS-BEAM,12.445231,Standard,48 mm
12 mm,5500 mm,1244.07 cm³,2681,2704,11000 mm,2,STR-Model,Structural Framing,B17LA (B400X850L),HCS-BEAM,9.778396,Standard,48 mm
12 mm,9000 mm,2035.75 cm³,2682,2713,18000 mm,2,STR-Model,Structural Framing,B18L (B400X850L),HCS-BEAM,16.001011,Standard,48 mm
12 mm,6000 mm,1357.17 cm³,2259,2259,12000 mm,2,STR-Model,Structural Framing,B19L (B500X850L),HCS-BEAM,10.667341,Standard,48 mm
12 mm,6000 mm,1357.17 cm³,2259,2259,12000 mm,2,STR-Model,Structural Framing,B20L (B500X850L),HCS-BEAM,10.667341,Standard,48 mm
12 mm,8500 mm,1922.65 cm³,2683,2714,17000 mm,2,STR-Model,Structural Framing,B21L (B500X850L),HCS-BEAM,15.112066,Standard,48 mm
12 mm,7000 mm,1583.36 cm³,487,485,14000 mm,2,STR-Model,Structural Framing,B22 (B400X750),HCS-BEAM,12.445231,Standard,48 mm
12 mm,5000 mm,1130.97 cm³,2684,2715,10000 mm,2,STR-Model,Structural Framing,B21L (B500X850L),HCS-BEAM,8.889451,Standard,48 mm
12 mm,1597 mm,1083.51 cm³,3233,3204,9580 mm,6,STR-OUTER STRUCTURES,Structural Column,PC1 550X550,OS-CABLEBUS FOUNDATION,8.516382,Stirrup / Tie,48 mm
12 mm,2036 mm,1381.34 cm³,3232,3203,12214 mm,6,STR-OUTER STRUCTURES,Structural Column,PC1 550X550,OS-CABLEBUS FOUNDATION,10.857323,Stirrup / Tie,48 mm
12 mm,1597 mm,1083.51 cm³,3233,3204,9580 mm,6,STR-OUTER STRUCTURES,Structural Column,PC1 550X550,OS-CABLEBUS FOUNDATION,8.516382,Stirrup / Tie,48 mm
12 mm,1597 mm,1083.51 cm³,3233,3204,9580 mm,6,STR-OUTER STRUCTURES,Structural Column,PC1 550X550,OS-CABLEBUS FOUNDATION,8.516382,Stirrup / Tie,48 mm
12 mm,2036 mm,1381.34 cm³,3232,3203,12214 mm,6,STR-OUTER STRUCTURES,Structural Column,PC1 550X550,OS-CABLEBUS FOUNDATION,10.857323,Stirrup / Tie,48 mm
12 mm,1597 mm,1083.51 cm³,3233,3204,9580 mm,6,STR-OUTER STRUCTURES,Structural Column,PC1 550X550,OS-CABLEBUS FOUNDATION,8.516382,Stirrup / Tie,48 mm
12 mm,1597 mm,1083.51 cm³,3233,3204,9580 mm,6,STR-OUTER STRUCTURES,Structural Column,PC1 550X550,OS-CABLEBUS FOUNDATION,8.516382,Stirrup / Tie,48 mm
12 mm,2036 mm,1381.34 cm³,3232,3203,12214 mm,6,STR-OUTER STRUCTURES,Structural Column,PC1 550X550,OS-CABLEBUS FOUNDATION,10.857323,Stirrup / Tie,48 mm
12 mm,1597 mm,1083.51 cm³,3233,3204,9580 mm,6,STR-OUTER STRUCTURES,Structural Column,PC1 550X550,OS-CABLEBUS FOUNDATION,8.516382,Stirrup / Tie,48 mm
12 mm,1597 mm,1083.51 cm³,3233,3204,9580 mm,6,STR-OUTER STRUCTURES,Structural Column,PC1 550X550,OS-CABLEBUS FOUNDATION,8.516382,Stirrup / Tie,48 mm
12 mm,2036 mm,1381.34 cm³,3232,3203,12214 mm,6,STR-OUTER STRUCTURES,Structural Column,PC1 550X550,OS-CABLEBUS FOUNDATION,10.857323,Stirrup / Tie,48 mm
12 mm,1597 mm,1083.51 cm³,3233,3204,9580 mm,6,STR-OUTER STRUCTURES,Structural Column,PC1 550X550,OS-CABLEBUS FOUNDATION,8.516382,Stirrup / Tie,48 mm
12 mm,1597 mm,1083.51 cm³,3233,3204,9580 mm,6,STR-OUTER STRUCTURES,Structural Column,PC1 550X550,OS-CABLEBUS FOUNDATION,8.516382,Stirrup / Tie,48 mm
12 mm,2036 mm,1381.34 cm³,3232,3203,12214 mm,6,STR-OUTER STRUCTURES,Structural Column,PC1 550X550,OS-CABLEBUS FOUNDATION,10.857323,Stirrup / Tie,48 mm
12 mm,1597 mm,1083.51 cm³,3233,3204,9580 mm,6,STR-OUTER STRUCTURES,Structural Column,PC1 550X550,OS-CABLEBUS FOUNDATION,8.516382,Stirrup / Tie,48 mm
12 mm,1597 mm,1083.51 cm³,3233,3204,9580 mm,6,STR-OUTER STRUCTURES,Structural Column,PC1 550X550,OS-CABLEBUS FOUNDATION,8.516382,Stirrup / Tie,48 mm
12 mm,2036 mm,1381.34 cm³,3232,3203,12214 mm,6,STR-OUTER STRUCTURES,Structural Column,PC1 550X550,OS-CABLEBUS FOUNDATION,10.857323,Stirrup / Tie,48 mm
12 mm,1597 mm,1083.51 cm³,3233,3204,9580 mm,6,STR-OUTER STRUCTURES,Structural Column,PC1 550X550,OS-CABLEBUS FOUNDATION,8.516382,Stirrup / Tie,48 mm
12 mm,1597 mm,1083.51 cm³,3233,3204,9580 mm,6,STR-OUTER STRUCTURES,Structural Column,PC1 550X550,OS-CABLEBUS FOUNDATION,8.516382,Stirrup / Tie,48 mm
12 mm,2036 mm,1381.34 cm³,3232,3203,12214 mm,6,STR-OUTER STRUCTURES,Structural Column,PC1 550X550,OS-CABLEBUS FOUNDATION,10.857323,Stirrup / Tie,48 mm
12 mm,1597 mm,1083.51 cm³,3233,3204,9580 mm,6,STR-OUTER STRUCTURES,Structural Column,PC1 550X550,OS-CABLEBUS FOUNDATION,8.516382,Stirrup / Tie,48 mm
12 mm,1597 mm,1083.51 cm³,3233,3204,9580 mm,6,STR-OUTER STRUCTURES,Structural Column,PC1 550X550,OS-CABLEBUS FOUNDATION,8.516382,Stirrup / Tie,48 mm
12 mm,2036 mm,1381.34 cm³,3232,3203,12214 mm,6,STR-OUTER STRUCTURES,Structural Column,PC1 550X550,OS-CABLEBUS FOUNDATION,10.857323,Stirrup / Tie,48 mm
12 mm,1597 mm,1083.51 cm³,3233,3204,9580 mm,6,STR-OUTER STRUCTURES,Structural Column,PC1 550X550,OS-CABLEBUS FOUNDATION,8.516382,Stirrup / Tie,48 mm
12 mm,1597 mm,1083.51 cm³,3233,3204,9580 mm,6,STR-OUTER STRUCTURES,Structural Column,PC1 550X550,OS-CABLEBUS FOUNDATION,8.516382,Stirrup / Tie,48 mm
12 mm,2036 mm,1381.34 cm³,3232,3203,12214 mm,6,STR-OUTER STRUCTURES,Structural Column,PC1 550X550,OS-CABLEBUS FOUNDATION,10.857323,Stirrup / Tie,48 mm
12 mm,1597 mm,1083.51 cm³,3233,3204,9580 mm,6,STR-OUTER STRUCTURES,Structural Column,PC1 550X550,OS-CABLEBUS FOUNDATION,8.516382,Stirrup / Tie,48 mm
12 mm,1597 mm,1083.51 cm³,3233,3204,9580 mm,6,STR-OUTER STRUCTURES,Structural Column,PC1 550X550,OS-CABLEBUS FOUNDATION,8.516382,Stirrup / Tie,48 mm
12 mm,2036 mm,1611.56 cm³,3232,3203,14249 mm,7,STR-OUTER STRUCTURES,Structural Column,PC1 550X550,OS-CABLEBUS FOUNDATION,12.666877,Stirrup / Tie,48 mm
12 mm,1597 mm,1264.09 cm³,3233,3204,11177 mm,7,STR-OUTER STRUCTURES,Structural Column,PC1 550X550,OS-CABLEBUS FOUNDATION,9.935779,Stirrup / Tie,48 mm
12 mm,1597 mm,1264.09 cm³,3233,3204,11177 mm,7,STR-OUTER STRUCTURES,Structural Column,PC1 550X550,OS-CABLEBUS FOUNDATION,9.935779,Stirrup / Tie,48 mm
12 mm,2036 mm,2302.23 cm³,3232,3203,20356 mm,10,STR-OUTER STRUCTURES,Structural Column,PC1 550X550,OS-CABLEBUS FOUNDATION,18.095538,Stirrup / Tie,48 mm
12 mm,1597 mm,1805.85 cm³,3233,3204,15967 mm,10,STR-OUTER STRUCTURES,Structural Column,PC1 550X550,OS-CABLEBUS FOUNDATION,14.19397,Stirrup / Tie,48 mm
12 mm,1597 mm,1805.85 cm³,3233,3204,15967 mm,10,STR-OUTER STRUCTURES,Structural Column,PC1 550X550,OS-CABLEBUS FOUNDATION,14.19397,Stirrup / Tie,48 mm
12 mm,6000 mm,2035.80 cm³,2854,2891,18000 mm,3,STR-OUTER STRUCTURES,Structural Foundation,,OS-SwitchGear,16.001375,Standard,48 mm
12 mm,3100 mm,1402.52 cm³,2847,2885,12401 mm,4,STR-OUTER STRUCTURES,Structural Foundation,,OS-SwitchGear,11.0238,Standard,48 mm
12 mm,1717 mm,971.15 cm³,2861,2898,8587 mm,5,STR-OUTER STRUCTURES,Structural Foundation,,OS-SwitchGear,7.633277,Standard,48 mm
12 mm,8700 mm,3935.80 cm³,2863,2900,34800 mm,4,STR-OUTER STRUCTURES,Structural Foundation,,OS-SwitchGear,30.935395,Standard,48 mm
12 mm,2650 mm,899.12 cm³,1863,1863,7950 mm,3,STR-OUTER STRUCTURES,Structural Foundation,,OS-SwitchGear,7.067113,Standard,48 mm
12 mm,2650 mm,899.12 cm³,1863,1863,7950 mm,3,STR-OUTER STRUCTURES,Structural Foundation,,OS-SwitchGear,7.067113,Standard,48 mm
12 mm,1717 mm,971.15 cm³,2861,2898,8587 mm,5,STR-OUTER STRUCTURES,Structural Foundation,,OS-SwitchGear,7.633235,Standard,48 mm
12 mm,1024 mm,579.15 cm³,2852,2889,5121 mm,5,STR-OUTER STRUCTURES,Structural Foundation,,OS-SwitchGear,4.552104,Standard,48 mm
12 mm,1024 mm,579.15 cm³,2852,2889,5121 mm,5,STR-OUTER STRUCTURES,Structural Foundation,,OS-SwitchGear,4.552104,Standard,48 mm
12 mm,2650 mm,299.71 cm³,1863,1863,2650 mm,1,STR-OUTER STRUCTURES,Structural Foundation,,OS-SwitchGear,2.355704,Standard,48 mm
12 mm,2650 mm,299.71 cm³,1863,1863,2650 mm,1,STR-OUTER STRUCTURES,Structural Foundation,,OS-SwitchGear,2.355704,Standard,48 mm
12 mm,5772 mm,3264.22 cm³,2853,2890,28862 mm,5,STR-OUTER STRUCTURES,Structural Foundation,,OS-SwitchGear,25.656773,Standard,48 mm
12 mm,5772 mm,3264.22 cm³,2853,2890,28862 mm,5,STR-OUTER STRUCTURES,Structural Foundation,,OS-SwitchGear,25.656773,Standard,48 mm
12 mm,8483 mm,3837.69 cm³,2850,2888,33933 mm,4,STR-OUTER STRUCTURES,Structural Foundation,,OS-SwitchGear,30.16421,Standard,48 mm
12 mm,6000 mm,2714.40 cm³,2854,2891,24001 mm,4,STR-OUTER STRUCTURES,Structural Foundation,,OS-SwitchGear,21.335167,Standard,48 mm
12 mm,2400 mm,5700.38 cm³,2858,2895,50402 mm,21,STR-OUTER STRUCTURES,Structural Foundation,,OS-SwitchGear,44.805013,Standard,48 mm
12 mm,2400 mm,5700.21 cm³,2858,2895,50401 mm,21,STR-OUTER STRUCTURES,Structural Foundation,,OS-SwitchGear,44.803688,Standard,48 mm
12 mm,5350 mm,1815.21 cm³,1848,1705,16050 mm,3,STR-OUTER STRUCTURES,Slab Edge,,OS-SwitchGear,14.267568,Standard,48 mm
12 mm,5350 mm,1815.21 cm³,1848,1705,16050 mm,3,STR-OUTER STRUCTURES,Structural Foundation,,OS-SwitchGear,14.267568,Standard,48 mm
12 mm,3080 mm,1393.47 cm³,2860,2897,12321 mm,4,STR-OUTER STRUCTURES,Slab Edge,,OS-SwitchGear,10.952684,Standard,48 mm
12 mm,5350 mm,1815.21 cm³,1848,1705,16050 mm,3,STR-OUTER STRUCTURES,Slab Edge,,OS-SwitchGear,14.267568,Standard,48 mm
12 mm,5350 mm,605.07 cm³,1848,1705,5350 mm,1,STR-OUTER STRUCTURES,Slab Edge,,OS-SwitchGear,4.755856,Standard,48 mm
12 mm,1300 mm,3088.15 cm³,2848,2886,27305 mm,21,STR-OUTER STRUCTURES,Structural Foundation,,OS-SwitchGear,24.272826,Standard,48 mm
12 mm,1300 mm,3088.15 cm³,2848,2886,27305 mm,21,STR-OUTER STRUCTURES,Structural Foundation,,OS-SwitchGear,24.272826,Standard,48 mm
12 mm,5350 mm,605.07 cm³,1848,1705,5350 mm,1,STR-OUTER STRUCTURES,Slab Edge,,OS-SwitchGear,4.755856,Standard,48 mm
12 mm,2650 mm,899.12 cm³,1863,1863,7950 mm,3,STR-OUTER STRUCTURES,Slab Edge,,OS-SwitchGear,7.067113,Standard,48 mm
12 mm,2650 mm,899.12 cm³,1863,1863,7950 mm,3,STR-OUTER STRUCTURES,Slab Edge,,OS-SwitchGear,7.067113,Standard,48 mm
12 mm,5350 mm,1815.21 cm³,1848,1705,16050 mm,3,STR-OUTER STRUCTURES,Structural Foundation,,OS-SwitchGear,14.267568,Standard,48 mm
12 mm,6000 mm,2714.40 cm³,2854,2891,24001 mm,4,STR-OUTER STRUCTURES,Structural Foundation,,OS-SwitchGear,21.335167,Standard,48 mm
12 mm,3100 mm,1402.52 cm³,2847,2885,12401 mm,4,STR-OUTER STRUCTURES,Structural Foundation,,OS-SwitchGear,11.0238,Standard,48 mm
12 mm,1673 mm,946.28 cm³,2851,2887,8367 mm,5,STR-OUTER STRUCTURES,Structural Foundation,,OS-SwitchGear,7.437791,Standard,48 mm
12 mm,8483 mm,4797.11 cm³,2850,2888,42416 mm,5,STR-OUTER STRUCTURES,Structural Foundation,,OS-SwitchGear,37.705263,Standard,48 mm
12 mm,2650 mm,899.12 cm³,1863,1863,7950 mm,3,STR-OUTER STRUCTURES,Structural Foundation,,OS-SwitchGear,7.067113,Standard,48 mm
12 mm,2650 mm,899.12 cm³,1863,1863,7950 mm,3,STR-OUTER STRUCTURES,Structural Foundation,,OS-SwitchGear,7.067113,Standard,48 mm
12 mm,1673 mm,946.28 cm³,2851,2887,8367 mm,5,STR-OUTER STRUCTURES,Structural Foundation,,OS-SwitchGear,7.437791,Standard,48 mm
12 mm,1024 mm,579.15 cm³,2852,2889,5121 mm,5,STR-OUTER STRUCTURES,Structural Foundation,,OS-SwitchGear,4.552104,Standard,48 mm
12 mm,1024 mm,579.15 cm³,2852,2889,5121 mm,5,STR-OUTER STRUCTURES,Structural Foundation,,OS-SwitchGear,4.552104,Standard,48 mm
12 mm,2650 mm,299.71 cm³,1863,1863,2650 mm,1,STR-OUTER STRUCTURES,Structural Foundation,,OS-SwitchGear,2.355704,Standard,48 mm
12 mm,2650 mm,299.71 cm³,1863,1863,2650 mm,1,STR-OUTER STRUCTURES,Structural Foundation,,OS-SwitchGear,2.355704,Standard,48 mm
12 mm,5772 mm,3264.22 cm³,2853,2890,28862 mm,5,STR-OUTER STRUCTURES,Structural Foundation,,OS-SwitchGear,25.656773,Standard,48 mm
12 mm,5772 mm,3264.22 cm³,2853,2890,28862 mm,5,STR-OUTER STRUCTURES,Structural Foundation,,OS-SwitchGear,25.656773,Standard,48 mm
12 mm,8483 mm,4797.11 cm³,2850,2888,42416 mm,5,STR-OUTER STRUCTURES,Structural Foundation,,OS-SwitchGear,37.705263,Standard,48 mm
12 mm,2050 mm,695.55 cm³,1880,1730,6150 mm,3,STR-OUTER STRUCTURES,Structural Foundation,,OS-AHU,5.467012,Standard,48 mm
12 mm,2050 mm,695.55 cm³,1880,1730,6150 mm,3,STR-OUTER STRUCTURES,Structural Foundation,,OS-AHU,5.467012,Standard,48 mm
12 mm,2050 mm,231.85 cm³,1880,1730,2050 mm,1,STR-OUTER STRUCTURES,Slab Edge,,OS-AHU,1.822337,Standard,48 mm
12 mm,2050 mm,231.85 cm³,1880,1730,2050 mm,1,STR-OUTER STRUCTURES,Slab Edge,,OS-AHU,1.822337,Standard,48 mm
12 mm,2983 mm,337.39 cm³,333,349,2983 mm,1,STR-Model,Structural Column,,Corbel,2.651916,Stirrup / Tie,48 mm
12 mm,3135 mm,354.58 cm³,334,334,3135 mm,1,STR-Model,Structural Column,,Corbel,2.787036,Stirrup / Tie,48 mm
12 mm,3285 mm,371.55 cm³,339,347,3285 mm,1,STR-Model,Structural Column,,Corbel,2.920378,Stirrup / Tie,48 mm
12 mm,3435 mm,388.51 cm³,340,348,3435 mm,1,STR-Model,Structural Column,,Corbel,3.053719,Stirrup / Tie,48 mm
12 mm,2983 mm,337.39 cm³,333,349,2983 mm,1,STR-Model,Structural Column,,Corbel,2.651916,Stirrup / Tie,48 mm
12 mm,3135 mm,354.58 cm³,334,334,3135 mm,1,STR-Model,Structural Column,,Corbel,2.787036,Stirrup / Tie,48 mm
12 mm,3285 mm,371.55 cm³,339,347,3285 mm,1,STR-Model,Structural Column,,Corbel,2.920378,Stirrup / Tie,48 mm
12 mm,3435 mm,388.51 cm³,340,348,3435 mm,1,STR-Model,Structural Column,,Corbel,3.053719,Stirrup / Tie,48 mm
12 mm,2983 mm,337.39 cm³,333,349,2983 mm,1,STR-Model,Structural Column,,Corbel,2.651916,Stirrup / Tie,48 mm
12 mm,3135 mm,354.58 cm³,334,334,3135 mm,1,STR-Model,Structural Column,,Corbel,2.787036,Stirrup / Tie,48 mm
12 mm,3285 mm,371.55 cm³,339,347,3285 mm,1,STR-Model,Structural Column,,Corbel,2.920378,Stirrup / Tie,48 mm
12 mm,3435 mm,388.51 cm³,340,348,3435 mm,1,STR-Model,Structural Column,,Corbel,3.053719,Stirrup / Tie,48 mm
12 mm,2983 mm,337.39 cm³,333,349,2983 mm,1,STR-Model,Structural Column,,Corbel,2.651916,Stirrup / Tie,48 mm
12 mm,3135 mm,354.58 cm³,334,334,3135 mm,1,STR-Model,Structural Column,,Corbel,2.787036,Stirrup / Tie,48 mm
12 mm,3285 mm,371.55 cm³,339,347,3285 mm,1,STR-Model,Structural Column,,Corbel,2.920378,Stirrup / Tie,48 mm
12 mm,3435 mm,388.51 cm³,340,348,3435 mm,1,STR-Model,Structural Column,,Corbel,3.053719,Stirrup / Tie,48 mm
12 mm,2400 mm,2443.00 cm³,2911,2950,21601 mm,9,STR-Model,Structural Foundation,,,19.202006,Standard,12 mm
12 mm,2036 mm,1611.56 cm³,3232,3203,14249 mm,7,STR-OUTER STRUCTURES,Structural Column,PC1 550X550,OS-CABLEBUS FOUNDATION,12.666877,Stirrup / Tie,48 mm
12 mm,1597 mm,1264.09 cm³,3233,3204,11177 mm,7,STR-OUTER STRUCTURES,Structural Column,PC1 550X550,OS-CABLEBUS FOUNDATION,9.935779,Stirrup / Tie,48 mm
12 mm,1597 mm,1264.09 cm³,3233,3204,11177 mm,7,STR-OUTER STRUCTURES,Structural Column,PC1 550X550,OS-CABLEBUS FOUNDATION,9.935779,Stirrup / Tie,48 mm
12 mm,2036 mm,1611.56 cm³,3232,3203,14249 mm,7,STR-OUTER STRUCTURES,Structural Column,PC1 550X550,OS-CABLEBUS FOUNDATION,12.666877,Stirrup / Tie,48 mm
12 mm,1597 mm,1264.09 cm³,3233,3204,11177 mm,7,STR-OUTER STRUCTURES,Structural Column,PC1 550X550,OS-CABLEBUS FOUNDATION,9.935779,Stirrup / Tie,48 mm
12 mm,1597 mm,1264.09 cm³,3233,3204,11177 mm,7,STR-OUTER STRUCTURES,Structural Column,PC1 550X550,OS-CABLEBUS FOUNDATION,9.935779,Stirrup / Tie,48 mm
12 mm,2036 mm,1611.56 cm³,3232,3203,14249 mm,7,STR-OUTER STRUCTURES,Structural Column,PC1 550X550,OS-CABLEBUS FOUNDATION,12.666877,Stirrup / Tie,48 mm
12 mm,1597 mm,1264.09 cm³,3233,3204,11177 mm,7,STR-OUTER STRUCTURES,Structural Column,PC1 550X550,OS-CABLEBUS FOUNDATION,9.935779,Stirrup / Tie,48 mm
12 mm,1597 mm,1264.09 cm³,3233,3204,11177 mm,7,STR-OUTER STRUCTURES,Structural Column,PC1 550X550,OS-CABLEBUS FOUNDATION,9.935779,Stirrup / Tie,48 mm
12 mm,2036 mm,1611.56 cm³,3232,3203,14249 mm,7,STR-OUTER STRUCTURES,Structural Column,PC1 550X550,OS-CABLEBUS FOUNDATION,12.666877,Stirrup / Tie,48 mm
12 mm,1597 mm,1264.09 cm³,3233,3204,11177 mm,7,STR-OUTER STRUCTURES,Structural Column,PC1 550X550,OS-CABLEBUS FOUNDATION,9.935779,Stirrup / Tie,48 mm
12 mm,1597 mm,1264.09 cm³,3233,3204,11177 mm,7,STR-OUTER STRUCTURES,Structural Column,PC1 550X550,OS-CABLEBUS FOUNDATION,9.935779,Stirrup / Tie,48 mm
12 mm,2036 mm,1611.56 cm³,3232,3203,14249 mm,7,STR-OUTER STRUCTURES,Structural Column,PC1 550X550,OS-CABLEBUS FOUNDATION,12.666877,Stirrup / Tie,48 mm
12 mm,1597 mm,1264.09 cm³,3233,3204,11177 mm,7,STR-OUTER STRUCTURES,Structural Column,PC1 550X550,OS-CABLEBUS FOUNDATION,9.935779,Stirrup / Tie,48 mm
12 mm,1597 mm,1264.09 cm³,3233,3204,11177 mm,7,STR-OUTER STRUCTURES,Structural Column,PC1 550X550,OS-CABLEBUS FOUNDATION,9.935779,Stirrup / Tie,48 mm
12 mm,2036 mm,1611.56 cm³,3232,3203,14249 mm,7,STR-OUTER STRUCTURES,Structural Column,PC1 550X550,OS-CABLEBUS FOUNDATION,12.666877,Stirrup / Tie,48 mm
12 mm,1597 mm,1264.09 cm³,3233,3204,11177 mm,7,STR-OUTER STRUCTURES,Structural Column,PC1 550X550,OS-CABLEBUS FOUNDATION,9.935779,Stirrup / Tie,48 mm
12 mm,1597 mm,1264.09 cm³,3233,3204,11177 mm,7,STR-OUTER STRUCTURES,Structural Column,PC1 550X550,OS-CABLEBUS FOUNDATION,9.935779,Stirrup / Tie,48 mm
12 mm,2036 mm,1611.56 cm³,3232,3203,14249 mm,7,STR-OUTER STRUCTURES,Structural Column,PC1 550X550,OS-CABLEBUS FOUNDATION,12.666877,Stirrup / Tie,48 mm
12 mm,1597 mm,1264.09 cm³,3233,3204,11177 mm,7,STR-OUTER STRUCTURES,Structural Column,PC1 550X550,OS-CABLEBUS FOUNDATION,9.935779,Stirrup / Tie,48 mm
12 mm,1597 mm,1264.09 cm³,3233,3204,11177 mm,7,STR-OUTER STRUCTURES,Structural Column,PC1 550X550,OS-CABLEBUS FOUNDATION,9.935779,Stirrup / Tie,48 mm
12 mm,2036 mm,1611.56 cm³,3232,3203,14249 mm,7,STR-OUTER STRUCTURES,Structural Column,PC1 550X550,OS-CABLEBUS FOUNDATION,12.666877,Stirrup / Tie,48 mm
12 mm,1597 mm,1264.09 cm³,3233,3204,11177 mm,7,STR-OUTER STRUCTURES,Structural Column,PC1 550X550,OS-CABLEBUS FOUNDATION,9.935779,Stirrup / Tie,48 mm
12 mm,1597 mm,1264.09 cm³,3233,3204,11177 mm,7,STR-OUTER STRUCTURES,Structural Column,PC1 550X550,OS-CABLEBUS FOUNDATION,9.935779,Stirrup / Tie,48 mm
12 mm,2036 mm,1611.56 cm³,3232,3203,14249 mm,7,STR-OUTER STRUCTURES,Structural Column,PC1 550X550,OS-CABLEBUS FOUNDATION,12.666877,Stirrup / Tie,48 mm
12 mm,1597 mm,1264.09 cm³,3233,3204,11177 mm,7,STR-OUTER STRUCTURES,Structural Column,PC1 550X550,OS-CABLEBUS FOUNDATION,9.935779,Stirrup / Tie,48 mm
12 mm,1597 mm,1264.09 cm³,3233,3204,11177 mm,7,STR-OUTER STRUCTURES,Structural Column,PC1 550X550,OS-CABLEBUS FOUNDATION,9.935779,Stirrup / Tie,48 mm
12 mm,2036 mm,1611.56 cm³,3232,3203,14249 mm,7,STR-OUTER STRUCTURES,Structural Column,PC1 550X550,OS-CABLEBUS FOUNDATION,12.666877,Stirrup / Tie,48 mm
12 mm,1597 mm,1264.09 cm³,3233,3204,11177 mm,7,STR-OUTER STRUCTURES,Structural Column,PC1 550X550,OS-CABLEBUS FOUNDATION,9.935779,Stirrup / Tie,48 mm
12 mm,1597 mm,1264.09 cm³,3233,3204,11177 mm,7,STR-OUTER STRUCTURES,Structural Column,PC1 550X550,OS-CABLEBUS FOUNDATION,9.935779,Stirrup / Tie,48 mm
12 mm,2036 mm,1611.56 cm³,3232,3203,14249 mm,7,STR-OUTER STRUCTURES,Structural Column,PC1 550X550,OS-CABLEBUS FOUNDATION,12.666877,Stirrup / Tie,48 mm
12 mm,1597 mm,1264.09 cm³,3233,3204,11177 mm,7,STR-OUTER STRUCTURES,Structural Column,PC1 550X550,OS-CABLEBUS FOUNDATION,9.935779,Stirrup / Tie,48 mm
12 mm,1597 mm,1264.09 cm³,3233,3204,11177 mm,7,STR-OUTER STRUCTURES,Structural Column,PC1 550X550,OS-CABLEBUS FOUNDATION,9.935779,Stirrup / Tie,48 mm
12 mm,2036 mm,1611.56 cm³,3232,3203,14249 mm,7,STR-OUTER STRUCTURES,Structural Column,PC1 550X550,OS-CABLEBUS FOUNDATION,12.666877,Stirrup / Tie,48 mm
12 mm,1597 mm,1264.09 cm³,3233,3204,11177 mm,7,STR-OUTER STRUCTURES,Structural Column,PC1 550X550,OS-CABLEBUS FOUNDATION,9.935779,Stirrup / Tie,48 mm
12 mm,1597 mm,1264.09 cm³,3233,3204,11177 mm,7,STR-OUTER STRUCTURES,Structural Column,PC1 550X550,OS-CABLEBUS FOUNDATION,9.935779,Stirrup / Tie,48 mm
12 mm,2036 mm,1611.56 cm³,3232,3203,14249 mm,7,STR-OUTER STRUCTURES,Structural Column,PC1 550X550,OS-CABLEBUS FOUNDATION,12.666877,Stirrup / Tie,48 mm
12 mm,1597 mm,1264.09 cm³,3233,3204,11177 mm,7,STR-OUTER STRUCTURES,Structural Column,PC1 550X550,OS-CABLEBUS FOUNDATION,9.935779,Stirrup / Tie,48 mm
12 mm,1597 mm,1264.09 cm³,3233,3204,11177 mm,7,STR-OUTER STRUCTURES,Structural Column,PC1 550X550,OS-CABLEBUS FOUNDATION,9.935779,Stirrup / Tie,48 mm
12 mm,2036 mm,1611.56 cm³,3232,3203,14249 mm,7,STR-OUTER STRUCTURES,Structural Column,PC1 550X550,OS-CABLEBUS FOUNDATION,12.666877,Stirrup / Tie,48 mm
12 mm,1597 mm,1264.09 cm³,3233,3204,11177 mm,7,STR-OUTER STRUCTURES,Structural Column,PC1 550X550,OS-CABLEBUS FOUNDATION,9.935779,Stirrup / Tie,48 mm
12 mm,1597 mm,1264.09 cm³,3233,3204,11177 mm,7,STR-OUTER STRUCTURES,Structural Column,PC1 550X550,OS-CABLEBUS FOUNDATION,9.935779,Stirrup / Tie,48 mm
12 mm,2036 mm,1611.56 cm³,3232,3203,14249 mm,7,STR-OUTER STRUCTURES,Structural Column,PC1 550X550,OS-CABLEBUS FOUNDATION,12.666877,Stirrup / Tie,48 mm
12 mm,1597 mm,1264.09 cm³,3233,3204,11177 mm,7,STR-OUTER STRUCTURES,Structural Column,PC1 550X550,OS-CABLEBUS FOUNDATION,9.935779,Stirrup / Tie,48 mm
12 mm,1597 mm,1264.09 cm³,3233,3204,11177 mm,7,STR-OUTER STRUCTURES,Structural Column,PC1 550X550,OS-CABLEBUS FOUNDATION,9.935779,Stirrup / Tie,48 mm
12 mm,2036 mm,1611.56 cm³,3232,3203,14249 mm,7,STR-OUTER STRUCTURES,Structural Column,PC1 550X550,OS-CABLEBUS FOUNDATION,12.666877,Stirrup / Tie,48 mm
12 mm,1597 mm,1264.09 cm³,3233,3204,11177 mm,7,STR-OUTER STRUCTURES,Structural Column,PC1 550X550,OS-CABLEBUS FOUNDATION,9.935779,Stirrup / Tie,48 mm
12 mm,1597 mm,1264.09 cm³,3233,3204,11177 mm,7,STR-OUTER STRUCTURES,Structural Column,PC1 550X550,OS-CABLEBUS FOUNDATION,9.935779,Stirrup / Tie,48 mm
12 mm,2036 mm,1611.56 cm³,3232,3203,14249 mm,7,STR-OUTER STRUCTURES,Structural Column,PC1 550X550,OS-CABLEBUS FOUNDATION,12.666877,Stirrup / Tie,48 mm
12 mm,1597 mm,1264.09 cm³,3233,3204,11177 mm,7,STR-OUTER STRUCTURES,Structural Column,PC1 550X550,OS-CABLEBUS FOUNDATION,9.935779,Stirrup / Tie,48 mm
12 mm,1597 mm,1264.09 cm³,3233,3204,11177 mm,7,STR-OUTER STRUCTURES,Structural Column,PC1 550X550,OS-CABLEBUS FOUNDATION,9.935779,Stirrup / Tie,48 mm
12 mm,2972 mm,3024.69 cm³,2955,3009,26744 mm,9,STR-Model,Floor,,SOG-Mesh Bottom X,23.774088,Standard,48 mm
12 mm,3410 mm,3471.21 cm³,2956,3010,30692 mm,9,STR-Model,Floor,,SOG-Mesh Bottom X,27.283706,Standard,48 mm
12 mm,2036 mm,1611.56 cm³,3232,3203,14249 mm,7,STR-OUTER STRUCTURES,Structural Column,PC1 550X550,OS-CABLEBUS FOUNDATION,12.666877,Stirrup / Tie,48 mm
12 mm,1597 mm,1264.09 cm³,3233,3204,11177 mm,7,STR-OUTER STRUCTURES,Structural Column,PC1 550X550,OS-CABLEBUS FOUNDATION,9.935779,Stirrup / Tie,48 mm
12 mm,1597 mm,1264.09 cm³,3233,3204,11177 mm,7,STR-OUTER STRUCTURES,Structural Column,PC1 550X550,OS-CABLEBUS FOUNDATION,9.935779,Stirrup / Tie,48 mm
12 mm,2036 mm,1611.56 cm³,3232,3203,14249 mm,7,STR-OUTER STRUCTURES,Structural Column,PC1 550X550,OS-CABLEBUS FOUNDATION,12.666877,Stirrup / Tie,48 mm
12 mm,1597 mm,1264.09 cm³,3233,3204,11177 mm,7,STR-OUTER STRUCTURES,Structural Column,PC1 550X550,OS-CABLEBUS FOUNDATION,9.935779,Stirrup / Tie,48 mm
12 mm,1597 mm,1264.09 cm³,3233,3204,11177 mm,7,STR-OUTER STRUCTURES,Structural Column,PC1 550X550,OS-CABLEBUS FOUNDATION,9.935779,Stirrup / Tie,48 mm
12 mm,2036 mm,1611.56 cm³,3232,3203,14249 mm,7,STR-OUTER STRUCTURES,Structural Column,PC1 550X550,OS-CABLEBUS FOUNDATION,12.666877,Stirrup / Tie,48 mm
12 mm,1597 mm,1264.09 cm³,3233,3204,11177 mm,7,STR-OUTER STRUCTURES,Structural Column,PC1 550X550,OS-CABLEBUS FOUNDATION,9.935779,Stirrup / Tie,48 mm
12 mm,1597 mm,1264.09 cm³,3233,3204,11177 mm,7,STR-OUTER STRUCTURES,Structural Column,PC1 550X550,OS-CABLEBUS FOUNDATION,9.935779,Stirrup / Tie,48 mm
12 mm,2036 mm,1151.12 cm³,3232,3203,10178 mm,5,STR-OUTER STRUCTURES,Structural Column,PC1 550X550,OS-CABLEBUS FOUNDATION,9.047769,Stirrup / Tie,48 mm
12 mm,1597 mm,902.92 cm³,3233,3204,7984 mm,5,STR-OUTER STRUCTURES,Structural Column,PC1 550X550,OS-CABLEBUS FOUNDATION,7.096985,Stirrup / Tie,48 mm
12 mm,1597 mm,902.92 cm³,3233,3204,7984 mm,5,STR-OUTER STRUCTURES,Structural Column,PC1 550X550,OS-CABLEBUS FOUNDATION,7.096985,Stirrup / Tie,48 mm
12 mm,2036 mm,1151.12 cm³,3232,3203,10178 mm,5,STR-OUTER STRUCTURES,Structural Column,PC1 550X550,OS-CABLEBUS FOUNDATION,9.047769,Stirrup / Tie,48 mm
12 mm,1597 mm,902.92 cm³,3233,3204,7984 mm,5,STR-OUTER STRUCTURES,Structural Column,PC1 550X550,OS-CABLEBUS FOUNDATION,7.096985,Stirrup / Tie,48 mm
12 mm,1597 mm,902.92 cm³,3233,3204,7984 mm,5,STR-OUTER STRUCTURES,Structural Column,PC1 550X550,OS-CABLEBUS FOUNDATION,7.096985,Stirrup / Tie,48 mm
12 mm,2036 mm,1151.12 cm³,3232,3203,10178 mm,5,STR-OUTER STRUCTURES,Structural Column,PC1 550X550,OS-CABLEBUS FOUNDATION,9.047769,Stirrup / Tie,48 mm
12 mm,1597 mm,902.92 cm³,3233,3204,7984 mm,5,STR-OUTER STRUCTURES,Structural Column,PC1 550X550,OS-CABLEBUS FOUNDATION,7.096985,Stirrup / Tie,48 mm
12 mm,1597 mm,902.92 cm³,3233,3204,7984 mm,5,STR-OUTER STRUCTURES,Structural Column,PC1 550X550,OS-CABLEBUS FOUNDATION,7.096985,Stirrup / Tie,48 mm
12 mm,2036 mm,1151.12 cm³,3232,3203,10178 mm,5,STR-OUTER STRUCTURES,Structural Column,PC1 550X550,OS-CABLEBUS FOUNDATION,9.047769,Stirrup / Tie,48 mm
12 mm,1597 mm,902.92 cm³,3233,3204,7984 mm,5,STR-OUTER STRUCTURES,Structural Column,PC1 550X550,OS-CABLEBUS FOUNDATION,7.096985,Stirrup / Tie,48 mm
12 mm,1597 mm,902.92 cm³,3233,3204,7984 mm,5,STR-OUTER STRUCTURES,Structural Column,PC1 550X550,OS-CABLEBUS FOUNDATION,7.096985,Stirrup / Tie,48 mm
12 mm,2036 mm,1611.56 cm³,3232,3203,14249 mm,7,STR-OUTER STRUCTURES,Structural Column,PC1 550X550,OS-CABLEBUS FOUNDATION,12.666877,Stirrup / Tie,48 mm
12 mm,1597 mm,1264.09 cm³,3233,3204,11177 mm,7,STR-OUTER STRUCTURES,Structural Column,PC1 550X550,OS-CABLEBUS FOUNDATION,9.935779,Stirrup / Tie,48 mm
12 mm,1597 mm,1264.09 cm³,3233,3204,11177 mm,7,STR-OUTER STRUCTURES,Structural Column,PC1 550X550,OS-CABLEBUS FOUNDATION,9.935779,Stirrup / Tie,48 mm
12 mm,2036 mm,1611.56 cm³,3232,3203,14249 mm,7,STR-OUTER STRUCTURES,Structural Column,PC1 550X550,OS-CABLEBUS FOUNDATION,12.666877,Stirrup / Tie,48 mm
12 mm,1597 mm,1264.09 cm³,3233,3204,11177 mm,7,STR-OUTER STRUCTURES,Structural Column,PC1 550X550,OS-CABLEBUS FOUNDATION,9.935779,Stirrup / Tie,48 mm
12 mm,1597 mm,1264.09 cm³,3233,3204,11177 mm,7,STR-OUTER STRUCTURES,Structural Column,PC1 550X550,OS-CABLEBUS FOUNDATION,9.935779,Stirrup / Tie,48 mm
12 mm,2036 mm,1151.12 cm³,3232,3203,10178 mm,5,STR-OUTER STRUCTURES,Structural Column,PC1 550X550,OS-CABLEBUS FOUNDATION,9.047769,Stirrup / Tie,48 mm
12 mm,1597 mm,902.92 cm³,3233,3204,7984 mm,5,STR-OUTER STRUCTURES,Structural Column,PC1 550X550,OS-CABLEBUS FOUNDATION,7.096985,Stirrup / Tie,48 mm
12 mm,1597 mm,902.92 cm³,3233,3204,7984 mm,5,STR-OUTER STRUCTURES,Structural Column,PC1 550X550,OS-CABLEBUS FOUNDATION,7.096985,Stirrup / Tie,48 mm
12 mm,2036 mm,1151.12 cm³,3232,3203,10178 mm,5,STR-OUTER STRUCTURES,Structural Column,PC1 550X550,OS-CABLEBUS FOUNDATION,9.047769,Stirrup / Tie,48 mm
12 mm,1597 mm,902.92 cm³,3233,3204,7984 mm,5,STR-OUTER STRUCTURES,Structural Column,PC1 550X550,OS-CABLEBUS FOUNDATION,7.096985,Stirrup / Tie,48 mm
12 mm,1597 mm,902.92 cm³,3233,3204,7984 mm,5,STR-OUTER STRUCTURES,Structural Column,PC1 550X550,OS-CABLEBUS FOUNDATION,7.096985,Stirrup / Tie,48 mm
12 mm,2036 mm,1151.12 cm³,3232,3203,10178 mm,5,STR-OUTER STRUCTURES,Structural Column,PC1 550X550,OS-CABLEBUS FOUNDATION,9.047769,Stirrup / Tie,48 mm
12 mm,1597 mm,902.92 cm³,3233,3204,7984 mm,5,STR-OUTER STRUCTURES,Structural Column,PC1 550X550,OS-CABLEBUS FOUNDATION,7.096985,Stirrup / Tie,48 mm
12 mm,1597 mm,902.92 cm³,3233,3204,7984 mm,5,STR-OUTER STRUCTURES,Structural Column,PC1 550X550,OS-CABLEBUS FOUNDATION,7.096985,Stirrup / Tie,48 mm
12 mm,2036 mm,1151.12 cm³,3232,3203,10178 mm,5,STR-OUTER STRUCTURES,Structural Column,PC1 550X550,OS-CABLEBUS FOUNDATION,9.047769,Stirrup / Tie,48 mm
12 mm,1597 mm,902.92 cm³,3233,3204,7984 mm,5,STR-OUTER STRUCTURES,Structural Column,PC1 550X550,OS-CABLEBUS FOUNDATION,7.096985,Stirrup / Tie,48 mm
12 mm,1597 mm,902.92 cm³,3233,3204,7984 mm,5,STR-OUTER STRUCTURES,Structural Column,PC1 550X550,OS-CABLEBUS FOUNDATION,7.096985,Stirrup / Tie,48 mm
12 mm,2036 mm,1611.56 cm³,3232,3203,14249 mm,7,STR-OUTER STRUCTURES,Structural Column,PC1 550X550,OS-CABLEBUS FOUNDATION,12.666877,Stirrup / Tie,48 mm
12 mm,1597 mm,1264.09 cm³,3233,3204,11177 mm,7,STR-OUTER STRUCTURES,Structural Column,PC1 550X550,OS-CABLEBUS FOUNDATION,9.935779,Stirrup / Tie,48 mm
12 mm,1597 mm,1264.09 cm³,3233,3204,11177 mm,7,STR-OUTER STRUCTURES,Structural Column,PC1 550X550,OS-CABLEBUS FOUNDATION,9.935779,Stirrup / Tie,48 mm
12 mm,2036 mm,1611.56 cm³,3232,3203,14249 mm,7,STR-OUTER STRUCTURES,Structural Column,PC1 550X550,OS-CABLEBUS FOUNDATION,12.666877,Stirrup / Tie,48 mm
12 mm,1597 mm,1264.09 cm³,3233,3204,11177 mm,7,STR-OUTER STRUCTURES,Structural Column,PC1 550X550,OS-CABLEBUS FOUNDATION,9.935779,Stirrup / Tie,48 mm
12 mm,1597 mm,1264.09 cm³,3233,3204,11177 mm,7,STR-OUTER STRUCTURES,Structural Column,PC1 550X550,OS-CABLEBUS FOUNDATION,9.935779,Stirrup / Tie,48 mm
12 mm,2036 mm,1611.56 cm³,3232,3203,14249 mm,7,STR-OUTER STRUCTURES,Structural Column,PC1 550X550,OS-CABLEBUS FOUNDATION,12.666877,Stirrup / Tie,48 mm
12 mm,1597 mm,1264.09 cm³,3233,3204,11177 mm,7,STR-OUTER STRUCTURES,Structural Column,PC1 550X550,OS-CABLEBUS FOUNDATION,9.935779,Stirrup / Tie,48 mm
12 mm,1597 mm,1264.09 cm³,3233,3204,11177 mm,7,STR-OUTER STRUCTURES,Structural Column,PC1 550X550,OS-CABLEBUS FOUNDATION,9.935779,Stirrup / Tie,48 mm
12 mm,2036 mm,1611.56 cm³,3232,3203,14249 mm,7,STR-OUTER STRUCTURES,Structural Column,PC1 550X550,OS-CABLEBUS FOUNDATION,12.666877,Stirrup / Tie,48 mm
12 mm,1597 mm,1264.09 cm³,3233,3204,11177 mm,7,STR-OUTER STRUCTURES,Structural Column,PC1 550X550,OS-CABLEBUS FOUNDATION,9.935779,Stirrup / Tie,48 mm
12 mm,1597 mm,1264.09 cm³,3233,3204,11177 mm,7,STR-OUTER STRUCTURES,Structural Column,PC1 550X550,OS-CABLEBUS FOUNDATION,9.935779,Stirrup / Tie,48 mm
12 mm,2036 mm,1611.56 cm³,3232,3203,14249 mm,7,STR-OUTER STRUCTURES,Structural Column,PC1 550X550,OS-CABLEBUS FOUNDATION,12.666877,Stirrup / Tie,48 mm
12 mm,1597 mm,1264.09 cm³,3233,3204,11177 mm,7,STR-OUTER STRUCTURES,Structural Column,PC1 550X550,OS-CABLEBUS FOUNDATION,9.935779,Stirrup / Tie,48 mm
12 mm,1597 mm,1264.09 cm³,3233,3204,11177 mm,7,STR-OUTER STRUCTURES,Structural Column,PC1 550X550,OS-CABLEBUS FOUNDATION,9.935779,Stirrup / Tie,48 mm
12 mm,2036 mm,1611.56 cm³,3232,3203,14249 mm,7,STR-OUTER STRUCTURES,Structural Column,PC1 550X550,OS-CABLEBUS FOUNDATION,12.666877,Stirrup / Tie,48 mm
12 mm,1597 mm,1264.09 cm³,3233,3204,11177 mm,7,STR-OUTER STRUCTURES,Structural Column,PC1 550X550,OS-CABLEBUS FOUNDATION,9.935779,Stirrup / Tie,48 mm
12 mm,1597 mm,1264.09 cm³,3233,3204,11177 mm,7,STR-OUTER STRUCTURES,Structural Column,PC1 550X550,OS-CABLEBUS FOUNDATION,9.935779,Stirrup / Tie,48 mm
12 mm,2036 mm,1611.56 cm³,3232,3203,14249 mm,7,STR-OUTER STRUCTURES,Structural Column,PC1 550X550,OS-CABLEBUS FOUNDATION,12.666877,Stirrup / Tie,48 mm
12 mm,1597 mm,1264.09 cm³,3233,3204,11177 mm,7,STR-OUTER STRUCTURES,Structural Column,PC1 550X550,OS-CABLEBUS FOUNDATION,9.935779,Stirrup / Tie,48 mm
12 mm,1597 mm,1264.09 cm³,3233,3204,11177 mm,7,STR-OUTER STRUCTURES,Structural Column,PC1 550X550,OS-CABLEBUS FOUNDATION,9.935779,Stirrup / Tie,48 mm
12 mm,2036 mm,1611.56 cm³,3232,3203,14249 mm,7,STR-OUTER STRUCTURES,Structural Column,PC1 550X550,OS-CABLEBUS FOUNDATION,12.666877,Stirrup / Tie,48 mm
12 mm,1597 mm,1264.09 cm³,3233,3204,11177 mm,7,STR-OUTER STRUCTURES,Structural Column,PC1 550X550,OS-CABLEBUS FOUNDATION,9.935779,Stirrup / Tie,48 mm
12 mm,1597 mm,1264.09 cm³,3233,3204,11177 mm,7,STR-OUTER STRUCTURES,Structural Column,PC1 550X550,OS-CABLEBUS FOUNDATION,9.935779,Stirrup / Tie,48 mm
12 mm,2036 mm,1611.56 cm³,3232,3203,14249 mm,7,STR-OUTER STRUCTURES,Structural Column,PC1 550X550,OS-CABLEBUS FOUNDATION,12.666877,Stirrup / Tie,48 mm
12 mm,1597 mm,1264.09 cm³,3233,3204,11177 mm,7,STR-OUTER STRUCTURES,Structural Column,PC1 550X550,OS-CABLEBUS FOUNDATION,9.935779,Stirrup / Tie,48 mm
12 mm,1597 mm,1264.09 cm³,3233,3204,11177 mm,7,STR-OUTER STRUCTURES,Structural Column,PC1 550X550,OS-CABLEBUS FOUNDATION,9.935779,Stirrup / Tie,48 mm
12 mm,2036 mm,1611.56 cm³,3232,3203,14249 mm,7,STR-OUTER STRUCTURES,Structural Column,PC1 550X550,OS-CABLEBUS FOUNDATION,12.666877,Stirrup / Tie,48 mm
12 mm,1597 mm,1264.09 cm³,3233,3204,11177 mm,7,STR-OUTER STRUCTURES,Structural Column,PC1 550X550,OS-CABLEBUS FOUNDATION,9.935779,Stirrup / Tie,48 mm
12 mm,1597 mm,1264.09 cm³,3233,3204,11177 mm,7,STR-OUTER STRUCTURES,Structural Column,PC1 550X550,OS-CABLEBUS FOUNDATION,9.935779,Stirrup / Tie,48 mm
12 mm,2036 mm,1611.56 cm³,3232,3203,14249 mm,7,STR-OUTER STRUCTURES,Structural Column,PC1 550X550,OS-CABLEBUS FOUNDATION,12.666877,Stirrup / Tie,48 mm
12 mm,1597 mm,1264.09 cm³,3233,3204,11177 mm,7,STR-OUTER STRUCTURES,Structural Column,PC1 550X550,OS-CABLEBUS FOUNDATION,9.935779,Stirrup / Tie,48 mm
12 mm,1597 mm,1264.09 cm³,3233,3204,11177 mm,7,STR-OUTER STRUCTURES,Structural Column,PC1 550X550,OS-CABLEBUS FOUNDATION,9.935779,Stirrup / Tie,48 mm
12 mm,2036 mm,1611.56 cm³,3232,3203,14249 mm,7,STR-OUTER STRUCTURES,Structural Column,PC1 550X550,OS-CABLEBUS FOUNDATION,12.666877,Stirrup / Tie,48 mm
12 mm,1597 mm,1264.09 cm³,3233,3204,11177 mm,7,STR-OUTER STRUCTURES,Structural Column,PC1 550X550,OS-CABLEBUS FOUNDATION,9.935779,Stirrup / Tie,48 mm
12 mm,1597 mm,1264.09 cm³,3233,3204,11177 mm,7,STR-OUTER STRUCTURES,Structural Column,PC1 550X550,OS-CABLEBUS FOUNDATION,9.935779,Stirrup / Tie,48 mm
12 mm,2036 mm,1611.56 cm³,3232,3203,14249 mm,7,STR-OUTER STRUCTURES,Structural Column,PC1 550X550,OS-CABLEBUS FOUNDATION,12.666877,Stirrup / Tie,48 mm
12 mm,1597 mm,1264.09 cm³,3233,3204,11177 mm,7,STR-OUTER STRUCTURES,Structural Column,PC1 550X550,OS-CABLEBUS FOUNDATION,9.935779,Stirrup / Tie,48 mm
12 mm,1597 mm,1264.09 cm³,3233,3204,11177 mm,7,STR-OUTER STRUCTURES,Structural Column,PC1 550X550,OS-CABLEBUS FOUNDATION,9.935779,Stirrup / Tie,48 mm
12 mm,2036 mm,1611.56 cm³,3232,3203,14249 mm,7,STR-OUTER STRUCTURES,Structural Column,PC1 550X550,OS-CABLEBUS FOUNDATION,12.666877,Stirrup / Tie,48 mm
12 mm,1597 mm,1264.09 cm³,3233,3204,11177 mm,7,STR-OUTER STRUCTURES,Structural Column,PC1 550X550,OS-CABLEBUS FOUNDATION,9.935779,Stirrup / Tie,48 mm
12 mm,1597 mm,1264.09 cm³,3233,3204,11177 mm,7,STR-OUTER STRUCTURES,Structural Column,PC1 550X550,OS-CABLEBUS FOUNDATION,9.935779,Stirrup / Tie,48 mm
12 mm,2036 mm,1611.56 cm³,3232,3203,14249 mm,7,STR-OUTER STRUCTURES,Structural Column,PC1 550X550,OS-CABLEBUS FOUNDATION,12.666877,Stirrup / Tie,48 mm
12 mm,1597 mm,1264.09 cm³,3233,3204,11177 mm,7,STR-OUTER STRUCTURES,Structural Column,PC1 550X550,OS-CABLEBUS FOUNDATION,9.935779,Stirrup / Tie,48 mm
12 mm,1597 mm,1264.09 cm³,3233,3204,11177 mm,7,STR-OUTER STRUCTURES,Structural Column,PC1 550X550,OS-CABLEBUS FOUNDATION,9.935779,Stirrup / Tie,48 mm
12 mm,2036 mm,1611.56 cm³,3232,3203,14249 mm,7,STR-OUTER STRUCTURES,Structural Column,PC1 550X550,OS-CABLEBUS FOUNDATION,12.666877,Stirrup / Tie,48 mm
12 mm,1597 mm,1264.09 cm³,3233,3204,11177 mm,7,STR-OUTER STRUCTURES,Structural Column,PC1 550X550,OS-CABLEBUS FOUNDATION,9.935779,Stirrup / Tie,48 mm
12 mm,1597 mm,1264.09 cm³,3233,3204,11177 mm,7,STR-OUTER STRUCTURES,Structural Column,PC1 550X550,OS-CABLEBUS FOUNDATION,9.935779,Stirrup / Tie,48 mm
12 mm,4857 mm,4943.84 cm³,1325,1325,43713 mm,9,STR-Model,Floor,,SOG-Mesh TOP X,38.858561,Standard,48 mm
12 mm,3410 mm,3471.21 cm³,2956,3010,30692 mm,9,STR-Model,Floor,,SOG-Mesh TOP X,27.283706,Standard,48 mm
12 mm,1520 mm,2579.04 cm³,1313,1313,22804 mm,15,STR-Model,Floor,,SOG-Mesh TOP X,20.271251,Standard,48 mm
12 mm,2972 mm,3024.69 cm³,2955,3009,26744 mm,9,STR-Model,Floor,,SOG-Mesh TOP X,23.774088,Standard,48 mm
12 mm,4760 mm,3230.31 cm³,1316,1213,28562 mm,6,STR-Model,Floor,,SOG-Mesh TOP X,25.390205,Standard,48 mm
12 mm,2036 mm,2302.23 cm³,3232,3203,20356 mm,10,STR-OUTER STRUCTURES,Structural Column,PC1 550X550,OS-CABLEBUS FOUNDATION,18.095538,Stirrup / Tie,48 mm
12 mm,1597 mm,1805.85 cm³,3233,3204,15967 mm,10,STR-OUTER STRUCTURES,Structural Column,PC1 550X550,OS-CABLEBUS FOUNDATION,14.19397,Stirrup / Tie,48 mm
12 mm,1597 mm,1805.85 cm³,3233,3204,15967 mm,10,STR-OUTER STRUCTURES,Structural Column,PC1 550X550,OS-CABLEBUS FOUNDATION,14.19397,Stirrup / Tie,48 mm
12 mm,2036 mm,2302.23 cm³,3232,3203,20356 mm,10,STR-OUTER STRUCTURES,Structural Column,PC1 550X550,OS-CABLEBUS FOUNDATION,18.095538,Stirrup / Tie,48 mm
12 mm,1597 mm,1805.85 cm³,3233,3204,15967 mm,10,STR-OUTER STRUCTURES,Structural Column,PC1 550X550,OS-CABLEBUS FOUNDATION,14.19397,Stirrup / Tie,48 mm
12 mm,1597 mm,1805.85 cm³,3233,3204,15967 mm,10,STR-OUTER STRUCTURES,Structural Column,PC1 550X550,OS-CABLEBUS FOUNDATION,14.19397,Stirrup / Tie,48 mm
12 mm,2036 mm,1381.34 cm³,3232,3203,12214 mm,6,STR-OUTER STRUCTURES,Structural Column,PC1 550X550,OS-CABLEBUS FOUNDATION,10.857323,Stirrup / Tie,48 mm
12 mm,1597 mm,1083.51 cm³,3233,3204,9580 mm,6,STR-OUTER STRUCTURES,Structural Column,PC1 550X550,OS-CABLEBUS FOUNDATION,8.516382,Stirrup / Tie,48 mm
12 mm,1597 mm,1083.51 cm³,3233,3204,9580 mm,6,STR-OUTER STRUCTURES,Structural Column,PC1 550X550,OS-CABLEBUS FOUNDATION,8.516382,Stirrup / Tie,48 mm
12 mm,2036 mm,1381.34 cm³,3232,3203,12214 mm,6,STR-OUTER STRUCTURES,Structural Column,PC1 550X550,OS-CABLEBUS FOUNDATION,10.857323,Stirrup / Tie,48 mm
12 mm,1597 mm,1083.51 cm³,3233,3204,9580 mm,6,STR-OUTER STRUCTURES,Structural Column,PC1 550X550,OS-CABLEBUS FOUNDATION,8.516382,Stirrup / Tie,48 mm
12 mm,1597 mm,1083.51 cm³,3233,3204,9580 mm,6,STR-OUTER STRUCTURES,Structural Column,PC1 550X550,OS-CABLEBUS FOUNDATION,8.516382,Stirrup / Tie,48 mm
12 mm,2036 mm,1381.34 cm³,3232,3203,12214 mm,6,STR-OUTER STRUCTURES,Structural Column,PC1 550X550,OS-CABLEBUS FOUNDATION,10.857323,Stirrup / Tie,48 mm
12 mm,1597 mm,1083.51 cm³,3233,3204,9580 mm,6,STR-OUTER STRUCTURES,Structural Column,PC1 550X550,OS-CABLEBUS FOUNDATION,8.516382,Stirrup / Tie,48 mm
12 mm,1597 mm,1083.51 cm³,3233,3204,9580 mm,6,STR-OUTER STRUCTURES,Structural Column,PC1 550X550,OS-CABLEBUS FOUNDATION,8.516382,Stirrup / Tie,48 mm
12 mm,2036 mm,1381.34 cm³,3232,3203,12214 mm,6,STR-OUTER STRUCTURES,Structural Column,PC1 550X550,OS-CABLEBUS FOUNDATION,10.857323,Stirrup / Tie,48 mm
12 mm,1597 mm,1083.51 cm³,3233,3204,9580 mm,6,STR-OUTER STRUCTURES,Structural Column,PC1 550X550,OS-CABLEBUS FOUNDATION,8.516382,Stirrup / Tie,48 mm
12 mm,1597 mm,1083.51 cm³,3233,3204,9580 mm,6,STR-OUTER STRUCTURES,Structural Column,PC1 550X550,OS-CABLEBUS FOUNDATION,8.516382,Stirrup / Tie,48 mm
12 mm,2036 mm,1611.56 cm³,3232,3203,14249 mm,7,STR-OUTER STRUCTURES,Structural Column,PC1 550X550,OS-CABLEBUS FOUNDATION,12.666877,Stirrup / Tie,48 mm
12 mm,1597 mm,1264.09 cm³,3233,3204,11177 mm,7,STR-OUTER STRUCTURES,Structural Column,PC1 550X550,OS-CABLEBUS FOUNDATION,9.935779,Stirrup / Tie,48 mm
12 mm,1597 mm,1264.09 cm³,3233,3204,11177 mm,7,STR-OUTER STRUCTURES,Structural Column,PC1 550X550,OS-CABLEBUS FOUNDATION,9.935779,Stirrup / Tie,48 mm
12 mm,2036 mm,1611.56 cm³,3232,3203,14249 mm,7,STR-OUTER STRUCTURES,Structural Column,PC1 550X550,OS-CABLEBUS FOUNDATION,12.666877,Stirrup / Tie,48 mm
12 mm,1597 mm,1264.09 cm³,3233,3204,11177 mm,7,STR-OUTER STRUCTURES,Structural Column,PC1 550X550,OS-CABLEBUS FOUNDATION,9.935779,Stirrup / Tie,48 mm
12 mm,1597 mm,1264.09 cm³,3233,3204,11177 mm,7,STR-OUTER STRUCTURES,Structural Column,PC1 550X550,OS-CABLEBUS FOUNDATION,9.935779,Stirrup / Tie,48 mm
12 mm,2036 mm,1381.34 cm³,3232,3203,12214 mm,6,STR-OUTER STRUCTURES,Structural Column,PC1 550X550,OS-CABLEBUS FOUNDATION,10.857323,Stirrup / Tie,48 mm
12 mm,1597 mm,1083.51 cm³,3233,3204,9580 mm,6,STR-OUTER STRUCTURES,Structural Column,PC1 550X550,OS-CABLEBUS FOUNDATION,8.516382,Stirrup / Tie,48 mm
12 mm,1597 mm,1083.51 cm³,3233,3204,9580 mm,6,STR-OUTER STRUCTURES,Structural Column,PC1 550X550,OS-CABLEBUS FOUNDATION,8.516382,Stirrup / Tie,48 mm
12 mm,2036 mm,1381.34 cm³,3232,3203,12214 mm,6,STR-OUTER STRUCTURES,Structural Column,PC1 550X550,OS-CABLEBUS FOUNDATION,10.857323,Stirrup / Tie,48 mm
12 mm,1597 mm,1083.51 cm³,3233,3204,9580 mm,6,STR-OUTER STRUCTURES,Structural Column,PC1 550X550,OS-CABLEBUS FOUNDATION,8.516382,Stirrup / Tie,48 mm
12 mm,1597 mm,1083.51 cm³,3233,3204,9580 mm,6,STR-OUTER STRUCTURES,Structural Column,PC1 550X550,OS-CABLEBUS FOUNDATION,8.516382,Stirrup / Tie,48 mm
12 mm,2480 mm,1963.57 cm³,3238,3212,17362 mm,7,STR-Model,Wall,,OS-RAMP,15.433628,Standard,48 mm
12 mm,2500 mm,5371.81 cm³,1520,1520,47497 mm,19,STR-Model,Floor,,Ramp,42.222392,Standard,48 mm
12 mm,4585 mm,9853.23 cm³,3386,3311,87122 mm,19,STR-Model,Floor,,Ramp,77.446418,Standard,48 mm
12 mm,2387 mm,809.93 cm³,1532,1426,7161 mm,3,STR-Model,Floor,,Ramp,6.366055,Standard,48 mm
12 mm,2380 mm,807.51 cm³,1531,1425,7140 mm,3,STR-Model,Slab Edge,,Ramp,6.347068,Standard,48 mm
12 mm,2387 mm,809.93 cm³,1532,1426,7161 mm,3,STR-Model,Floor,,Ramp,6.366055,Standard,48 mm
12 mm,2380 mm,807.51 cm³,1531,1425,7140 mm,3,STR-Model,Wall,,Ramp,6.347068,Standard,48 mm
12 mm,4026 mm,10016.85 cm³,3239,3214,88568 mm,22,STR-Model,Floor,,Ramp,78.732425,Standard,48 mm
12 mm,3889 mm,2638.98 cm³,3240,3215,23334 mm,6,STR-Model,Slab Edge,,Ramp,20.742419,Standard,48 mm
12 mm,3889 mm,2638.98 cm³,3240,3215,23334 mm,6,STR-Model,Slab Edge,,Ramp,20.742419,Standard,48 mm
12 mm,2487 mm,843.92 cm³,3260,3236,7462 mm,3,STR-Model,Floor,,Ramp,6.633174,Standard,48 mm
12 mm,2480 mm,841.44 cm³,3261,3237,7440 mm,3,STR-Model,Wall,,Ramp,6.613749,Standard,48 mm
12 mm,2487 mm,843.92 cm³,3260,3236,7462 mm,3,STR-Model,Floor,,Ramp,6.633174,Standard,48 mm
12 mm,2480 mm,841.45 cm³,3261,3237,7440 mm,3,STR-Model,Wall,,Ramp,6.613759,Standard,48 mm
12 mm,4801 mm,7058.33 cm³,3256,3231,62409 mm,13,STR-Model,Floor,,Ramp,55.478437,Standard,48 mm
12 mm,2591 mm,3809.17 cm³,3263,3239,33680 mm,13,STR-Model,Floor,,Ramp,29.940072,Standard,48 mm
12 mm,2892 mm,7194.77 cm³,3268,3258,63616 mm,22,STR-Model,Floor,,Ramp,56.550918,Standard,48 mm
12 mm,2731 mm,1852.87 cm³,3269,3245,16383 mm,6,STR-Model,Floor,,Ramp,14.563596,Standard,48 mm
12 mm,2472 mm,838.87 cm³,3365,3246,7417 mm,3,STR-Model,Floor,,Ramp,6.593518,Standard,48 mm
12 mm,2487 mm,843.94 cm³,3270,3246,7462 mm,3,STR-Model,Floor,,Ramp,6.633335,Standard,48 mm
12 mm,2480 mm,841.44 cm³,3261,3237,7440 mm,3,STR-Model,Wall,,Ramp,6.613751,Standard,48 mm
12 mm,2480 mm,841.44 cm³,3261,3237,7440 mm,3,STR-Model,Wall,,Ramp,6.613751,Standard,48 mm
12 mm,4435 mm,7021.81 cm³,3271,3247,62086 mm,14,STR-Model,Floor,,Ramp,55.191431,Standard,48 mm
12 mm,2634 mm,4170.94 cm³,3338,3248,36879 mm,14,STR-Model,Floor,,Ramp,32.783576,Standard,48 mm
12 mm,3567 mm,1210.12 cm³,3291,3251,10700 mm,3,STR-Model,Wall,,Ramp,9.511555,Standard,48 mm
12 mm,3560 mm,1207.91 cm³,3283,3264,10680 mm,3,STR-Model,Wall,,Ramp,9.494149,Standard,48 mm
12 mm,3567 mm,1210.12 cm³,3291,3251,10700 mm,3,STR-Model,Wall,,Ramp,9.511555,Standard,48 mm
12 mm,3560 mm,1207.91 cm³,3283,3264,10680 mm,3,STR-Model,Wall,,Ramp,9.494149,Standard,48 mm
12 mm,2650 mm,6594.19 cm³,1565,3266,58305 mm,22,STR-Model,Floor,,Ramp,51.830343,Standard,48 mm
12 mm,2500 mm,1696.46 cm³,1513,1513,15000 mm,6,STR-Model,Floor,,Ramp,13.334176,Standard,48 mm
12 mm,2500 mm,1696.46 cm³,1513,1513,15000 mm,6,STR-Model,Floor,,Ramp,13.334176,Standard,48 mm
12 mm,3701 mm,3348.30 cm³,3287,3262,29605 mm,8,STR-Model,Floor,,Ramp,26.317635,Standard,48 mm
12 mm,4723 mm,4273.39 cm³,3286,3261,37785 mm,8,STR-Model,Floor,,Ramp,33.588845,Standard,48 mm
12 mm,1689 mm,1145.99 cm³,3289,3257,10133 mm,6,STR-Model,Wall,,Ramp,9.007442,Standard,48 mm
12 mm,1851 mm,3558.27 cm³,3288,3263,31462 mm,17,STR-Model,Wall,,Ramp,27.967993,Standard,48 mm
12 mm,1851 mm,3558.27 cm³,3288,3263,31462 mm,17,STR-Model,Wall,,Ramp,27.967993,Standard,48 mm
12 mm,1690 mm,1146.82 cm³,3293,3268,10140 mm,6,STR-Model,Wall,,Ramp,9.014036,Standard,48 mm
12 mm,1998 mm,1807.84 cm³,3390,3278,15985 mm,8,STR-Model,Slab Edge,,SOG-Slab Thick,14.209607,Standard,48 mm
12 mm,1999 mm,1356.56 cm³,3297,3278,11995 mm,6,STR-Model,Slab Edge,,SOG-Slab Thick,10.662542,Standard,48 mm
12 mm,977 mm,331.59 cm³,3295,3269,2932 mm,3,STR-Model,Slab Edge,,SOG-Slab Thick,2.60627,Standard,48 mm
12 mm,1041 mm,353.22 cm³,3402,3270,3123 mm,3,STR-Model,Slab Edge,,SOG-Slab Thick,2.776275,Standard,48 mm
12 mm,1380 mm,312.13 cm³,1789,1643,2760 mm,2,STR-Model,Slab Edge,,SOG-Slab Thick,2.453331,Standard,48 mm
12 mm,1128 mm,255.09 cm³,3296,3270,2255 mm,2,STR-Model,Slab Edge,,SOG-Slab Thick,2.004968,Standard,48 mm
12 mm,1700 mm,1153.59 cm³,3307,3280,10200 mm,6,STR-Model,Floor,,Ramp,9.06724,Standard,48 mm
12 mm,2760 mm,1872.86 cm³,3308,3282,16560 mm,6,STR-Model,Floor,,Ramp,14.720667,Standard,48 mm
12 mm,2480 mm,841.44 cm³,3261,3237,7440 mm,3,STR-Model,Wall,,Ramp,6.613751,Standard,48 mm
12 mm,2483 mm,842.32 cm³,3384,NA,7448 mm,3,STR-Model,Floor,,Ramp,6.620664,Standard,48 mm
12 mm,2631 mm,8330.55 cm³,3272,3248,73658 mm,28,STR-Model,Floor,,Ramp,65.478113,Standard,48 mm
12 mm,4456 mm,14111.01 cm³,3309,3283,124769 mm,28,STR-Model,Floor,,Ramp,110.912514,Standard,48 mm
12 mm,5964 mm,14838.23 cm³,3312,3284,131199 mm,22,STR-Model,Floor,,Ramp,116.628511,Standard,48 mm
12 mm,5800 mm,3935.79 cm³,3311,3285,34800 mm,6,STR-Model,Floor,,Ramp,30.935288,Standard,48 mm
12 mm,5800 mm,3935.79 cm³,3311,3285,34800 mm,6,STR-Model,Floor,,Ramp,30.935288,Standard,48 mm
12 mm,420 mm,190.12 cm³,3313,3286,1681 mm,4,STR-Model,Floor,,SOG-Mesh Bottom X,1.494309,Standard,48 mm
12 mm,420 mm,190.12 cm³,3313,3286,1681 mm,4,STR-Model,Floor,,SOG-Mesh TOP X,1.494309,Standard,48 mm
12 mm,4586 mm,518.63 cm³,3314,3287,4586 mm,1,STR-Model,Floor,,SOG-Mesh TOP Y,4.076432,Standard,48 mm
12 mm,2186 mm,247.20 cm³,3315,3288,2186 mm,1,STR-Model,Floor,,SOG-Mesh TOP Y,1.942964,Standard,48 mm
12 mm,2480 mm,841.44 cm³,3261,,7440 mm,3,STR-Model,Wall,,Ramp,6.613751,Standard,48 mm
12 mm,2483 mm,842.32 cm³,3384,,7448 mm,3,STR-Model,Floor,,Ramp,6.620664,Standard,48 mm
12 mm,1800 mm,3868.20 cm³,3395,3332,34202 mm,19,STR-Model,Wall,,OS-CABLEBUS FOUNDATION,30.404013,Standard,48 mm
12 mm,2952 mm,6344.07 cm³,3397,3334,56094 mm,19,STR-Model,Wall,,OS-CABLEBUS FOUNDATION,49.864357,Standard,48 mm
12 mm,1800 mm,4071.78 cm³,3395,3332,36002 mm,20,STR-Model,Wall,,OS-CABLEBUS FOUNDATION,32.004225,Standard,48 mm
12 mm,2952 mm,6677.97 cm³,3397,3334,59046 mm,20,STR-Model,Wall,,OS-CABLEBUS FOUNDATION,52.488828,Standard,48 mm
12 mm,1950 mm,4190.52 cm³,3398,3335,37052 mm,19,STR-Model,Wall,,OS-CABLEBUS FOUNDATION,32.937507,Standard,48 mm
12 mm,2702 mm,5806.86 cm³,3400,3337,51344 mm,19,STR-Model,Wall,,OS-CABLEBUS FOUNDATION,45.641895,Standard,48 mm
12 mm,1950 mm,4631.63 cm³,3398,3335,40953 mm,21,STR-Model,Wall,,,36.404613,Standard,48 mm
12 mm,2702 mm,6418.10 cm³,3400,3337,56749 mm,21,STR-Model,Wall,,,50.446305,Standard,48 mm
12 mm,2702 mm,5806.86 cm³,3400,3337,51344 mm,19,STR-Model,Wall,,OS-CABLEBUS FOUNDATION,45.641895,Standard,48 mm
12 mm,1950 mm,4190.52 cm³,3398,3335,37052 mm,19,STR-Model,Wall,,OS-CABLEBUS FOUNDATION,32.937507,Standard,48 mm
12 mm,1950 mm,4190.52 cm³,3398,3335,37052 mm,19,STR-Model,Wall,,OS-CABLEBUS FOUNDATION,32.937507,Standard,48 mm
12 mm,2702 mm,5806.86 cm³,3400,3337,51344 mm,19,STR-Model,Wall,,OS-CABLEBUS FOUNDATION,45.641895,Standard,48 mm
12 mm,2702 mm,11308.09 cm³,3400,3337,99985 mm,37,STR-Model,Wall,,OS-CABLEBUS FOUNDATION,88.881585,Standard,48 mm
12 mm,1950 mm,8160.49 cm³,3398,3335,72155 mm,37,STR-Model,Wall,,OS-CABLEBUS FOUNDATION,64.141461,Standard,48 mm
12 mm,2550 mm,1442.06 cm³,3401,3338,12751 mm,5,STR-Model,Wall,,OS-CABLEBUS FOUNDATION,11.3346,Standard,48 mm
12 mm,2702 mm,1528.12 cm³,3400,3337,13512 mm,5,STR-Model,Wall,,OS-CABLEBUS FOUNDATION,12.011025,Standard,48 mm
12 mm,2702 mm,5806.86 cm³,3400,3337,51344 mm,19,STR-Model,Wall,,OS-CABLEBUS FOUNDATION,45.641895,Standard,48 mm
12 mm,2550 mm,5479.83 cm³,3401,3338,48452 mm,19,STR-Model,Wall,,OS-CABLEBUS FOUNDATION,43.071481,Standard,48 mm
12 mm,2385 mm,2427.28 cm³,3528,3473,21462 mm,9,STR-OUTER STRUCTURES,Structural Foundation,,shaded foundation,19.078388,Standard,48 mm
12 mm,1935 mm,2406.84 cm³,3527,3472,21281 mm,11,STR-OUTER STRUCTURES,Structural Foundation,,,18.917751,Standard,48 mm
12 mm,1935 mm,2406.84 cm³,3527,3472,21281 mm,11,STR-OUTER STRUCTURES,Structural Foundation,,,18.917751,Standard,48 mm
12 mm,2550 mm,1730.56 cm³,3437,3367,15301 mm,6,STR-OUTER STRUCTURES,Structural Foundation,,,13.602181,Standard,48 mm
12 mm,2550 mm,1730.56 cm³,3437,3367,15301 mm,6,STR-OUTER STRUCTURES,Structural Foundation,,,13.602181,Standard,48 mm
12 mm,1414 mm,1918.48 cm³,3422,3352,16963 mm,12,STR-OUTER STRUCTURES,Structural Foundation,,,15.07926,Standard,48 mm
12 mm,1414 mm,1918.48 cm³,3422,3352,16963 mm,12,STR-OUTER STRUCTURES,Structural Foundation,,,15.07926,Standard,48 mm
12 mm,2817 mm,2549.13 cm³,3552,3496,22539 mm,8,STR-OUTER STRUCTURES,Structural Foundation,,OS-FENCE,20.036167,Standard,48 mm
12 mm,2836 mm,1603.51 cm³,3555,3499,14178 mm,5,STR-OUTER STRUCTURES,Structural Foundation,,OS-FENCE,12.603549,Stirrup / Tie,48 mm
12 mm,935 mm,1268.60 cm³,3558,3502,11217 mm,12,STR-OUTER STRUCTURES,Structural Framing,,OS-FENCE,9.971226,Stirrup / Tie,48 mm
12 mm,2854 mm,645.48 cm³,3561,3505,5707 mm,2,STR-OUTER STRUCTURES,Structural Framing,,OS-FENCE,5.073486,Standard,48 mm
12 mm,2854 mm,645.49 cm³,3561,3505,5707 mm,2,STR-OUTER STRUCTURES,Structural Framing,,OS-FENCE,5.073571,Standard,48 mm
12 mm,2000 mm,1357.34 cm³,3564,3509,12001 mm,6,STR-OUTER STRUCTURES,Structural Foundation,,,10.668662,Standard,48 mm
12 mm,2000 mm,1357.34 cm³,3564,3509,12001 mm,6,STR-OUTER STRUCTURES,Structural Foundation,,,10.668662,Standard,48 mm
12 mm,1475 mm,1334.43 cm³,3565,3510,11799 mm,8,STR-OUTER STRUCTURES,Structural Foundation,,,10.488649,Standard,48 mm
12 mm,1475 mm,1334.43 cm³,3565,3510,11799 mm,8,STR-OUTER STRUCTURES,Structural Foundation,,,10.488649,Standard,48 mm
12 mm,2179 mm,37956.83 cm³,3617,3543,335612 mm,154,STR-OUTER STRUCTURES,Wall,,OS-STORM CHANNEL,298.340645,Standard,48 mm
12 mm,740 mm,83.65 cm³,3618,3536,740 mm,1,STR-OUTER STRUCTURES,Wall,,OS-STORM CHANNEL,0.657516,Standard,48 mm
12 mm,740 mm,83.66 cm³,3618,3536,740 mm,1,STR-OUTER STRUCTURES,Wall,,OS-STORM CHANNEL,0.657541,Standard,48 mm
12 mm,1062 mm,17777.42 cm³,3619,3537,157187 mm,148,STR-OUTER STRUCTURES,Floor,,OS-STORM CHANNEL,139.730551,Standard,48 mm
12 mm,12000 mm,5428.67 cm³,3621,433,48000 mm,4,STR-OUTER STRUCTURES,Wall,,OS-STORM CHANNEL,42.669363,Standard,48 mm
12 mm,12000 mm,5428.67 cm³,3621,433,48000 mm,4,STR-OUTER STRUCTURES,Wall,,OS-STORM CHANNEL,42.669363,Standard,48 mm
12 mm,12000 mm,5428.67 cm³,3621,433,48000 mm,4,STR-OUTER STRUCTURES,Wall,,,42.669363,Standard,48 mm
12 mm,12000 mm,5428.67 cm³,3621,433,48000 mm,4,STR-OUTER STRUCTURES,Wall,,,42.669363,Standard,48 mm
12 mm,12000 mm,8143.01 cm³,3621,433,72000 mm,6,STR-OUTER STRUCTURES,Wall,,OS-STORM CHANNEL,64.004044,Standard,48 mm
12 mm,12000 mm,8143.01 cm³,3621,433,72000 mm,6,STR-OUTER STRUCTURES,Floor,,OS-STORM CHANNEL,64.004044,Standard,48 mm
12 mm,1980 mm,895.84 cm³,3624,3539,7921 mm,4,STR-OUTER STRUCTURES,Structural Foundation,,OS-LP,7.041326,Standard,48 mm
12 mm,700 mm,316.78 cm³,3625,3542,2801 mm,4,STR-OUTER STRUCTURES,Structural Foundation,,OS-LP,2.489927,Standard,48 mm
12 mm,1980 mm,895.84 cm³,3624,3539,7921 mm,4,STR-OUTER STRUCTURES,Structural Foundation,,,7.041326,Standard,48 mm
12 mm,700 mm,316.78 cm³,3626,3542,2801 mm,4,STR-OUTER STRUCTURES,Structural Foundation,,,2.489927,Standard,48 mm
14 mm,1152 mm,531.95 cm³,3430,3360,3456 mm,3,STR-OUTER STRUCTURES,Structural Column,OS MEP SUPPORT,,4.181136,Standard,64 mm
14 mm,1052 mm,485.77 cm³,3436,3366,3156 mm,3,STR-OUTER STRUCTURES,Structural Column,OS MEP SUPPORT,,3.818151,Standard,64 mm
14 mm,1159 mm,356.79 cm³,3431,3361,2318 mm,2,STR-OUTER STRUCTURES,Structural Column,OS MEP SUPPORT,,2.804364,Standard,64 mm
14 mm,1484 mm,685.11 cm³,3612,3519,4451 mm,3,STR-OUTER STRUCTURES,Structural Column,OS MEP SUPPORT,,5.384976,Standard,64 mm
14 mm,1484 mm,685.11 cm³,3612,3519,4451 mm,3,STR-OUTER STRUCTURES,Structural Column,OS MEP SUPPORT,,5.384976,Standard,64 mm
14 mm,1484 mm,456.74 cm³,3612,3519,2967 mm,2,STR-OUTER STRUCTURES,Structural Column,OS MEP SUPPORT,,3.589984,Standard,64 mm
14 mm,1264 mm,2335.41 cm³,3616,3534,15171 mm,12,STR-OUTER STRUCTURES,Structural Column,OS MEP SUPPORT,,18.356357,Standard,64 mm
14 mm,1264 mm,2335.41 cm³,3616,3534,15171 mm,12,STR-OUTER STRUCTURES,Structural Column,OS MEP SUPPORT,,18.356357,Standard,64 mm
14 mm,1479 mm,683.13 cm³,3566,3511,4438 mm,3,STR-OUTER STRUCTURES,Structural Column,OS MEP SUPPORT,,5.369387,Standard,64 mm
14 mm,1479 mm,683.13 cm³,3566,3511,4438 mm,3,STR-OUTER STRUCTURES,Structural Column,OS MEP SUPPORT,,5.36939,Standard,64 mm
14 mm,1432 mm,440.95 cm³,3588,3520,2864 mm,2,STR-OUTER STRUCTURES,Structural Column,OS MEP SUPPORT,,3.465857,Standard,64 mm
14 mm,1479 mm,683.13 cm³,3566,3511,4438 mm,3,STR-OUTER STRUCTURES,Structural Column,OS MEP SUPPORT,,5.369387,Standard,64 mm
14 mm,1455 mm,672.04 cm³,3448,3378,4366 mm,3,STR-OUTER STRUCTURES,Structural Column,OS MEP SUPPORT,,5.282272,Standard,64 mm
14 mm,1432 mm,440.95 cm³,3588,3520,2864 mm,2,STR-OUTER STRUCTURES,Structural Column,OS MEP SUPPORT,,3.465857,Standard,64 mm
14 mm,1264 mm,583.85 cm³,3614,3534,3793 mm,3,STR-OUTER STRUCTURES,Structural Column,OS MEP SUPPORT,,4.589089,Standard,64 mm
14 mm,1264 mm,583.85 cm³,3614,3534,3793 mm,3,STR-OUTER STRUCTURES,Structural Column,OS MEP SUPPORT,,4.589089,Standard,64 mm
14 mm,1264 mm,389.24 cm³,3614,3534,2529 mm,2,STR-OUTER STRUCTURES,Structural Column,OS MEP SUPPORT,,3.059393,Standard,64 mm
14 mm,1264 mm,389.24 cm³,3614,3534,2529 mm,2,STR-OUTER STRUCTURES,Wall,,,3.059393,Standard,64 mm
14 mm,1264 mm,1167.71 cm³,3614,3534,7586 mm,6,STR-OUTER STRUCTURES,Wall,,,9.178179,Standard,64 mm
14 mm,1264 mm,1167.71 cm³,3614,3534,7586 mm,6,STR-OUTER STRUCTURES,Wall,,,9.178179,Standard,64 mm
14 mm,1264 mm,389.24 cm³,3614,3534,2529 mm,2,STR-OUTER STRUCTURES,Structural Column,OS MEP SUPPORT,,3.059393,Standard,64 mm
16 mm,6500 mm,40516.22 cm³,22,24,201511 mm,31,STR-Model,Structural Foundation,F3,Footing,318.457517,Standard,64 mm
16 mm,6500 mm,39204.11 cm³,8,8,194985 mm,30,STR-Model,Structural Foundation,F3,Footing,308.14434,Standard,64 mm
16 mm,6500 mm,2613.79 cm³,26,11,13000 mm,2,STR-Model,Structural Foundation,F3,Footing,20.544393,Standard,64 mm
16 mm,6500 mm,2613.79 cm³,27,10,13000 mm,2,STR-Model,Structural Foundation,F3,Footing,20.544359,Standard,64 mm
16 mm,6500 mm,2613.79 cm³,27,10,13000 mm,2,STR-Model,Structural Foundation,F3,Footing,20.544359,Standard,64 mm
16 mm,6500 mm,2613.79 cm³,26,11,13000 mm,2,STR-Model,Structural Foundation,F3,Footing,20.544393,Standard,64 mm
16 mm,6700 mm,41760.31 cm³,30,27,207699 mm,31,STR-Model,Structural Foundation,F3A,Footing,328.23607,Standard,64 mm
16 mm,6700 mm,40414.11 cm³,30,27,201003 mm,30,STR-Model,Structural Foundation,F3A,Footing,317.654867,Standard,64 mm
16 mm,6500 mm,2613.79 cm³,26,11,13000 mm,2,STR-Model,Structural Foundation,F3A,Footing,20.544393,Standard,64 mm
16 mm,6500 mm,2613.79 cm³,27,10,13000 mm,2,STR-Model,Structural Foundation,F3A,Footing,20.544359,Standard,64 mm
16 mm,6500 mm,2613.79 cm³,27,10,13000 mm,2,STR-Model,Structural Foundation,F3A,Footing,20.544359,Standard,64 mm
16 mm,6500 mm,2613.79 cm³,26,11,13000 mm,2,STR-Model,Structural Foundation,F3A,Footing,20.544393,Standard,64 mm
16 mm,6500 mm,39205.05 cm³,8,8,194990 mm,30,STR-Model,Structural Foundation,F3,Footing,308.151676,Standard,64 mm
16 mm,6500 mm,39209.27 cm³,22,24,195011 mm,30,STR-Model,Structural Foundation,F3,Footing,308.184863,Standard,64 mm
16 mm,3000 mm,1206.39 cm³,58,51,6000 mm,2,STR-Model,Structural Foundation,F6,Footing,9.482255,Standard,64 mm
16 mm,3000 mm,1206.39 cm³,58,51,6000 mm,2,STR-Model,Structural Foundation,F6,Footing,9.482255,Standard,64 mm
16 mm,3000 mm,1206.36 cm³,65,52,6000 mm,2,STR-Model,Structural Foundation,F6,Footing,9.48199,Standard,64 mm
16 mm,3000 mm,1206.36 cm³,65,52,6000 mm,2,STR-Model,Structural Foundation,F6,Footing,9.48199,Standard,64 mm
16 mm,3500 mm,1407.42 cm³,72,66,7000 mm,2,STR-Model,Structural Foundation,F12,Footing,11.062321,Standard,64 mm
16 mm,3500 mm,1407.48 cm³,73,65,7000 mm,2,STR-Model,Structural Foundation,F12,Footing,11.062761,Standard,64 mm
16 mm,3500 mm,1407.42 cm³,72,66,7000 mm,2,STR-Model,Structural Foundation,F12,Footing,11.062321,Standard,64 mm
16 mm,3500 mm,1407.48 cm³,73,65,7000 mm,2,STR-Model,Structural Foundation,F12,Footing,11.062761,Standard,64 mm
16 mm,5500 mm,29858.04 cm³,78,70,148502 mm,27,STR-Model,Structural Foundation,F1,Footing,234.684213,Standard,64 mm
16 mm,6500 mm,2613.79 cm³,27,10,13000 mm,2,STR-Model,Structural Foundation,F3,Footing,20.544393,Standard,64 mm
16 mm,6500 mm,2613.79 cm³,27,10,13000 mm,2,STR-Model,Structural Foundation,F3,Footing,20.544359,Standard,64 mm
16 mm,6500 mm,2613.79 cm³,27,10,13000 mm,2,STR-Model,Structural Foundation,F3,Footing,20.544359,Standard,64 mm
16 mm,6500 mm,2613.79 cm³,27,10,13000 mm,2,STR-Model,Structural Foundation,F3,Footing,20.544393,Standard,64 mm
16 mm,6000 mm,28953.23 cm³,80,72,144002 mm,24,STR-Model,Structural Foundation,F1,Footing,227.572351,Standard,64 mm
16 mm,5500 mm,30963.90 cm³,78,70,154002 mm,28,STR-Model,Structural Foundation,F1,Footing,243.376221,Standard,64 mm
16 mm,6000 mm,30159.61 cm³,80,72,150002 mm,25,STR-Model,Structural Foundation,F1,Footing,237.054532,Standard,64 mm
16 mm,6000 mm,2412.74 cm³,93,85,12000 mm,2,STR-Model,Structural Foundation,F1,Footing,18.964159,Standard,64 mm
16 mm,5500 mm,2211.71 cm³,94,81,11000 mm,2,STR-Model,Structural Foundation,F1,Footing,17.384053,Standard,64 mm
16 mm,2000 mm,1206.41 cm³,96,83,6000 mm,3,STR-Model,Structural Foundation,F1,Footing,9.482346,Standard,64 mm
16 mm,2000 mm,2814.83 cm³,97,82,14000 mm,7,STR-Model,Structural Foundation,F1,Footing,22.124587,Standard,64 mm
16 mm,6500 mm,37900.55 cm³,104,89,188502 mm,29,STR-Model,Structural Foundation,F2,Footing,297.898286,Standard,64 mm
16 mm,6500 mm,39207.46 cm³,104,89,195002 mm,30,STR-Model,Structural Foundation,F2,Footing,308.17064,Standard,64 mm
16 mm,6500 mm,37900.55 cm³,104,89,188502 mm,29,STR-Model,Structural Foundation,F2,Footing,297.898286,Standard,64 mm
16 mm,6500 mm,39207.46 cm³,104,89,195002 mm,30,STR-Model,Structural Foundation,F2,Footing,308.17064,Standard,64 mm
16 mm,6000 mm,2412.74 cm³,93,85,12000 mm,2,STR-Model,Structural Foundation,F1,Footing,18.964159,Standard,64 mm
16 mm,5500 mm,2211.71 cm³,94,81,11000 mm,2,STR-Model,Structural Foundation,F1,Footing,17.384053,Standard,64 mm
16 mm,6500 mm,2613.83 cm³,105,91,13000 mm,2,STR-Model,Structural Foundation,F2,Footing,20.544709,Standard,64 mm
16 mm,6500 mm,2613.83 cm³,105,91,13000 mm,2,STR-Model,Structural Foundation,F2,Footing,20.544709,Standard,64 mm
16 mm,6500 mm,2613.83 cm³,105,91,13000 mm,2,STR-Model,Structural Foundation,F2,Footing,20.544709,Standard,64 mm
16 mm,6500 mm,2613.83 cm³,105,91,13000 mm,2,STR-Model,Structural Foundation,F2,Footing,20.544709,Standard,64 mm
16 mm,3300 mm,5308.14 cm³,109,98,26401 mm,8,STR-Model,Structural Foundation,F9,Footing,41.72196,Standard,64 mm
16 mm,4500 mm,1809.57 cm³,117,103,9000 mm,2,STR-Model,Structural Foundation,F6A,Footing,14.223225,Standard,64 mm
16 mm,4500 mm,1809.55 cm³,118,105,9000 mm,2,STR-Model,Structural Foundation,F6A,Footing,14.22303,Standard,64 mm
16 mm,4500 mm,1809.57 cm³,117,103,9000 mm,2,STR-Model,Structural Foundation,F6A,Footing,14.223225,Standard,64 mm
16 mm,4500 mm,1809.55 cm³,118,105,9000 mm,2,STR-Model,Structural Foundation,F6A,Footing,14.22303,Standard,64 mm
16 mm,2400 mm,965.13 cm³,127,113,4800 mm,2,STR-Model,Structural Foundation,F6B,Footing,7.585892,Standard,64 mm
16 mm,2400 mm,965.14 cm³,128,111,4800 mm,2,STR-Model,Structural Foundation,F6B,Footing,7.58598,Standard,64 mm
16 mm,2400 mm,965.13 cm³,127,113,4800 mm,2,STR-Model,Structural Foundation,F6B,Footing,7.585892,Standard,64 mm
16 mm,2400 mm,965.14 cm³,128,111,4800 mm,2,STR-Model,Structural Foundation,F6B,Footing,7.58598,Standard,64 mm
16 mm,5400 mm,21714.94 cm³,133,118,108001 mm,20,STR-Model,Structural Foundation,F4A,Footing,170.679465,Standard,64 mm
16 mm,3600 mm,10857.54 cm³,134,119,54001 mm,15,STR-Model,Structural Foundation,F4A,Footing,85.340236,Standard,64 mm
16 mm,7300 mm,23484.24 cm³,135,120,116801 mm,16,STR-Model,Structural Foundation,F4A,Footing,184.586113,Standard,64 mm
16 mm,4400 mm,8846.85 cm³,136,121,44001 mm,10,STR-Model,Structural Foundation,F4A,Footing,69.536265,Standard,64 mm
16 mm,5400 mm,21714.94 cm³,133,118,108001 mm,20,STR-Model,Structural Foundation,F4A,Footing,170.679465,Standard,64 mm
16 mm,3600 mm,10857.54 cm³,134,119,54001 mm,15,STR-Model,Structural Foundation,F4A,Footing,85.340236,Standard,64 mm
16 mm,7300 mm,23484.24 cm³,135,120,116801 mm,16,STR-Model,Structural Foundation,F4A,Footing,184.586113,Standard,64 mm
16 mm,4400 mm,8846.85 cm³,136,121,44001 mm,10,STR-Model,Structural Foundation,F4A,Footing,69.536265,Standard,64 mm
16 mm,1500 mm,10857.15 cm³,139,125,53999 mm,36,STR-Model,Structural Foundation,F4A,Footing,85.337213,Standard,64 mm
16 mm,3750 mm,754.00 cm³,140,126,3750 mm,1,STR-Model,Structural Foundation,F4A,Footing,5.926416,Standard,64 mm
16 mm,7400 mm,1487.87 cm³,141,127,7400 mm,1,STR-Model,Structural Foundation,F4A,Footing,11.694692,Standard,64 mm
16 mm,5500 mm,1105.85 cm³,142,128,5500 mm,1,STR-Model,Structural Foundation,F4A,Footing,8.692015,Standard,64 mm
16 mm,4500 mm,904.79 cm³,143,129,4500 mm,1,STR-Model,Structural Foundation,F4A,Footing,7.111643,Standard,64 mm
16 mm,2600 mm,522.76 cm³,144,144,2600 mm,1,STR-Model,Structural Foundation,F4A,Footing,4.108864,Standard,64 mm
16 mm,3600 mm,723.82 cm³,145,145,3600 mm,1,STR-Model,Structural Foundation,F4A,Footing,5.689196,Standard,64 mm
16 mm,1500 mm,6635.18 cm³,148,148,33001 mm,22,STR-Model,Wall,W5,Footing,52.152551,Standard,64 mm
16 mm,7800 mm,29797.24 cm³,149,135,148199 mm,19,STR-Model,Structural Foundation,F4,Footing,234.206301,Standard,64 mm
16 mm,3950 mm,3971.04 cm³,150,150,19750 mm,5,STR-Model,Structural Foundation,F4,Footing,31.212352,Standard,64 mm
16 mm,4000 mm,16084.81 cm³,151,151,79999 mm,20,STR-Model,Structural Foundation,F4,Footing,126.426594,Standard,64 mm
16 mm,4950 mm,17914.73 cm³,152,152,89101 mm,18,STR-Model,Structural Foundation,F4,Footing,140.80975,Standard,64 mm
16 mm,7800 mm,29797.24 cm³,149,135,148199 mm,19,STR-Model,Structural Foundation,F4,Footing,234.206301,Standard,64 mm
16 mm,3950 mm,3971.04 cm³,150,150,19750 mm,5,STR-Model,Structural Foundation,F4,Footing,31.212352,Standard,64 mm
16 mm,4000 mm,16084.81 cm³,151,151,79999 mm,20,STR-Model,Structural Foundation,F4,Footing,126.426594,Standard,64 mm
16 mm,4950 mm,17914.73 cm³,152,152,89101 mm,18,STR-Model,Structural Foundation,F4,Footing,140.80975,Standard,64 mm
16 mm,1500 mm,6635.18 cm³,153,137,33001 mm,22,STR-Model,Wall,W5,Footing,52.152551,Standard,64 mm
16 mm,4202 mm,1689.59 cm³,155,155,8403 mm,2,STR-Model,Structural Foundation,F4,Footing,13.280171,Standard,64 mm
16 mm,5051 mm,2031.10 cm³,156,140,10102 mm,2,STR-Model,Structural Foundation,F4,Footing,15.964461,Standard,64 mm
16 mm,7902 mm,3177.44 cm³,157,141,15803 mm,2,STR-Model,Structural Foundation,F4,Footing,24.974712,Standard,64 mm
16 mm,4793 mm,1927.31 cm³,158,158,9586 mm,2,STR-Model,Structural Foundation,F4,Footing,15.148673,Standard,64 mm
16 mm,5077 mm,2041.51 cm³,159,159,10154 mm,2,STR-Model,Structural Foundation,F4,Footing,16.046252,Standard,64 mm
16 mm,4000 mm,5629.26 cm³,161,161,27998 mm,7,STR-Model,Structural Foundation,F5,Footing,44.245989,Standard,64 mm
16 mm,7000 mm,42223.39 cm³,162,218,210002 mm,30,STR-Model,Structural Foundation,F5,Footing,331.875842,Standard,64 mm
16 mm,4500 mm,9048.72 cm³,164,164,45005 mm,10,STR-Model,Structural Foundation,F5,Footing,71.122933,Standard,64 mm
16 mm,4500 mm,9048.72 cm³,164,164,45005 mm,10,STR-Model,Structural Foundation,F5,Footing,71.122933,Standard,64 mm
16 mm,5000 mm,7037.26 cm³,165,165,35000 mm,7,STR-Model,Structural Foundation,F5,Footing,55.312842,Standard,64 mm
16 mm,4500 mm,11762.29 cm³,166,201,58501 mm,13,STR-Model,Structural Foundation,F5,Footing,92.451595,Standard,64 mm
16 mm,6000 mm,30159.61 cm³,168,156,150002 mm,25,STR-Model,Structural Foundation,F5,Footing,237.054532,Standard,64 mm
16 mm,12000 mm,41016.65 cm³,171,171,204000 mm,17,STR-Model,Structural Foundation,F5,Footing,322.390907,Standard,64 mm
16 mm,7500 mm,25635.42 cm³,172,199,127500 mm,17,STR-Model,Structural Foundation,F5,Footing,201.494379,Standard,64 mm
16 mm,6500 mm,18296.81 cm³,104,89,91001 mm,14,STR-Model,Structural Foundation,F5,Footing,143.812965,Standard,64 mm
16 mm,2060 mm,1657.12 cm³,173,168,8242 mm,4,STR-Model,Structural Foundation,F5,Footing,13.024989,Standard,64 mm
16 mm,5600 mm,10133.64 cm³,174,170,50401 mm,9,STR-Model,Structural Foundation,F5,Footing,79.650383,Standard,64 mm
16 mm,6500 mm,2613.79 cm³,26,11,13000 mm,2,STR-Model,Structural Foundation,F5,Footing,20.544393,Standard,64 mm
16 mm,4000 mm,1608.51 cm³,176,184,8000 mm,2,STR-Model,Structural Foundation,F5,Footing,12.642875,Standard,64 mm
16 mm,2300 mm,924.90 cm³,177,172,4600 mm,2,STR-Model,Structural Foundation,F5,Footing,7.269696,Standard,64 mm
16 mm,3900 mm,1568.10 cm³,178,174,7799 mm,2,STR-Model,Structural Foundation,F5,Footing,12.325266,Standard,64 mm
16 mm,3900 mm,1568.30 cm³,179,173,7800 mm,2,STR-Model,Structural Foundation,F5,Footing,12.326805,Standard,64 mm
16 mm,2000 mm,804.06 cm³,180,183,3999 mm,2,STR-Model,Structural Foundation,F5,Footing,6.319907,Standard,64 mm
16 mm,2000 mm,804.06 cm³,180,183,3999 mm,2,STR-Model,Structural Foundation,F5,Footing,6.319907,Standard,64 mm
16 mm,7500 mm,3015.93 cm³,181,176,15000 mm,2,STR-Model,Structural Foundation,F5,Footing,23.705202,Standard,64 mm
16 mm,2000 mm,804.26 cm³,182,177,4000 mm,2,STR-Model,Structural Foundation,F5,Footing,6.321477,Standard,64 mm
16 mm,5500 mm,2211.71 cm³,183,178,11000 mm,2,STR-Model,Structural Foundation,F5,Footing,17.384016,Standard,64 mm
16 mm,3000 mm,1206.38 cm³,184,179,6000 mm,2,STR-Model,Structural Foundation,F5,Footing,9.482181,Standard,64 mm
16 mm,5900 mm,2372.56 cm³,185,180,11800 mm,2,STR-Model,Structural Foundation,F5,Footing,18.648293,Standard,64 mm
16 mm,12000 mm,4825.50 cm³,186,182,24000 mm,2,STR-Model,Structural Foundation,F5,Footing,37.928423,Standard,64 mm
16 mm,8000 mm,3217.00 cm³,187,187,16000 mm,2,STR-Model,Structural Foundation,F5,Footing,25.285649,Standard,64 mm
16 mm,7700 mm,27867.15 cm³,196,196,138600 mm,18,STR-Model,Structural Foundation,F5,Footing,219.035816,Standard,64 mm
16 mm,10700 mm,4302.73 cm³,197,197,21400 mm,2,STR-Model,Structural Foundation,F5,Footing,33.81944,Standard,64 mm
16 mm,4000 mm,5629.26 cm³,161,161,27998 mm,7,STR-Model,Structural Foundation,F5,Footing,44.245989,Standard,64 mm
16 mm,7000 mm,42223.39 cm³,162,218,210002 mm,30,STR-Model,Structural Foundation,F5,Footing,331.875842,Standard,64 mm
16 mm,5000 mm,7037.26 cm³,165,165,35000 mm,7,STR-Model,Structural Foundation,F5,Footing,55.312842,Standard,64 mm
16 mm,4500 mm,11762.29 cm³,166,201,58501 mm,13,STR-Model,Structural Foundation,F5,Footing,92.451595,Standard,64 mm
16 mm,6000 mm,30159.61 cm³,168,156,150002 mm,25,STR-Model,Structural Foundation,F5,Footing,237.054532,Standard,64 mm
16 mm,12000 mm,41016.65 cm³,171,171,204000 mm,17,STR-Model,Structural Foundation,F5,Footing,322.390907,Standard,64 mm
16 mm,7500 mm,28651.35 cm³,172,199,142500 mm,19,STR-Model,Structural Foundation,F5,Footing,225.1996,Standard,64 mm
16 mm,6500 mm,18296.81 cm³,104,89,91001 mm,14,STR-Model,Structural Foundation,F5,Footing,143.812965,Standard,64 mm
16 mm,2060 mm,1657.12 cm³,173,168,8242 mm,4,STR-Model,Structural Foundation,F5,Footing,13.024989,Standard,64 mm
16 mm,5600 mm,10133.64 cm³,174,170,50401 mm,9,STR-Model,Structural Foundation,F5,Footing,79.650383,Standard,64 mm
16 mm,7500 mm,3015.93 cm³,172,199,15000 mm,2,STR-Model,Structural Foundation,F5,Footing,23.705221,Standard,64 mm
16 mm,10700 mm,4302.72 cm³,197,197,21400 mm,2,STR-Model,Structural Foundation,F5,Footing,33.819403,Standard,64 mm
16 mm,6500 mm,7841.36 cm³,273,287,39000 mm,6,STR-Model,Structural Column,ST-C3 250x900x8865,Column,61.633104,Standard,64 mm
16 mm,6500 mm,7841.97 cm³,274,288,39003 mm,6,STR-Model,Structural Column,ST-C3 250x900x8865,Column,61.637917,Standard,64 mm
16 mm,5505 mm,6641.21 cm³,276,290,33031 mm,6,STR-Model,Structural Column,ST-C3 250x900x8865,Column,52.199908,Standard,64 mm
16 mm,5500 mm,6635.18 cm³,277,291,33001 mm,6,STR-Model,Structural Column,ST-C3 250x900x8865,Column,52.152498,Standard,64 mm
16 mm,4500 mm,19904.16 cm³,297,297,98995 mm,22,STR-Model,Wall,W5,Wall,156.446691,Standard,64 mm
16 mm,4000 mm,17693.36 cm³,298,2503,88000 mm,22,STR-Model,Wall,,Wall,139.069783,Standard,64 mm
16 mm,4000 mm,28952.75 cm³,337,343,143999 mm,36,STR-Model,Wall,W4,Wall,227.568617,Standard,64 mm
16 mm,4500 mm,32572.32 cm³,338,346,162001 mm,36,STR-Model,Wall,W4,Wall,256.018469,Standard,64 mm
16 mm,5001 mm,5027.14 cm³,379,379,25003 mm,5,STR-Model,Structural Column,,Corbel,39.513333,Standard,64 mm
16 mm,600 mm,120.64 cm³,356,363,600 mm,1,STR-Model,Structural Column,C2 700x700x10500,Corbel,0.948208,Standard,64 mm
16 mm,600 mm,120.64 cm³,356,363,600 mm,1,STR-Model,Structural Column,C2 700x700x10500,Corbel,0.948208,Standard,64 mm
16 mm,620 mm,124.66 cm³,347,361,620 mm,1,STR-Model,Structural Column,,Corbel,0.979815,Standard,64 mm
16 mm,1500 mm,3618.14 cm³,791,282,17995 mm,12,STR-Model,Structural Column,ST-C3 300x900x2000,Footing,28.438616,Standard,64 mm
16 mm,4956 mm,15944.90 cm³,795,45,79303 mm,16,STR-OUTER STRUCTURES,Wall,,VaCh1-REBAR,125.326897,Standard,16 mm
16 mm,5610 mm,16920.16 cm³,796,796,84154 mm,15,STR-OUTER STRUCTURES,Wall,,VaCh1-REBAR,132.992474,Standard,16 mm
16 mm,4880 mm,1962.52 cm³,864,56,9761 mm,2,STR-OUTER STRUCTURES,Wall,,VaCh1-REBAR,15.425427,Standard,16 mm
16 mm,2215 mm,445.31 cm³,865,57,2215 mm,1,STR-OUTER STRUCTURES,Wall,,VaCh1-REBAR,3.500122,Standard,16 mm
16 mm,2557 mm,514.10 cm³,866,866,2557 mm,1,STR-OUTER STRUCTURES,Wall,,VaCh1-REBAR,4.040802,Standard,16 mm
16 mm,2076 mm,417.31 cm³,867,59,2076 mm,1,STR-OUTER STRUCTURES,Wall,,VaCh1-REBAR,3.28005,Standard,16 mm
16 mm,2418 mm,486.10 cm³,868,829,2418 mm,1,STR-OUTER STRUCTURES,Wall,,VaCh1-REBAR,3.82073,Standard,16 mm
16 mm,2096 mm,421.52 cm³,869,830,2096 mm,1,STR-OUTER STRUCTURES,Wall,,VaCh1-REBAR,3.313141,Standard,16 mm
16 mm,2439 mm,490.31 cm³,870,870,2439 mm,1,STR-OUTER STRUCTURES,Wall,,VaCh1-REBAR,3.853822,Standard,16 mm
16 mm,4880 mm,981.26 cm³,864,56,4880 mm,1,STR-OUTER STRUCTURES,Wall,,VaCh1-REBAR,7.712713,Standard,16 mm
16 mm,1182 mm,237.62 cm³,871,832,1182 mm,1,STR-OUTER STRUCTURES,Wall,,VaCh1-REBAR,1.867707,Standard,16 mm
16 mm,3574 mm,718.59 cm³,872,64,3574 mm,1,STR-OUTER STRUCTURES,Wall,,VaCh1-REBAR,5.648098,Standard,16 mm
16 mm,1187 mm,238.68 cm³,873,833,1187 mm,1,STR-OUTER STRUCTURES,Wall,,VaCh1-REBAR,1.876063,Standard,16 mm
16 mm,3579 mm,719.65 cm³,874,834,3579 mm,1,STR-OUTER STRUCTURES,Wall,,VaCh1-REBAR,5.656454,Standard,16 mm
16 mm,4016 mm,807.56 cm³,875,835,4016 mm,1,STR-OUTER STRUCTURES,Wall,,VaCh1-REBAR,6.347437,Standard,16 mm
16 mm,3565 mm,716.74 cm³,876,876,3565 mm,1,STR-OUTER STRUCTURES,Wall,,VaCh1-REBAR,5.633605,Standard,16 mm
16 mm,3151 mm,633.51 cm³,877,836,3151 mm,1,STR-OUTER STRUCTURES,Wall,,VaCh1-REBAR,4.979382,Standard,16 mm
16 mm,2700 mm,542.92 cm³,878,837,2700 mm,1,STR-OUTER STRUCTURES,Wall,,VaCh1-REBAR,4.267354,Standard,16 mm
16 mm,2229 mm,448.11 cm³,879,838,2229 mm,1,STR-OUTER STRUCTURES,Wall,,VaCh1-REBAR,3.522109,Standard,16 mm
16 mm,1801 mm,362.18 cm³,880,839,1801 mm,1,STR-OUTER STRUCTURES,Wall,,VaCh1-REBAR,2.846765,Standard,16 mm
16 mm,1351 mm,271.60 cm³,881,840,1351 mm,1,STR-OUTER STRUCTURES,Wall,,VaCh1-REBAR,2.134747,Standard,16 mm
16 mm,3915 mm,1574.16 cm³,882,882,7829 mm,2,STR-OUTER STRUCTURES,Wall,,VaCh1-REBAR,12.372879,Standard,16 mm
16 mm,3888 mm,781.77 cm³,883,76,3888 mm,1,STR-OUTER STRUCTURES,Wall,,VaCh1-REBAR,6.144739,Standard,16 mm
16 mm,3342 mm,671.93 cm³,884,884,3342 mm,1,STR-OUTER STRUCTURES,Wall,,VaCh1-REBAR,5.281355,Standard,16 mm
16 mm,2882 mm,579.49 cm³,885,885,2882 mm,1,STR-OUTER STRUCTURES,Wall,,VaCh1-REBAR,4.55478,Standard,16 mm
16 mm,2479 mm,498.44 cm³,886,886,2479 mm,1,STR-OUTER STRUCTURES,Wall,,VaCh1-REBAR,3.917712,Standard,16 mm
16 mm,2013 mm,404.75 cm³,887,844,2013 mm,1,STR-OUTER STRUCTURES,Wall,,VaCh1-REBAR,3.181314,Standard,16 mm
16 mm,1555 mm,312.74 cm³,888,888,1555 mm,1,STR-OUTER STRUCTURES,Wall,,VaCh1-REBAR,2.458113,Standard,16 mm
16 mm,1102 mm,221.64 cm³,889,846,1102 mm,1,STR-OUTER STRUCTURES,Wall,,VaCh1-REBAR,1.742115,Standard,64 mm
16 mm,668 mm,134.23 cm³,890,890,668 mm,1,STR-OUTER STRUCTURES,Wall,,VaCh1-REBAR,1.055022,Standard,16 mm
16 mm,3912 mm,10224.44 cm³,891,891,50852 mm,13,STR-OUTER STRUCTURES,Wall,,VaCh1-REBAR,80.364075,Standard,16 mm
16 mm,2903 mm,583.73 cm³,892,892,2903 mm,1,STR-OUTER STRUCTURES,Wall,,VaCh1-REBAR,4.588113,Standard,16 mm
16 mm,896 mm,180.12 cm³,893,893,896 mm,1,STR-OUTER STRUCTURES,Wall,,VaCh1-REBAR,1.415711,Standard,16 mm
16 mm,2898 mm,582.61 cm³,894,894,2898 mm,1,STR-OUTER STRUCTURES,Wall,,VaCh1-REBAR,4.579294,Standard,16 mm
16 mm,891 mm,179.05 cm³,895,895,891 mm,1,STR-OUTER STRUCTURES,Wall,,VaCh1-REBAR,1.407355,Standard,16 mm
16 mm,3914 mm,786.97 cm³,896,850,3914 mm,1,STR-OUTER STRUCTURES,Wall,,VaCh1-REBAR,6.185566,Standard,16 mm
16 mm,1764 mm,354.66 cm³,897,851,1764 mm,1,STR-OUTER STRUCTURES,Wall,,VaCh1-REBAR,2.787651,Standard,16 mm
16 mm,1805 mm,362.95 cm³,898,100,1805 mm,1,STR-OUTER STRUCTURES,Wall,,VaCh1-REBAR,2.852786,Standard,16 mm
16 mm,1745 mm,350.86 cm³,899,852,1745 mm,1,STR-OUTER STRUCTURES,Wall,,VaCh1-REBAR,2.757764,Standard,16 mm
16 mm,1784 mm,358.74 cm³,900,853,1784 mm,1,STR-OUTER STRUCTURES,Wall,,VaCh1-REBAR,2.819694,Standard,16 mm
16 mm,1882 mm,378.33 cm³,901,854,1882 mm,1,STR-OUTER STRUCTURES,Wall,,VaCh1-REBAR,2.973679,Standard,16 mm
16 mm,1923 mm,386.74 cm³,902,902,1923 mm,1,STR-OUTER STRUCTURES,Wall,,VaCh1-REBAR,3.039766,Standard,16 mm
16 mm,3917 mm,1575.30 cm³,903,855,7835 mm,2,STR-OUTER STRUCTURES,Wall,,VaCh1-REBAR,12.381877,Standard,16 mm
16 mm,925 mm,186.07 cm³,904,904,925 mm,1,STR-OUTER STRUCTURES,Wall,,VaCh1-REBAR,1.462527,Standard,16 mm
16 mm,911 mm,183.17 cm³,905,905,911 mm,1,STR-OUTER STRUCTURES,Wall,,VaCh1-REBAR,1.439697,Standard,16 mm
16 mm,1352 mm,271.77 cm³,906,856,1352 mm,1,STR-OUTER STRUCTURES,Wall,,VaCh1-REBAR,2.136134,Standard,16 mm
16 mm,1802 mm,362.36 cm³,907,907,1802 mm,1,STR-OUTER STRUCTURES,Wall,,VaCh1-REBAR,2.848152,Standard,16 mm
16 mm,2231 mm,448.48 cm³,908,908,2231 mm,1,STR-OUTER STRUCTURES,Wall,,VaCh1-REBAR,3.525025,Standard,16 mm
16 mm,2701 mm,543.09 cm³,909,909,2701 mm,1,STR-OUTER STRUCTURES,Wall,,VaCh1-REBAR,4.26872,Standard,16 mm
16 mm,3152 mm,633.69 cm³,910,910,3152 mm,1,STR-OUTER STRUCTURES,Wall,,VaCh1-REBAR,4.980779,Standard,16 mm
16 mm,3600 mm,723.83 cm³,911,911,3600 mm,1,STR-OUTER STRUCTURES,Wall,,VaCh1-REBAR,5.689329,Standard,16 mm
16 mm,4066 mm,817.49 cm³,912,912,4066 mm,1,STR-OUTER STRUCTURES,Wall,,VaCh1-REBAR,6.425498,Standard,16 mm
16 mm,3577 mm,719.26 cm³,913,913,3577 mm,1,STR-OUTER STRUCTURES,Wall,,VaCh1-REBAR,5.65336,Standard,16 mm
16 mm,1192 mm,239.63 cm³,914,862,1192 mm,1,STR-OUTER STRUCTURES,Wall,,VaCh1-REBAR,1.883499,Standard,16 mm
16 mm,3572 mm,718.19 cm³,915,915,3572 mm,1,STR-OUTER STRUCTURES,Wall,,VaCh1-REBAR,5.645004,Standard,16 mm
16 mm,1187 mm,238.57 cm³,916,864,1187 mm,1,STR-OUTER STRUCTURES,Wall,,VaCh1-REBAR,1.875143,Standard,16 mm
16 mm,4883 mm,981.81 cm³,917,917,4883 mm,1,STR-OUTER STRUCTURES,Wall,,VaCh1-REBAR,7.717056,Standard,16 mm
16 mm,2437 mm,489.91 cm³,918,865,2437 mm,1,STR-OUTER STRUCTURES,Wall,,VaCh1-REBAR,3.850732,Standard,16 mm
16 mm,2101 mm,422.46 cm³,919,919,2101 mm,1,STR-OUTER STRUCTURES,Wall,,VaCh1-REBAR,3.320574,Standard,16 mm
16 mm,2416 mm,485.70 cm³,920,867,2416 mm,1,STR-OUTER STRUCTURES,Wall,,VaCh1-REBAR,3.81764,Standard,16 mm
16 mm,2080 mm,418.25 cm³,921,921,2080 mm,1,STR-OUTER STRUCTURES,Wall,,VaCh1-REBAR,3.287482,Standard,16 mm
16 mm,2555 mm,513.70 cm³,922,922,2555 mm,1,STR-OUTER STRUCTURES,Wall,,VaCh1-REBAR,4.037712,Standard,16 mm
16 mm,2219 mm,446.25 cm³,923,923,2219 mm,1,STR-OUTER STRUCTURES,Wall,,VaCh1-REBAR,3.507554,Standard,16 mm
16 mm,4883 mm,1963.63 cm³,917,917,9766 mm,2,STR-OUTER STRUCTURES,Wall,,VaCh1-REBAR,15.434112,Standard,16 mm
16 mm,4587 mm,922.30 cm³,928,928,4587 mm,1,STR-OUTER STRUCTURES,Wall,,VaCh1-REBAR,7.249268,Standard,16 mm
16 mm,4587 mm,922.30 cm³,928,928,4587 mm,1,STR-OUTER STRUCTURES,Wall,,VaCh1-REBAR,7.249268,Standard,16 mm
16 mm,4587 mm,922.30 cm³,928,928,4587 mm,1,STR-OUTER STRUCTURES,Wall,,VaCh1-REBAR,7.249268,Standard,16 mm
16 mm,4587 mm,922.30 cm³,928,928,4587 mm,1,STR-OUTER STRUCTURES,Wall,,VaCh1-REBAR,7.249268,Standard,16 mm
16 mm,4587 mm,922.30 cm³,928,928,4587 mm,1,STR-OUTER STRUCTURES,Wall,,VaCh1-REBAR,7.249268,Standard,16 mm
16 mm,4587 mm,922.30 cm³,928,928,4587 mm,1,STR-OUTER STRUCTURES,Wall,,VaCh1-REBAR,7.249268,Standard,16 mm
16 mm,4587 mm,922.30 cm³,928,928,4587 mm,1,STR-OUTER STRUCTURES,Wall,,VaCh1-REBAR,7.249268,Standard,16 mm
16 mm,4883 mm,981.81 cm³,917,917,4883 mm,1,STR-OUTER STRUCTURES,Wall,,VaCh1-REBAR,7.717056,Standard,16 mm
16 mm,4883 mm,981.81 cm³,917,917,4883 mm,1,STR-OUTER STRUCTURES,Wall,,VaCh1-REBAR,7.717056,Standard,16 mm
16 mm,4883 mm,981.81 cm³,917,917,4883 mm,1,STR-OUTER STRUCTURES,Wall,,VaCh1-REBAR,7.717056,Standard,16 mm
16 mm,4883 mm,981.81 cm³,917,917,4883 mm,1,STR-OUTER STRUCTURES,Wall,,VaCh1-REBAR,7.717056,Standard,16 mm
16 mm,4883 mm,981.81 cm³,917,917,4883 mm,1,STR-OUTER STRUCTURES,Wall,,VaCh1-REBAR,7.717056,Standard,16 mm
16 mm,4883 mm,981.81 cm³,917,917,4883 mm,1,STR-OUTER STRUCTURES,Wall,,VaCh1-REBAR,7.717056,Standard,16 mm
16 mm,3893 mm,782.81 cm³,929,929,3893 mm,1,STR-OUTER STRUCTURES,Wall,,VaCh1-REBAR,6.152865,Standard,16 mm
16 mm,3893 mm,782.81 cm³,929,929,3893 mm,1,STR-OUTER STRUCTURES,Wall,,VaCh1-REBAR,6.152865,Standard,16 mm
16 mm,3893 mm,782.81 cm³,929,929,3893 mm,1,STR-OUTER STRUCTURES,Wall,,VaCh1-REBAR,6.152865,Standard,16 mm
16 mm,3893 mm,782.81 cm³,929,929,3893 mm,1,STR-OUTER STRUCTURES,Wall,,VaCh1-REBAR,6.152865,Standard,16 mm
16 mm,3893 mm,782.81 cm³,929,929,3893 mm,1,STR-OUTER STRUCTURES,Wall,,VaCh1-REBAR,6.152865,Standard,16 mm
16 mm,3893 mm,782.81 cm³,929,929,3893 mm,1,STR-OUTER STRUCTURES,Wall,,VaCh1-REBAR,6.152865,Standard,16 mm
16 mm,3893 mm,782.81 cm³,929,929,3893 mm,1,STR-OUTER STRUCTURES,Wall,,VaCh1-REBAR,6.152865,Standard,16 mm
16 mm,3893 mm,782.81 cm³,929,929,3893 mm,1,STR-OUTER STRUCTURES,Wall,,VaCh1-REBAR,6.152865,Standard,16 mm
16 mm,3893 mm,782.81 cm³,929,929,3893 mm,1,STR-OUTER STRUCTURES,Wall,,VaCh1-REBAR,6.152865,Standard,16 mm
16 mm,3893 mm,782.81 cm³,929,929,3893 mm,1,STR-OUTER STRUCTURES,Wall,,VaCh1-REBAR,6.152865,Standard,16 mm
16 mm,3893 mm,782.81 cm³,929,929,3893 mm,1,STR-OUTER STRUCTURES,Wall,,VaCh1-REBAR,6.152865,Standard,16 mm
16 mm,3893 mm,782.81 cm³,929,929,3893 mm,1,STR-OUTER STRUCTURES,Wall,,VaCh1-REBAR,6.152865,Standard,16 mm
16 mm,3893 mm,782.81 cm³,929,929,3893 mm,1,STR-OUTER STRUCTURES,Wall,,VaCh1-REBAR,6.152865,Standard,16 mm
16 mm,4880 mm,981.26 cm³,864,56,4880 mm,1,STR-OUTER STRUCTURES,Wall,,VaCh1-REBAR,7.712713,Standard,16 mm
16 mm,4880 mm,981.26 cm³,864,56,4880 mm,1,STR-OUTER STRUCTURES,Wall,,VaCh1-REBAR,7.712713,Standard,16 mm
16 mm,4880 mm,981.26 cm³,864,56,4880 mm,1,STR-OUTER STRUCTURES,Wall,,VaCh1-REBAR,7.712713,Standard,16 mm
16 mm,4880 mm,981.26 cm³,864,56,4880 mm,1,STR-OUTER STRUCTURES,Wall,,VaCh1-REBAR,7.712713,Standard,16 mm
16 mm,4880 mm,981.26 cm³,864,56,4880 mm,1,STR-OUTER STRUCTURES,Wall,,VaCh1-REBAR,7.712713,Standard,16 mm
16 mm,4880 mm,981.26 cm³,864,56,4880 mm,1,STR-OUTER STRUCTURES,Wall,,VaCh1-REBAR,7.712713,Standard,16 mm
16 mm,4880 mm,981.26 cm³,864,56,4880 mm,1,STR-OUTER STRUCTURES,Wall,,VaCh1-REBAR,7.712713,Standard,16 mm
16 mm,4586 mm,922.12 cm³,931,875,4586 mm,1,STR-OUTER STRUCTURES,Wall,,VaCh1-REBAR,7.247882,Standard,16 mm
16 mm,4586 mm,922.12 cm³,931,875,4586 mm,1,STR-OUTER STRUCTURES,Wall,,VaCh1-REBAR,7.247882,Standard,16 mm
16 mm,4586 mm,922.12 cm³,931,875,4586 mm,1,STR-OUTER STRUCTURES,Wall,,VaCh1-REBAR,7.247882,Standard,16 mm
16 mm,4586 mm,922.12 cm³,931,875,4586 mm,1,STR-OUTER STRUCTURES,Wall,,VaCh1-REBAR,7.247882,Standard,16 mm
16 mm,4586 mm,922.12 cm³,931,875,4586 mm,1,STR-OUTER STRUCTURES,Wall,,VaCh1-REBAR,7.247882,Standard,16 mm
16 mm,4586 mm,922.12 cm³,931,875,4586 mm,1,STR-OUTER STRUCTURES,Wall,,VaCh1-REBAR,7.247882,Standard,16 mm
16 mm,1377 mm,4430.22 cm³,932,932,22034 mm,16,STR-OUTER STRUCTURES,Wall,,VaCh1-REBAR,34.821556,Standard,16 mm
16 mm,1377 mm,4430.22 cm³,932,932,22034 mm,16,STR-OUTER STRUCTURES,Wall,,VaCh1-REBAR,34.821556,Standard,16 mm
16 mm,700 mm,281.49 cm³,933,877,1400 mm,2,STR-OUTER STRUCTURES,Wall,,VaCh1-REBAR,2.212485,Standard,16 mm
16 mm,700 mm,281.49 cm³,933,877,1400 mm,2,STR-OUTER STRUCTURES,Wall,,VaCh1-REBAR,2.212485,Standard,16 mm
16 mm,700 mm,281.49 cm³,933,877,1400 mm,2,STR-OUTER STRUCTURES,Wall,,VaCh1-REBAR,2.212485,Standard,16 mm
16 mm,700 mm,281.49 cm³,933,877,1400 mm,2,STR-OUTER STRUCTURES,Wall,,VaCh1-REBAR,2.212485,Standard,16 mm
16 mm,500 mm,201.06 cm³,934,878,1000 mm,2,STR-OUTER STRUCTURES,Wall,,VaCh1-REBAR,1.580347,Standard,16 mm
16 mm,500 mm,201.06 cm³,934,878,1000 mm,2,STR-OUTER STRUCTURES,Wall,,VaCh1-REBAR,1.580347,Standard,16 mm
16 mm,519 mm,208.71 cm³,935,879,1038 mm,2,STR-OUTER STRUCTURES,Wall,,VaCh1-REBAR,1.640499,Standard,16 mm
16 mm,519 mm,208.71 cm³,935,879,1038 mm,2,STR-OUTER STRUCTURES,Wall,,VaCh1-REBAR,1.640499,Standard,16 mm
16 mm,700 mm,281.49 cm³,933,877,1400 mm,2,STR-OUTER STRUCTURES,Wall,,VaCh1-REBAR,2.212485,Standard,16 mm
16 mm,700 mm,281.49 cm³,933,877,1400 mm,2,STR-OUTER STRUCTURES,Wall,,VaCh1-REBAR,2.212485,Standard,16 mm
16 mm,700 mm,281.49 cm³,933,877,1400 mm,2,STR-OUTER STRUCTURES,Wall,,VaCh1-REBAR,2.212485,Standard,16 mm
16 mm,700 mm,281.49 cm³,933,877,1400 mm,2,STR-OUTER STRUCTURES,Wall,,VaCh1-REBAR,2.212485,Standard,16 mm
16 mm,500 mm,201.06 cm³,934,878,1000 mm,2,STR-OUTER STRUCTURES,Wall,,VaCh1-REBAR,1.580347,Standard,16 mm
16 mm,500 mm,201.06 cm³,934,878,1000 mm,2,STR-OUTER STRUCTURES,Wall,,VaCh1-REBAR,1.580347,Standard,16 mm
16 mm,500 mm,201.06 cm³,934,878,1000 mm,2,STR-OUTER STRUCTURES,Wall,,VaCh1-REBAR,1.580347,Standard,16 mm
16 mm,500 mm,201.06 cm³,934,878,1000 mm,2,STR-OUTER STRUCTURES,Wall,,VaCh1-REBAR,1.580347,Standard,16 mm
16 mm,700 mm,281.49 cm³,933,877,1400 mm,2,STR-OUTER STRUCTURES,Wall,,VaCh1-REBAR,2.212485,Standard,16 mm
16 mm,700 mm,281.49 cm³,933,877,1400 mm,2,STR-OUTER STRUCTURES,Wall,,VaCh1-REBAR,2.212485,Standard,16 mm
16 mm,700 mm,281.49 cm³,933,877,1400 mm,2,STR-OUTER STRUCTURES,Wall,,VaCh1-REBAR,2.212485,Standard,16 mm
16 mm,700 mm,281.49 cm³,933,877,1400 mm,2,STR-OUTER STRUCTURES,Wall,,VaCh1-REBAR,2.212485,Standard,16 mm
16 mm,500 mm,201.06 cm³,934,878,1000 mm,2,STR-OUTER STRUCTURES,Wall,,VaCh1-REBAR,1.580347,Standard,16 mm
16 mm,500 mm,201.06 cm³,934,878,1000 mm,2,STR-OUTER STRUCTURES,Wall,,VaCh1-REBAR,1.580347,Standard,16 mm
16 mm,500 mm,201.06 cm³,934,878,1000 mm,2,STR-OUTER STRUCTURES,Wall,,VaCh1-REBAR,1.580347,Standard,16 mm
16 mm,500 mm,201.06 cm³,934,878,1000 mm,2,STR-OUTER STRUCTURES,Wall,,VaCh1-REBAR,1.580347,Standard,16 mm
16 mm,2235 mm,449.36 cm³,936,936,2235 mm,1,STR-OUTER STRUCTURES,Wall,,VaCh1-REBAR,3.531977,Standard,16 mm
16 mm,2227 mm,447.68 cm³,937,937,2227 mm,1,STR-OUTER STRUCTURES,Wall,,VaCh1-REBAR,3.518796,Standard,16 mm
16 mm,2262 mm,454.78 cm³,938,880,2262 mm,1,STR-OUTER STRUCTURES,Wall,,VaCh1-REBAR,3.574561,Standard,16 mm
16 mm,,372.82 cm³,,54,1854 mm,2,STR-OUTER STRUCTURES,Wall,,VaCh1-REBAR,2.930382,Standard,16 mm
16 mm,,299.28 cm³,,,1488 mm,1,STR-OUTER STRUCTURES,Wall,,VaCh1-REBAR,2.352331,Standard,16 mm
16 mm,,307.83 cm³,,,1531 mm,1,STR-OUTER STRUCTURES,Wall,,VaCh1-REBAR,2.419521,Standard,16 mm
16 mm,,450.97 cm³,,,2243 mm,1,STR-OUTER STRUCTURES,Wall,,VaCh1-REBAR,3.54462,Standard,16 mm
16 mm,,456.39 cm³,,,2270 mm,1,STR-OUTER STRUCTURES,Wall,,VaCh1-REBAR,3.587204,Standard,16 mm
16 mm,,461.81 cm³,,,2297 mm,1,STR-OUTER STRUCTURES,Wall,,VaCh1-REBAR,3.629787,Standard,16 mm
16 mm,,467.22 cm³,,,2324 mm,1,STR-OUTER STRUCTURES,Wall,,VaCh1-REBAR,3.672371,Standard,16 mm
16 mm,,472.64 cm³,,,2351 mm,1,STR-OUTER STRUCTURES,Wall,,VaCh1-REBAR,3.714955,Standard,16 mm
16 mm,,478.06 cm³,,,2378 mm,1,STR-OUTER STRUCTURES,Wall,,VaCh1-REBAR,3.757539,Standard,16 mm
16 mm,,379.25 cm³,,,1886 mm,1,STR-OUTER STRUCTURES,Wall,,VaCh1-REBAR,2.980909,Standard,16 mm
16 mm,,350.77 cm³,,,1745 mm,1,STR-OUTER STRUCTURES,Wall,,VaCh1-REBAR,2.757086,Standard,16 mm
16 mm,,354.19 cm³,,,1762 mm,1,STR-OUTER STRUCTURES,Wall,,VaCh1-REBAR,2.783919,Standard,16 mm
16 mm,,579.58 cm³,,,2883 mm,1,STR-OUTER STRUCTURES,Wall,,VaCh1-REBAR,4.555535,Standard,16 mm
16 mm,,582.20 cm³,,,2896 mm,1,STR-OUTER STRUCTURES,Wall,,VaCh1-REBAR,4.576114,Standard,16 mm
16 mm,,386.17 cm³,,232,1921 mm,1,STR-OUTER STRUCTURES,Wall,,VaCh1-REBAR,3.03529,Standard,16 mm
16 mm,,358.17 cm³,,232,1781 mm,1,STR-OUTER STRUCTURES,Wall,,VaCh1-REBAR,2.815218,Standard,16 mm
16 mm,,362.38 cm³,,232,1802 mm,1,STR-OUTER STRUCTURES,Wall,,VaCh1-REBAR,2.84831,Standard,16 mm
16 mm,,178.48 cm³,,233,888 mm,1,STR-OUTER STRUCTURES,Wall,,VaCh1-REBAR,1.402875,Standard,16 mm
16 mm,,179.55 cm³,,233,893 mm,1,STR-OUTER STRUCTURES,Wall,,VaCh1-REBAR,1.411231,Standard,16 mm
16 mm,675 mm,135.64 cm³,961,961,675 mm,1,STR-OUTER STRUCTURES,Wall,,VaCh1-REBAR,1.066102,Standard,16 mm
16 mm,1125 mm,226.21 cm³,962,962,1125 mm,1,STR-OUTER STRUCTURES,Wall,,VaCh1-REBAR,1.778048,Standard,16 mm
16 mm,1553 mm,312.33 cm³,963,889,1553 mm,1,STR-OUTER STRUCTURES,Wall,,VaCh1-REBAR,2.454911,Standard,16 mm
16 mm,2024 mm,406.95 cm³,964,964,2024 mm,1,STR-OUTER STRUCTURES,Wall,,VaCh1-REBAR,3.198622,Standard,16 mm
16 mm,2475 mm,497.55 cm³,965,965,2475 mm,1,STR-OUTER STRUCTURES,Wall,,VaCh1-REBAR,3.910726,Standard,16 mm
16 mm,2923 mm,587.68 cm³,966,315,2923 mm,1,STR-OUTER STRUCTURES,Wall,,VaCh1-REBAR,4.619196,Standard,16 mm
16 mm,3389 mm,681.38 cm³,967,967,3389 mm,1,STR-OUTER STRUCTURES,Wall,,VaCh1-REBAR,5.355646,Standard,16 mm
16 mm,925 mm,186.07 cm³,904,904,925 mm,1,STR-OUTER STRUCTURES,Wall,,VaCh1-REBAR,1.462527,Standard,16 mm
16 mm,911 mm,183.17 cm³,905,905,911 mm,1,STR-OUTER STRUCTURES,Wall,,VaCh1-REBAR,1.439697,Standard,16 mm
16 mm,,596.26 cm³,,,2966 mm,1,STR-OUTER STRUCTURES,Wall,,VaCh1-REBAR,4.686585,Standard,16 mm
16 mm,,609.18 cm³,,,3030 mm,1,STR-OUTER STRUCTURES,Wall,,VaCh1-REBAR,4.788185,Standard,16 mm
16 mm,,460.64 cm³,,,2291 mm,1,STR-OUTER STRUCTURES,Wall,,VaCh1-REBAR,3.620617,Standard,16 mm
16 mm,,478.75 cm³,,,2381 mm,1,STR-OUTER STRUCTURES,Wall,,VaCh1-REBAR,3.762942,Standard,16 mm
16 mm,,593.08 cm³,,354,2950 mm,1,STR-OUTER STRUCTURES,Wall,,VaCh1-REBAR,4.661633,Standard,16 mm
16 mm,,606.01 cm³,,354,3014 mm,1,STR-OUTER STRUCTURES,Wall,,VaCh1-REBAR,4.763233,Standard,16 mm
16 mm,,457.46 cm³,,355,2275 mm,1,STR-OUTER STRUCTURES,Wall,,VaCh1-REBAR,3.595664,Standard,16 mm
16 mm,,475.57 cm³,,355,2365 mm,1,STR-OUTER STRUCTURES,Wall,,VaCh1-REBAR,3.73799,Standard,16 mm
16 mm,,299.28 cm³,,,1488 mm,1,STR-OUTER STRUCTURES,Wall,,VaCh1-REBAR,2.352331,Standard,16 mm
16 mm,,307.83 cm³,,,1531 mm,1,STR-OUTER STRUCTURES,Wall,,VaCh1-REBAR,2.419521,Standard,16 mm
16 mm,,460.20 cm³,,,2289 mm,1,STR-OUTER STRUCTURES,Wall,,VaCh1-REBAR,3.617145,Standard,16 mm
16 mm,,465.61 cm³,,,2316 mm,1,STR-OUTER STRUCTURES,Wall,,VaCh1-REBAR,3.659728,Standard,16 mm
16 mm,,471.03 cm³,,,2343 mm,1,STR-OUTER STRUCTURES,Wall,,VaCh1-REBAR,3.702312,Standard,16 mm
16 mm,,476.45 cm³,,,2370 mm,1,STR-OUTER STRUCTURES,Wall,,VaCh1-REBAR,3.744896,Standard,16 mm
16 mm,,444.63 cm³,,169,2211 mm,1,STR-OUTER STRUCTURES,Wall,,VaCh1-REBAR,3.494794,Standard,16 mm
16 mm,,448.77 cm³,,169,2232 mm,1,STR-OUTER STRUCTURES,Wall,,VaCh1-REBAR,3.527346,Standard,16 mm
16 mm,,452.91 cm³,,169,2253 mm,1,STR-OUTER STRUCTURES,Wall,,VaCh1-REBAR,3.559898,Standard,16 mm
16 mm,,457.05 cm³,,169,2273 mm,1,STR-OUTER STRUCTURES,Wall,,VaCh1-REBAR,3.59245,Standard,16 mm
16 mm,,461.20 cm³,,169,2294 mm,1,STR-OUTER STRUCTURES,Wall,,VaCh1-REBAR,3.625001,Standard,16 mm
16 mm,,6030.92 cm³,,,29995 mm,10,STR-OUTER STRUCTURES,Wall,,VaCh1-REBAR,47.403021,Standard,16 mm
16 mm,,603.09 cm³,,383,3000 mm,1,STR-OUTER STRUCTURES,Wall,,VaCh1-REBAR,4.740302,Standard,16 mm
16 mm,,603.09 cm³,,383,3000 mm,1,STR-OUTER STRUCTURES,Wall,,VaCh1-REBAR,4.740302,Standard,16 mm
16 mm,,603.09 cm³,,383,3000 mm,1,STR-OUTER STRUCTURES,Wall,,VaCh1-REBAR,4.740302,Standard,16 mm
16 mm,,603.09 cm³,,383,3000 mm,1,STR-OUTER STRUCTURES,Wall,,VaCh1-REBAR,4.740302,Standard,16 mm
16 mm,,603.09 cm³,,383,3000 mm,1,STR-OUTER STRUCTURES,Wall,,VaCh1-REBAR,4.740302,Standard,16 mm
16 mm,,603.09 cm³,,383,3000 mm,1,STR-OUTER STRUCTURES,Wall,,VaCh1-REBAR,4.740302,Standard,16 mm
16 mm,,603.10 cm³,,383,3000 mm,1,STR-OUTER STRUCTURES,Wall,,VaCh1-REBAR,4.740336,Standard,16 mm
16 mm,,603.09 cm³,,383,3000 mm,1,STR-OUTER STRUCTURES,Wall,,VaCh1-REBAR,4.740302,Standard,16 mm
16 mm,,603.09 cm³,,383,3000 mm,1,STR-OUTER STRUCTURES,Wall,,VaCh1-REBAR,4.740302,Standard,16 mm
16 mm,,603.09 cm³,,383,3000 mm,1,STR-OUTER STRUCTURES,Wall,,VaCh1-REBAR,4.740302,Standard,16 mm
16 mm,,603.09 cm³,,,3000 mm,1,STR-OUTER STRUCTURES,Wall,,VaCh1-REBAR,4.740302,Standard,16 mm
16 mm,,603.09 cm³,,,3000 mm,1,STR-OUTER STRUCTURES,Wall,,VaCh1-REBAR,4.740302,Standard,16 mm
16 mm,,603.09 cm³,,,3000 mm,1,STR-OUTER STRUCTURES,Wall,,VaCh1-REBAR,4.740302,Standard,16 mm
16 mm,,603.09 cm³,,,3000 mm,1,STR-OUTER STRUCTURES,Wall,,VaCh1-REBAR,4.740302,Standard,16 mm
16 mm,,603.09 cm³,,,3000 mm,1,STR-OUTER STRUCTURES,Wall,,VaCh1-REBAR,4.740302,Standard,16 mm
16 mm,,603.09 cm³,,,3000 mm,1,STR-OUTER STRUCTURES,Wall,,VaCh1-REBAR,4.740302,Standard,16 mm
16 mm,,603.09 cm³,,,3000 mm,1,STR-OUTER STRUCTURES,Wall,,VaCh1-REBAR,4.740302,Standard,16 mm
16 mm,,603.09 cm³,,,3000 mm,1,STR-OUTER STRUCTURES,Wall,,VaCh1-REBAR,4.740302,Standard,16 mm
16 mm,,603.09 cm³,,,3000 mm,1,STR-OUTER STRUCTURES,Wall,,VaCh1-REBAR,4.740302,Standard,16 mm
16 mm,,603.09 cm³,,,3000 mm,1,STR-OUTER STRUCTURES,Wall,,VaCh1-REBAR,4.740302,Standard,16 mm
16 mm,,6030.92 cm³,,,29995 mm,10,STR-OUTER STRUCTURES,Wall,,VaCh1-REBAR,47.403019,Standard,16 mm
16 mm,,603.20 cm³,,155,3000 mm,1,STR-OUTER STRUCTURES,Wall,,VaCh1-REBAR,4.741153,Standard,16 mm
16 mm,,603.19 cm³,,155,3000 mm,1,STR-OUTER STRUCTURES,Wall,,VaCh1-REBAR,4.741092,Standard,16 mm
16 mm,,603.19 cm³,,155,3000 mm,1,STR-OUTER STRUCTURES,Wall,,VaCh1-REBAR,4.741092,Standard,16 mm
16 mm,,603.19 cm³,,155,3000 mm,1,STR-OUTER STRUCTURES,Wall,,VaCh1-REBAR,4.741092,Standard,16 mm
16 mm,,603.19 cm³,,155,3000 mm,1,STR-OUTER STRUCTURES,Wall,,VaCh1-REBAR,4.741092,Standard,16 mm
16 mm,,603.19 cm³,,155,3000 mm,1,STR-OUTER STRUCTURES,Wall,,VaCh1-REBAR,4.741092,Standard,16 mm
16 mm,,603.19 cm³,,155,3000 mm,1,STR-OUTER STRUCTURES,Wall,,VaCh1-REBAR,4.741092,Standard,16 mm
16 mm,,603.19 cm³,,155,3000 mm,1,STR-OUTER STRUCTURES,Wall,,VaCh1-REBAR,4.741092,Standard,16 mm
16 mm,,603.19 cm³,,155,3000 mm,1,STR-OUTER STRUCTURES,Wall,,VaCh1-REBAR,4.741092,Standard,16 mm
16 mm,,603.19 cm³,,155,3000 mm,1,STR-OUTER STRUCTURES,Wall,,VaCh1-REBAR,4.741092,Standard,16 mm
16 mm,,603.19 cm³,,,3000 mm,1,STR-OUTER STRUCTURES,Wall,,VaCh1-REBAR,4.741092,Standard,16 mm
16 mm,,603.19 cm³,,,3000 mm,1,STR-OUTER STRUCTURES,Wall,,VaCh1-REBAR,4.741092,Standard,16 mm
16 mm,,603.19 cm³,,,3000 mm,1,STR-OUTER STRUCTURES,Wall,,VaCh1-REBAR,4.741092,Standard,16 mm
16 mm,,603.19 cm³,,,3000 mm,1,STR-OUTER STRUCTURES,Wall,,VaCh1-REBAR,4.741092,Standard,16 mm
16 mm,,603.19 cm³,,,3000 mm,1,STR-OUTER STRUCTURES,Wall,,VaCh1-REBAR,4.741092,Standard,16 mm
16 mm,,603.19 cm³,,,3000 mm,1,STR-OUTER STRUCTURES,Wall,,VaCh1-REBAR,4.741092,Standard,16 mm
16 mm,,603.19 cm³,,,3000 mm,1,STR-OUTER STRUCTURES,Wall,,VaCh1-REBAR,4.741092,Standard,16 mm
16 mm,,603.19 cm³,,,3000 mm,1,STR-OUTER STRUCTURES,Wall,,VaCh1-REBAR,4.741092,Standard,16 mm
16 mm,,603.19 cm³,,,3000 mm,1,STR-OUTER STRUCTURES,Wall,,VaCh1-REBAR,4.741092,Standard,16 mm
16 mm,,603.19 cm³,,,3000 mm,1,STR-OUTER STRUCTURES,Wall,,VaCh1-REBAR,4.741092,Standard,16 mm
16 mm,,6030.92 cm³,,,29995 mm,10,STR-OUTER STRUCTURES,Wall,,VaCh1-REBAR,47.403019,Standard,16 mm
16 mm,,6030.92 cm³,,,29995 mm,10,STR-OUTER STRUCTURES,Wall,,VaCh1-REBAR,47.403019,Standard,16 mm
16 mm,2013 mm,404.64 cm³,969,969,2013 mm,1,STR-OUTER STRUCTURES,Wall,,VaCh1-REBAR,3.1805,Standard,16 mm
16 mm,2013 mm,404.64 cm³,969,969,2013 mm,1,STR-OUTER STRUCTURES,Wall,,VaCh1-REBAR,3.1805,Standard,16 mm
16 mm,,404.64 cm³,,,2013 mm,1,STR-OUTER STRUCTURES,Wall,,VaCh1-REBAR,3.1805,Standard,16 mm
16 mm,,404.64 cm³,,,2013 mm,1,STR-OUTER STRUCTURES,Wall,,VaCh1-REBAR,3.1805,Standard,16 mm
16 mm,,404.64 cm³,,,2013 mm,1,STR-OUTER STRUCTURES,Wall,,VaCh1-REBAR,3.1805,Standard,16 mm
16 mm,,404.64 cm³,,,2013 mm,1,STR-OUTER STRUCTURES,Wall,,VaCh1-REBAR,3.1805,Standard,16 mm
16 mm,,404.64 cm³,,,2013 mm,1,STR-OUTER STRUCTURES,Wall,,VaCh1-REBAR,3.1805,Standard,16 mm
16 mm,,404.64 cm³,,,2013 mm,1,STR-OUTER STRUCTURES,Wall,,VaCh1-REBAR,3.1805,Standard,16 mm
16 mm,,404.64 cm³,,,2013 mm,1,STR-OUTER STRUCTURES,Wall,,VaCh1-REBAR,3.1805,Standard,16 mm
16 mm,,404.64 cm³,,,2013 mm,1,STR-OUTER STRUCTURES,Wall,,VaCh1-REBAR,3.1805,Standard,16 mm
16 mm,,3015.46 cm³,,,14998 mm,5,STR-OUTER STRUCTURES,Wall,,VaCh1-REBAR,23.701509,Standard,16 mm
16 mm,,442.05 cm³,,294,2199 mm,1,STR-OUTER STRUCTURES,Wall,,VaCh1-REBAR,3.474551,Standard,16 mm
16 mm,,446.20 cm³,,294,2219 mm,1,STR-OUTER STRUCTURES,Wall,,VaCh1-REBAR,3.507103,Standard,16 mm
16 mm,,450.34 cm³,,294,2240 mm,1,STR-OUTER STRUCTURES,Wall,,VaCh1-REBAR,3.539655,Standard,16 mm
16 mm,,454.31 cm³,,294,2260 mm,1,STR-OUTER STRUCTURES,Wall,,VaCh1-REBAR,3.570901,Standard,16 mm
16 mm,,458.62 cm³,,294,2281 mm,1,STR-OUTER STRUCTURES,Wall,,VaCh1-REBAR,3.604759,Standard,16 mm
16 mm,,462.76 cm³,,294,2302 mm,1,STR-OUTER STRUCTURES,Wall,,VaCh1-REBAR,3.637311,Standard,16 mm
16 mm,,372.82 cm³,,,1854 mm,2,STR-OUTER STRUCTURES,Wall,,VaCh1-REBAR,2.930382,Standard,16 mm
16 mm,,3015.46 cm³,,,14998 mm,5,STR-OUTER STRUCTURES,Wall,,VaCh1-REBAR,23.701509,Standard,16 mm
16 mm,2235 mm,449.36 cm³,936,936,2235 mm,1,STR-OUTER STRUCTURES,Wall,,VaCh1-REBAR,3.531977,Standard,16 mm
16 mm,2227 mm,447.68 cm³,937,937,2227 mm,1,STR-OUTER STRUCTURES,Wall,,VaCh1-REBAR,3.518796,Standard,16 mm
16 mm,2262 mm,454.78 cm³,938,880,2262 mm,1,STR-OUTER STRUCTURES,Wall,,VaCh1-REBAR,3.574561,Standard,16 mm
16 mm,,299.28 cm³,,,1488 mm,1,STR-OUTER STRUCTURES,Structural Foundation,,VaCh1-REBAR,2.352331,Standard,16 mm
16 mm,,307.83 cm³,,,1531 mm,1,STR-OUTER STRUCTURES,Structural Foundation,,VaCh1-REBAR,2.419521,Standard,16 mm
16 mm,,596.26 cm³,,,2966 mm,1,STR-OUTER STRUCTURES,Wall,,VaCh1-REBAR,4.686585,Standard,16 mm
16 mm,,609.18 cm³,,,3030 mm,1,STR-OUTER STRUCTURES,Wall,,VaCh1-REBAR,4.788185,Standard,16 mm
16 mm,,460.64 cm³,,,2291 mm,1,STR-OUTER STRUCTURES,Wall,,VaCh1-REBAR,3.620617,Standard,16 mm
16 mm,,478.75 cm³,,,2381 mm,1,STR-OUTER STRUCTURES,Wall,,VaCh1-REBAR,3.762942,Standard,16 mm
16 mm,,593.08 cm³,,,2950 mm,1,STR-OUTER STRUCTURES,Wall,,VaCh1-REBAR,4.661633,Standard,16 mm
16 mm,,606.01 cm³,,,3014 mm,1,STR-OUTER STRUCTURES,Wall,,VaCh1-REBAR,4.763233,Standard,16 mm
16 mm,,457.46 cm³,,,2275 mm,1,STR-OUTER STRUCTURES,Wall,,VaCh1-REBAR,3.595664,Standard,16 mm
16 mm,,475.57 cm³,,,2365 mm,1,STR-OUTER STRUCTURES,Wall,,VaCh1-REBAR,3.73799,Standard,16 mm
16 mm,,299.28 cm³,,,1488 mm,1,STR-OUTER STRUCTURES,Structural Foundation,,VaCh1-REBAR,2.352331,Standard,16 mm
16 mm,,307.83 cm³,,,1531 mm,1,STR-OUTER STRUCTURES,Structural Foundation,,VaCh1-REBAR,2.419521,Standard,16 mm
16 mm,,444.63 cm³,,,2211 mm,1,STR-OUTER STRUCTURES,Wall,,VaCh1-REBAR,3.494794,Standard,16 mm
16 mm,,448.77 cm³,,,2232 mm,1,STR-OUTER STRUCTURES,Wall,,VaCh1-REBAR,3.527346,Standard,16 mm
16 mm,,452.91 cm³,,,2253 mm,1,STR-OUTER STRUCTURES,Wall,,VaCh1-REBAR,3.559898,Standard,16 mm
16 mm,,457.05 cm³,,,2273 mm,1,STR-OUTER STRUCTURES,Wall,,VaCh1-REBAR,3.59245,Standard,16 mm
16 mm,,461.20 cm³,,,2294 mm,1,STR-OUTER STRUCTURES,Wall,,VaCh1-REBAR,3.625001,Standard,16 mm
16 mm,2013 mm,404.64 cm³,969,969,2013 mm,1,STR-OUTER STRUCTURES,Wall,,VaCh1-REBAR,3.1805,Standard,16 mm
16 mm,2013 mm,404.64 cm³,969,969,2013 mm,1,STR-OUTER STRUCTURES,Wall,,VaCh1-REBAR,3.1805,Standard,16 mm
16 mm,,404.64 cm³,,,2013 mm,1,STR-OUTER STRUCTURES,Wall,,VaCh1-REBAR,3.1805,Standard,16 mm
16 mm,,404.64 cm³,,,2013 mm,1,STR-OUTER STRUCTURES,Wall,,VaCh1-REBAR,3.1805,Standard,16 mm
16 mm,,404.64 cm³,,,2013 mm,1,STR-OUTER STRUCTURES,Wall,,VaCh1-REBAR,3.1805,Standard,16 mm
16 mm,,404.64 cm³,,,2013 mm,1,STR-OUTER STRUCTURES,Wall,,VaCh1-REBAR,3.1805,Standard,16 mm
16 mm,,404.64 cm³,,,2013 mm,1,STR-OUTER STRUCTURES,Wall,,VaCh1-REBAR,3.1805,Standard,16 mm
16 mm,,404.64 cm³,,,2013 mm,1,STR-OUTER STRUCTURES,Wall,,VaCh1-REBAR,3.1805,Standard,16 mm
16 mm,,404.64 cm³,,,2013 mm,1,STR-OUTER STRUCTURES,Wall,,VaCh1-REBAR,3.1805,Standard,16 mm
16 mm,,404.64 cm³,,,2013 mm,1,STR-OUTER STRUCTURES,Wall,,VaCh1-REBAR,3.1805,Standard,16 mm
16 mm,,3015.46 cm³,,,14998 mm,5,STR-OUTER STRUCTURES,Structural Foundation,,VaCh1-REBAR,23.701509,Standard,16 mm
16 mm,,442.05 cm³,,,2199 mm,1,STR-OUTER STRUCTURES,Wall,,VaCh1-REBAR,3.474551,Standard,16 mm
16 mm,,446.20 cm³,,,2219 mm,1,STR-OUTER STRUCTURES,Wall,,VaCh1-REBAR,3.507103,Standard,16 mm
16 mm,,450.34 cm³,,,2240 mm,1,STR-OUTER STRUCTURES,Wall,,VaCh1-REBAR,3.539655,Standard,16 mm
16 mm,,454.31 cm³,,,2260 mm,1,STR-OUTER STRUCTURES,Wall,,VaCh1-REBAR,3.570901,Standard,16 mm
16 mm,,458.62 cm³,,,2281 mm,1,STR-OUTER STRUCTURES,Wall,,VaCh1-REBAR,3.604759,Standard,16 mm
16 mm,,462.76 cm³,,,2302 mm,1,STR-OUTER STRUCTURES,Wall,,VaCh1-REBAR,3.637311,Standard,16 mm
16 mm,,3015.46 cm³,,,14998 mm,5,STR-OUTER STRUCTURES,Structural Foundation,,VaCh1-REBAR,23.701509,Standard,16 mm
16 mm,2157 mm,433.66 cm³,984,404,2157 mm,1,STR-OUTER STRUCTURES,Structural Foundation,,VaCh1-REBAR,3.408539,Standard,16 mm
16 mm,2184 mm,439.07 cm³,985,985,2184 mm,1,STR-OUTER STRUCTURES,Structural Foundation,,VaCh1-REBAR,3.451123,Standard,16 mm
16 mm,2343 mm,471.03 cm³,986,400,2343 mm,1,STR-OUTER STRUCTURES,Structural Foundation,,VaCh1-REBAR,3.702312,Standard,16 mm
16 mm,2370 mm,476.45 cm³,987,401,2370 mm,1,STR-OUTER STRUCTURES,Structural Foundation,,VaCh1-REBAR,3.744896,Standard,16 mm
16 mm,2243 mm,450.97 cm³,988,402,2243 mm,1,STR-OUTER STRUCTURES,Structural Foundation,,VaCh1-REBAR,3.54462,Standard,16 mm
16 mm,2270 mm,456.39 cm³,989,403,2270 mm,1,STR-OUTER STRUCTURES,Structural Foundation,,VaCh1-REBAR,3.587204,Standard,16 mm
16 mm,2175 mm,437.28 cm³,990,990,2175 mm,1,STR-OUTER STRUCTURES,Structural Foundation,,VaCh1-REBAR,3.436985,Standard,16 mm
16 mm,2202 mm,442.69 cm³,991,405,2202 mm,1,STR-OUTER STRUCTURES,Structural Foundation,,VaCh1-REBAR,3.479569,Standard,16 mm
16 mm,2351 mm,472.64 cm³,992,406,2351 mm,1,STR-OUTER STRUCTURES,Structural Foundation,,VaCh1-REBAR,3.714955,Standard,16 mm
16 mm,2378 mm,478.06 cm³,993,407,2378 mm,1,STR-OUTER STRUCTURES,Structural Foundation,,VaCh1-REBAR,3.757539,Standard,16 mm
16 mm,2766 mm,556.19 cm³,994,412,2766 mm,1,STR-OUTER STRUCTURES,Wall,,VaCh1-REBAR,4.371659,Standard,16 mm
16 mm,2766 mm,556.19 cm³,994,412,2766 mm,1,STR-OUTER STRUCTURES,Wall,,VaCh1-REBAR,4.371659,Standard,16 mm
16 mm,2785 mm,560.00 cm³,997,417,2785 mm,1,STR-OUTER STRUCTURES,Wall,,VaCh1-REBAR,4.401602,Standard,16 mm
16 mm,2785 mm,560.00 cm³,997,417,2785 mm,1,STR-OUTER STRUCTURES,Wall,,VaCh1-REBAR,4.401602,Standard,16 mm
16 mm,,16350.24 cm³,,,81319 mm,28,STR-OUTER STRUCTURES,Wall,,VaCh1-REBAR,128.512904,Standard,16 mm
16 mm,,16260.17 cm³,,411,80871 mm,28,STR-OUTER STRUCTURES,Wall,,VaCh1-REBAR,127.804909,Standard,16 mm
16 mm,6000 mm,67556.81 cm³,1013,2038,336000 mm,56,STR-Model,Floor,,SOG-Mesh Bottom X,530.996514,Standard,64 mm
16 mm,4956 mm,15944.90 cm³,1038,1038,79303 mm,16,STR-OUTER STRUCTURES,Wall,,VaCh2-REBAR,125.326897,Standard,16 mm
16 mm,5610 mm,16920.16 cm³,1039,1039,84154 mm,15,STR-OUTER STRUCTURES,Wall,,VaCh2-REBAR,132.992474,Standard,16 mm
16 mm,4880 mm,1962.52 cm³,1074,1074,9761 mm,2,STR-OUTER STRUCTURES,Wall,,VaCh2-REBAR,15.425427,Standard,16 mm
16 mm,2215 mm,445.31 cm³,1075,1075,2215 mm,1,STR-OUTER STRUCTURES,Wall,,VaCh2-REBAR,3.500122,Standard,16 mm
16 mm,2557 mm,514.10 cm³,1076,1076,2557 mm,1,STR-OUTER STRUCTURES,Wall,,VaCh2-REBAR,4.040802,Standard,16 mm
16 mm,2076 mm,417.31 cm³,1077,1077,2076 mm,1,STR-OUTER STRUCTURES,Wall,,VaCh2-REBAR,3.28005,Standard,16 mm
16 mm,2418 mm,486.10 cm³,1078,1078,2418 mm,1,STR-OUTER STRUCTURES,Wall,,VaCh2-REBAR,3.82073,Standard,16 mm
16 mm,2096 mm,421.52 cm³,1079,1079,2096 mm,1,STR-OUTER STRUCTURES,Wall,,VaCh2-REBAR,3.313141,Standard,16 mm
16 mm,2439 mm,490.31 cm³,1080,1080,2439 mm,1,STR-OUTER STRUCTURES,Wall,,VaCh2-REBAR,3.853822,Standard,16 mm
16 mm,4880 mm,981.26 cm³,1074,1074,4880 mm,1,STR-OUTER STRUCTURES,Wall,,VaCh2-REBAR,7.712713,Standard,16 mm
16 mm,1182 mm,237.62 cm³,1081,1081,1182 mm,1,STR-OUTER STRUCTURES,Wall,,VaCh2-REBAR,1.867707,Standard,16 mm
16 mm,3574 mm,718.59 cm³,1082,1082,3574 mm,1,STR-OUTER STRUCTURES,Wall,,VaCh2-REBAR,5.648098,Standard,16 mm
16 mm,1187 mm,238.68 cm³,1083,1083,1187 mm,1,STR-OUTER STRUCTURES,Wall,,VaCh2-REBAR,1.876063,Standard,16 mm
16 mm,3579 mm,719.65 cm³,1084,1084,3579 mm,1,STR-OUTER STRUCTURES,Wall,,VaCh2-REBAR,5.656454,Standard,16 mm
16 mm,3708 mm,745.47 cm³,1085,1085,3708 mm,1,STR-OUTER STRUCTURES,Wall,,VaCh2-REBAR,5.859384,Standard,16 mm
16 mm,2981 mm,599.45 cm³,1086,1086,2981 mm,1,STR-OUTER STRUCTURES,Wall,,VaCh2-REBAR,4.711673,Standard,16 mm
16 mm,2381 mm,478.82 cm³,1087,1087,2381 mm,1,STR-OUTER STRUCTURES,Wall,,VaCh2-REBAR,3.763522,Standard,16 mm
16 mm,1642 mm,330.06 cm³,1088,1088,1642 mm,1,STR-OUTER STRUCTURES,Wall,,VaCh2-REBAR,2.594259,Standard,16 mm
16 mm,1055 mm,212.08 cm³,1089,1089,1055 mm,1,STR-OUTER STRUCTURES,Wall,,VaCh2-REBAR,1.666957,Standard,16 mm
16 mm,3915 mm,1574.16 cm³,1090,1090,7829 mm,2,STR-OUTER STRUCTURES,Wall,,VaCh2-REBAR,12.372879,Standard,16 mm
16 mm,3888 mm,781.77 cm³,1091,1091,3888 mm,1,STR-OUTER STRUCTURES,Wall,,VaCh2-REBAR,6.144739,Standard,16 mm
16 mm,3030 mm,609.22 cm³,1092,1092,3030 mm,1,STR-OUTER STRUCTURES,Wall,,VaCh2-REBAR,4.788451,Standard,16 mm
16 mm,2300 mm,462.44 cm³,1093,1093,2300 mm,1,STR-OUTER STRUCTURES,Wall,,VaCh2-REBAR,3.634798,Standard,16 mm
16 mm,1710 mm,343.90 cm³,1094,1094,1710 mm,1,STR-OUTER STRUCTURES,Wall,,VaCh2-REBAR,2.703084,Standard,16 mm
16 mm,966 mm,194.28 cm³,1095,1095,966 mm,1,STR-OUTER STRUCTURES,Wall,,VaCh2-REBAR,1.527018,Standard,16 mm
16 mm,3912 mm,10224.44 cm³,1096,1096,50852 mm,13,STR-OUTER STRUCTURES,Wall,,VaCh2-REBAR,80.364075,Standard,16 mm
16 mm,2860 mm,575.06 cm³,1097,2403,2860 mm,1,STR-OUTER STRUCTURES,Wall,,VaCh2-REBAR,4.519941,Standard,16 mm
16 mm,853 mm,171.44 cm³,1098,1001,853 mm,1,STR-OUTER STRUCTURES,Wall,,VaCh2-REBAR,1.347538,Standard,16 mm
16 mm,2857 mm,574.37 cm³,1099,1002,2857 mm,1,STR-OUTER STRUCTURES,Wall,,VaCh2-REBAR,4.514576,Standard,16 mm
16 mm,850 mm,170.82 cm³,1100,1003,850 mm,1,STR-OUTER STRUCTURES,Wall,,VaCh2-REBAR,1.342637,Standard,16 mm
16 mm,3914 mm,786.97 cm³,1101,1004,3914 mm,1,STR-OUTER STRUCTURES,Wall,,VaCh2-REBAR,6.185566,Standard,16 mm
16 mm,1729 mm,347.64 cm³,1102,1005,1729 mm,1,STR-OUTER STRUCTURES,Wall,,VaCh2-REBAR,2.732463,Standard,16 mm
16 mm,1770 mm,355.93 cm³,1103,1103,1770 mm,1,STR-OUTER STRUCTURES,Wall,,VaCh2-REBAR,2.797598,Standard,16 mm
16 mm,1713 mm,344.49 cm³,1104,1104,1713 mm,1,STR-OUTER STRUCTURES,Wall,,VaCh2-REBAR,2.707669,Standard,16 mm
16 mm,1753 mm,352.37 cm³,1105,1008,1753 mm,1,STR-OUTER STRUCTURES,Wall,,VaCh2-REBAR,2.769599,Standard,16 mm
16 mm,1809 mm,363.64 cm³,1106,1106,1809 mm,1,STR-OUTER STRUCTURES,Wall,,VaCh2-REBAR,2.858223,Standard,16 mm
16 mm,1850 mm,372.05 cm³,1107,1107,1850 mm,1,STR-OUTER STRUCTURES,Wall,,VaCh2-REBAR,2.92431,Standard,16 mm
16 mm,3917 mm,1575.30 cm³,1108,1108,7835 mm,2,STR-OUTER STRUCTURES,Wall,,VaCh2-REBAR,12.381877,Standard,16 mm
16 mm,891 mm,179.18 cm³,1109,1109,891 mm,1,STR-OUTER STRUCTURES,Wall,,VaCh2-REBAR,1.408388,Standard,16 mm
16 mm,879 mm,176.72 cm³,1110,1110,879 mm,1,STR-OUTER STRUCTURES,Wall,,VaCh2-REBAR,1.389046,Standard,16 mm
16 mm,1055 mm,212.09 cm³,1111,1111,1055 mm,1,STR-OUTER STRUCTURES,Wall,,VaCh2-REBAR,1.667002,Standard,16 mm
16 mm,1643 mm,330.42 cm³,1112,1112,1643 mm,1,STR-OUTER STRUCTURES,Wall,,VaCh2-REBAR,2.597111,Standard,16 mm
16 mm,2382 mm,478.97 cm³,1113,1113,2382 mm,1,STR-OUTER STRUCTURES,Wall,,VaCh2-REBAR,3.764702,Standard,16 mm
16 mm,2982 mm,599.61 cm³,1114,1114,2982 mm,1,STR-OUTER STRUCTURES,Wall,,VaCh2-REBAR,4.712931,Standard,16 mm
16 mm,3714 mm,746.69 cm³,1115,1016,3714 mm,1,STR-OUTER STRUCTURES,Wall,,VaCh2-REBAR,5.868964,Standard,16 mm
16 mm,3534 mm,710.58 cm³,1116,1116,3534 mm,1,STR-OUTER STRUCTURES,Wall,,VaCh2-REBAR,5.585188,Standard,16 mm
16 mm,1149 mm,230.96 cm³,1117,1117,1149 mm,1,STR-OUTER STRUCTURES,Wall,,VaCh2-REBAR,1.815326,Standard,16 mm
16 mm,3531 mm,709.96 cm³,1118,1118,3531 mm,1,STR-OUTER STRUCTURES,Wall,,VaCh2-REBAR,5.580286,Standard,16 mm
16 mm,1146 mm,230.33 cm³,1119,1119,1146 mm,1,STR-OUTER STRUCTURES,Wall,,VaCh2-REBAR,1.810425,Standard,16 mm
16 mm,4883 mm,981.81 cm³,1120,1021,4883 mm,1,STR-OUTER STRUCTURES,Wall,,VaCh2-REBAR,7.717056,Standard,16 mm
16 mm,2402 mm,482.89 cm³,1121,1022,2402 mm,1,STR-OUTER STRUCTURES,Wall,,VaCh2-REBAR,3.795544,Standard,16 mm
16 mm,2066 mm,415.44 cm³,1122,1023,2066 mm,1,STR-OUTER STRUCTURES,Wall,,VaCh2-REBAR,3.265386,Standard,16 mm
16 mm,2384 mm,479.33 cm³,1123,1024,2384 mm,1,STR-OUTER STRUCTURES,Wall,,VaCh2-REBAR,3.767545,Standard,16 mm
16 mm,2049 mm,411.88 cm³,1124,1025,2049 mm,1,STR-OUTER STRUCTURES,Wall,,VaCh2-REBAR,3.237387,Standard,16 mm
16 mm,2482 mm,499.01 cm³,1125,1125,2482 mm,1,STR-OUTER STRUCTURES,Wall,,VaCh2-REBAR,3.922255,Standard,16 mm
16 mm,2146 mm,431.56 cm³,1126,1126,2146 mm,1,STR-OUTER STRUCTURES,Wall,,VaCh2-REBAR,3.392098,Standard,16 mm
16 mm,4883 mm,1963.63 cm³,1120,1021,9766 mm,2,STR-OUTER STRUCTURES,Wall,,VaCh2-REBAR,15.434112,Standard,16 mm
16 mm,4587 mm,922.30 cm³,1130,1130,4587 mm,1,STR-OUTER STRUCTURES,Wall,,VaCh2-REBAR,7.249268,Standard,16 mm
16 mm,4587 mm,922.30 cm³,1130,1130,4587 mm,1,STR-OUTER STRUCTURES,Wall,,VaCh2-REBAR,7.249268,Standard,16 mm
16 mm,4587 mm,922.30 cm³,1130,1130,4587 mm,1,STR-OUTER STRUCTURES,Wall,,VaCh2-REBAR,7.249268,Standard,16 mm
16 mm,4587 mm,922.30 cm³,1130,1130,4587 mm,1,STR-OUTER STRUCTURES,Wall,,VaCh2-REBAR,7.249268,Standard,16 mm
16 mm,4587 mm,922.30 cm³,1130,1130,4587 mm,1,STR-OUTER STRUCTURES,Wall,,VaCh2-REBAR,7.249268,Standard,16 mm
16 mm,4587 mm,922.30 cm³,1130,1130,4587 mm,1,STR-OUTER STRUCTURES,Wall,,VaCh2-REBAR,7.249268,Standard,16 mm
16 mm,4587 mm,922.30 cm³,1130,1130,4587 mm,1,STR-OUTER STRUCTURES,Wall,,VaCh2-REBAR,7.249268,Standard,16 mm
16 mm,4883 mm,981.81 cm³,1120,1021,4883 mm,1,STR-OUTER STRUCTURES,Wall,,VaCh2-REBAR,7.717056,Standard,16 mm
16 mm,4883 mm,981.81 cm³,1120,1021,4883 mm,1,STR-OUTER STRUCTURES,Wall,,VaCh2-REBAR,7.717056,Standard,16 mm
16 mm,4883 mm,981.81 cm³,1120,1021,4883 mm,1,STR-OUTER STRUCTURES,Wall,,VaCh2-REBAR,7.717056,Standard,16 mm
16 mm,4883 mm,981.81 cm³,1120,1021,4883 mm,1,STR-OUTER STRUCTURES,Wall,,VaCh2-REBAR,7.717056,Standard,16 mm
16 mm,4883 mm,981.81 cm³,1120,1021,4883 mm,1,STR-OUTER STRUCTURES,Wall,,VaCh2-REBAR,7.717056,Standard,16 mm
16 mm,4883 mm,981.81 cm³,1120,1021,4883 mm,1,STR-OUTER STRUCTURES,Wall,,VaCh2-REBAR,7.717056,Standard,16 mm
16 mm,3893 mm,782.81 cm³,1131,1131,3893 mm,1,STR-OUTER STRUCTURES,Wall,,VaCh2-REBAR,6.152865,Standard,16 mm
16 mm,3893 mm,782.81 cm³,1131,1131,3893 mm,1,STR-OUTER STRUCTURES,Wall,,VaCh2-REBAR,6.152865,Standard,16 mm
16 mm,3893 mm,782.81 cm³,1131,1131,3893 mm,1,STR-OUTER STRUCTURES,Wall,,VaCh2-REBAR,6.152865,Standard,16 mm
16 mm,3893 mm,782.81 cm³,3321,3294,3893 mm,1,STR-OUTER STRUCTURES,Wall,,VaCh2-REBAR,6.152865,Standard,64 mm
16 mm,3893 mm,782.81 cm³,3321,3294,3893 mm,1,STR-OUTER STRUCTURES,Wall,,VaCh2-REBAR,6.152865,Standard,64 mm
16 mm,3893 mm,782.81 cm³,3321,3294,3893 mm,1,STR-OUTER STRUCTURES,Wall,,VaCh2-REBAR,6.152865,Standard,64 mm
16 mm,3893 mm,782.81 cm³,3321,3294,3893 mm,1,STR-OUTER STRUCTURES,Wall,,VaCh2-REBAR,6.152865,Standard,64 mm
16 mm,3893 mm,782.81 cm³,3321,3294,3893 mm,1,STR-OUTER STRUCTURES,Wall,,VaCh2-REBAR,6.152865,Standard,64 mm
16 mm,3893 mm,782.81 cm³,3321,3294,3893 mm,1,STR-OUTER STRUCTURES,Wall,,VaCh2-REBAR,6.152865,Standard,64 mm
16 mm,3893 mm,782.81 cm³,3321,3294,3893 mm,1,STR-OUTER STRUCTURES,Wall,,VaCh2-REBAR,6.152865,Standard,64 mm
16 mm,3893 mm,782.81 cm³,3321,3294,3893 mm,1,STR-OUTER STRUCTURES,Wall,,VaCh2-REBAR,6.152865,Standard,64 mm
16 mm,3893 mm,782.81 cm³,3321,3294,3893 mm,1,STR-OUTER STRUCTURES,Wall,,VaCh2-REBAR,6.152865,Standard,64 mm
16 mm,3893 mm,782.81 cm³,3321,3294,3893 mm,1,STR-OUTER STRUCTURES,Wall,,VaCh2-REBAR,6.152865,Standard,64 mm
16 mm,4860 mm,977.12 cm³,3320,3295,4860 mm,1,STR-OUTER STRUCTURES,Wall,,VaCh2-REBAR,7.680156,Standard,64 mm
16 mm,4860 mm,977.12 cm³,3320,3295,4860 mm,1,STR-OUTER STRUCTURES,Wall,,VaCh2-REBAR,7.680156,Standard,64 mm
16 mm,4860 mm,977.12 cm³,3320,3295,4860 mm,1,STR-OUTER STRUCTURES,Wall,,VaCh2-REBAR,7.680156,Standard,64 mm
16 mm,4860 mm,977.12 cm³,3320,3295,4860 mm,1,STR-OUTER STRUCTURES,Wall,,VaCh2-REBAR,7.680156,Standard,64 mm
16 mm,4860 mm,977.12 cm³,3320,3295,4860 mm,1,STR-OUTER STRUCTURES,Wall,,VaCh2-REBAR,7.680156,Standard,64 mm
16 mm,4860 mm,977.12 cm³,3320,3295,4860 mm,1,STR-OUTER STRUCTURES,Wall,,VaCh2-REBAR,7.680156,Standard,64 mm
16 mm,4860 mm,977.12 cm³,3320,3295,4860 mm,1,STR-OUTER STRUCTURES,Wall,,VaCh2-REBAR,7.680156,Standard,64 mm
16 mm,4576 mm,920.05 cm³,3322,3296,4576 mm,1,STR-OUTER STRUCTURES,Wall,,VaCh2-REBAR,7.231603,Standard,64 mm
16 mm,4576 mm,920.05 cm³,3322,3296,4576 mm,1,STR-OUTER STRUCTURES,Wall,,VaCh2-REBAR,7.231603,Standard,64 mm
16 mm,4576 mm,920.05 cm³,3322,3296,4576 mm,1,STR-OUTER STRUCTURES,Wall,,VaCh2-REBAR,7.231603,Standard,64 mm
16 mm,4576 mm,920.05 cm³,3322,3296,4576 mm,1,STR-OUTER STRUCTURES,Wall,,VaCh2-REBAR,7.231603,Standard,64 mm
16 mm,4576 mm,920.05 cm³,3322,3296,4576 mm,1,STR-OUTER STRUCTURES,Wall,,VaCh2-REBAR,7.231603,Standard,64 mm
16 mm,4576 mm,920.05 cm³,3322,3296,4576 mm,1,STR-OUTER STRUCTURES,Wall,,VaCh2-REBAR,7.231603,Standard,64 mm
16 mm,1367 mm,4397.09 cm³,1134,1134,21869 mm,16,STR-OUTER STRUCTURES,Wall,,VaCh2-REBAR,34.561093,Standard,64 mm
16 mm,1367 mm,4397.09 cm³,1134,1134,21869 mm,16,STR-OUTER STRUCTURES,Wall,,VaCh2-REBAR,34.561093,Standard,64 mm
16 mm,700 mm,281.49 cm³,1135,1135,1400 mm,2,STR-OUTER STRUCTURES,Wall,,VaCh2-REBAR,2.212485,Standard,64 mm
16 mm,700 mm,281.49 cm³,1135,1135,1400 mm,2,STR-OUTER STRUCTURES,Wall,,VaCh2-REBAR,2.212485,Standard,64 mm
16 mm,700 mm,281.49 cm³,1135,1135,1400 mm,2,STR-OUTER STRUCTURES,Wall,,VaCh2-REBAR,2.212485,Standard,64 mm
16 mm,700 mm,281.49 cm³,1135,1135,1400 mm,2,STR-OUTER STRUCTURES,Wall,,VaCh2-REBAR,2.212485,Standard,64 mm
16 mm,500 mm,201.06 cm³,1136,1136,1000 mm,2,STR-OUTER STRUCTURES,Wall,,VaCh2-REBAR,1.580347,Standard,64 mm
16 mm,500 mm,201.06 cm³,1136,1136,1000 mm,2,STR-OUTER STRUCTURES,Wall,,VaCh2-REBAR,1.580347,Standard,64 mm
16 mm,519 mm,208.71 cm³,1137,1137,1038 mm,2,STR-OUTER STRUCTURES,Wall,,VaCh2-REBAR,1.640499,Standard,64 mm
16 mm,519 mm,208.71 cm³,1137,1137,1038 mm,2,STR-OUTER STRUCTURES,Wall,,VaCh2-REBAR,1.640499,Standard,64 mm
16 mm,700 mm,281.49 cm³,1135,1135,1400 mm,2,STR-OUTER STRUCTURES,Wall,,VaCh2-REBAR,2.212485,Standard,64 mm
16 mm,700 mm,281.49 cm³,1135,1135,1400 mm,2,STR-OUTER STRUCTURES,Wall,,VaCh2-REBAR,2.212485,Standard,64 mm
16 mm,700 mm,281.49 cm³,1135,1135,1400 mm,2,STR-OUTER STRUCTURES,Wall,,VaCh2-REBAR,2.212485,Standard,64 mm
16 mm,700 mm,281.49 cm³,1135,1135,1400 mm,2,STR-OUTER STRUCTURES,Wall,,VaCh2-REBAR,2.212485,Standard,64 mm
16 mm,500 mm,201.06 cm³,1136,1136,1000 mm,2,STR-OUTER STRUCTURES,Wall,,VaCh2-REBAR,1.580347,Standard,64 mm
16 mm,500 mm,201.06 cm³,1136,1136,1000 mm,2,STR-OUTER STRUCTURES,Wall,,VaCh2-REBAR,1.580347,Standard,64 mm
16 mm,500 mm,201.06 cm³,1136,1136,1000 mm,2,STR-OUTER STRUCTURES,Wall,,VaCh2-REBAR,1.580347,Standard,64 mm
16 mm,500 mm,201.06 cm³,1136,1136,1000 mm,2,STR-OUTER STRUCTURES,Wall,,VaCh2-REBAR,1.580347,Standard,64 mm
16 mm,700 mm,281.49 cm³,1135,1135,1400 mm,2,STR-OUTER STRUCTURES,Wall,,VaCh2-REBAR,2.212485,Standard,64 mm
16 mm,700 mm,281.49 cm³,1135,1135,1400 mm,2,STR-OUTER STRUCTURES,Wall,,VaCh2-REBAR,2.212485,Standard,64 mm
16 mm,700 mm,281.49 cm³,1135,1135,1400 mm,2,STR-OUTER STRUCTURES,Wall,,VaCh2-REBAR,2.212485,Standard,64 mm
16 mm,700 mm,281.49 cm³,1135,1135,1400 mm,2,STR-OUTER STRUCTURES,Wall,,VaCh2-REBAR,2.212485,Standard,64 mm
16 mm,500 mm,201.06 cm³,1136,1136,1000 mm,2,STR-OUTER STRUCTURES,Wall,,VaCh2-REBAR,1.580347,Standard,64 mm
16 mm,500 mm,201.06 cm³,1136,1136,1000 mm,2,STR-OUTER STRUCTURES,Wall,,VaCh2-REBAR,1.580347,Standard,64 mm
16 mm,500 mm,201.06 cm³,1136,1136,1000 mm,2,STR-OUTER STRUCTURES,Wall,,VaCh2-REBAR,1.580347,Standard,64 mm
16 mm,500 mm,201.06 cm³,1136,1136,1000 mm,2,STR-OUTER STRUCTURES,Wall,,VaCh2-REBAR,1.580347,Standard,64 mm
16 mm,2225 mm,447.29 cm³,1138,1138,2225 mm,1,STR-OUTER STRUCTURES,Wall,,VaCh2-REBAR,3.515698,Standard,64 mm
16 mm,2203 mm,442.89 cm³,1139,1139,2203 mm,1,STR-OUTER STRUCTURES,Wall,,VaCh2-REBAR,3.481144,Standard,64 mm
16 mm,,372.82 cm³,,,1854 mm,2,STR-OUTER STRUCTURES,Wall,,VaCh2-REBAR,2.930382,Standard,16 mm
16 mm,,299.28 cm³,,,1488 mm,1,STR-OUTER STRUCTURES,Wall,,VaCh2-REBAR,2.352331,Standard,16 mm
16 mm,,307.83 cm³,,,1531 mm,1,STR-OUTER STRUCTURES,Wall,,VaCh2-REBAR,2.419521,Standard,16 mm
16 mm,,450.97 cm³,,,2243 mm,1,STR-OUTER STRUCTURES,Wall,,VaCh2-REBAR,3.54462,Standard,16 mm
16 mm,,456.39 cm³,,,2270 mm,1,STR-OUTER STRUCTURES,Wall,,VaCh2-REBAR,3.587204,Standard,16 mm
16 mm,,461.81 cm³,,,2297 mm,1,STR-OUTER STRUCTURES,Wall,,VaCh2-REBAR,3.629787,Standard,16 mm
16 mm,,467.22 cm³,,,2324 mm,1,STR-OUTER STRUCTURES,Wall,,VaCh2-REBAR,3.672371,Standard,16 mm
16 mm,,472.64 cm³,,,2351 mm,1,STR-OUTER STRUCTURES,Wall,,VaCh2-REBAR,3.714955,Standard,16 mm
16 mm,,478.06 cm³,,,2378 mm,1,STR-OUTER STRUCTURES,Wall,,VaCh2-REBAR,3.757539,Standard,16 mm
16 mm,,379.25 cm³,,,1886 mm,1,STR-OUTER STRUCTURES,Wall,,VaCh2-REBAR,2.980909,Standard,16 mm
16 mm,,350.77 cm³,,,1745 mm,1,STR-OUTER STRUCTURES,Wall,,VaCh2-REBAR,2.757086,Standard,16 mm
16 mm,,354.19 cm³,,,1762 mm,1,STR-OUTER STRUCTURES,Wall,,VaCh2-REBAR,2.783919,Standard,16 mm
16 mm,,579.58 cm³,,,2883 mm,1,STR-OUTER STRUCTURES,Wall,,VaCh2-REBAR,4.555535,Standard,16 mm
16 mm,,582.20 cm³,,,2896 mm,1,STR-OUTER STRUCTURES,Wall,,VaCh2-REBAR,4.576114,Standard,16 mm
16 mm,,386.17 cm³,,,1921 mm,1,STR-OUTER STRUCTURES,Wall,,VaCh2-REBAR,3.03529,Standard,16 mm
16 mm,,358.17 cm³,,,1781 mm,1,STR-OUTER STRUCTURES,Wall,,VaCh2-REBAR,2.815218,Standard,16 mm
16 mm,,362.38 cm³,,,1802 mm,1,STR-OUTER STRUCTURES,Wall,,VaCh2-REBAR,2.84831,Standard,16 mm
16 mm,,178.48 cm³,,,888 mm,1,STR-OUTER STRUCTURES,Wall,,VaCh2-REBAR,1.402875,Standard,16 mm
16 mm,,179.55 cm³,,,893 mm,1,STR-OUTER STRUCTURES,Wall,,VaCh2-REBAR,1.411231,Standard,16 mm
16 mm,966 mm,194.27 cm³,3323,3297,966 mm,1,STR-OUTER STRUCTURES,Wall,,VaCh2-REBAR,1.526974,Standard,64 mm
16 mm,1705 mm,342.85 cm³,1152,1152,1705 mm,1,STR-OUTER STRUCTURES,Wall,,VaCh2-REBAR,2.694774,Standard,64 mm
16 mm,2305 mm,463.48 cm³,1153,1153,2305 mm,1,STR-OUTER STRUCTURES,Wall,,VaCh2-REBAR,3.642973,Standard,64 mm
16 mm,3026 mm,608.39 cm³,1154,1154,3026 mm,1,STR-OUTER STRUCTURES,Wall,,VaCh2-REBAR,4.781982,Standard,64 mm
16 mm,881 mm,177.11 cm³,3324,3298,881 mm,1,STR-OUTER STRUCTURES,Wall,,VaCh2-REBAR,1.392109,Standard,64 mm
16 mm,869 mm,174.65 cm³,3325,3299,869 mm,1,STR-OUTER STRUCTURES,Wall,,VaCh2-REBAR,1.372767,Standard,64 mm
16 mm,,299.28 cm³,,,1488 mm,1,STR-OUTER STRUCTURES,Wall,,VaCh2-REBAR,2.352331,Standard,16 mm
16 mm,,307.83 cm³,,,1531 mm,1,STR-OUTER STRUCTURES,Wall,,VaCh2-REBAR,2.419521,Standard,16 mm
16 mm,,6030.92 cm³,,,29995 mm,10,STR-OUTER STRUCTURES,Wall,,VaCh2-REBAR,47.403021,Standard,16 mm
16 mm,,6030.92 cm³,,,29995 mm,10,STR-OUTER STRUCTURES,Wall,,VaCh2-REBAR,47.403019,Standard,16 mm
16 mm,,6030.92 cm³,,,29995 mm,10,STR-OUTER STRUCTURES,Wall,,VaCh2-REBAR,47.403019,Standard,16 mm
16 mm,,3015.46 cm³,,,14998 mm,5,STR-OUTER STRUCTURES,Wall,,VaCh2-REBAR,23.701509,Standard,16 mm
16 mm,,372.82 cm³,,,1854 mm,2,STR-OUTER STRUCTURES,Wall,,VaCh2-REBAR,2.930382,Standard,16 mm
16 mm,,3015.46 cm³,,,14998 mm,5,STR-OUTER STRUCTURES,Wall,,VaCh2-REBAR,23.701509,Standard,16 mm
16 mm,2205 mm,443.35 cm³,1155,1155,2205 mm,1,STR-OUTER STRUCTURES,Wall,,VaCh2-REBAR,3.484749,Standard,64 mm
16 mm,,299.28 cm³,,,1488 mm,1,STR-OUTER STRUCTURES,Structural Foundation,,VaCh2-REBAR,2.352331,Standard,16 mm
16 mm,,307.83 cm³,,,1531 mm,1,STR-OUTER STRUCTURES,Structural Foundation,,VaCh2-REBAR,2.419521,Standard,16 mm
16 mm,,299.28 cm³,,,1488 mm,1,STR-OUTER STRUCTURES,Structural Foundation,,VaCh2-REBAR,2.352331,Standard,16 mm
16 mm,,307.83 cm³,,,1531 mm,1,STR-OUTER STRUCTURES,Structural Foundation,,VaCh2-REBAR,2.419521,Standard,16 mm
16 mm,,3015.46 cm³,,,14998 mm,5,STR-OUTER STRUCTURES,Structural Foundation,,VaCh2-REBAR,23.701509,Standard,16 mm
16 mm,,3015.46 cm³,,204,14998 mm,5,STR-OUTER STRUCTURES,Structural Foundation,,VaCh2-REBAR,23.701509,Standard,16 mm
16 mm,2147 mm,431.59 cm³,1163,1163,2147 mm,1,STR-OUTER STRUCTURES,Structural Foundation,,VaCh2-REBAR,3.39226,Standard,64 mm
16 mm,2173 mm,437.00 cm³,1164,1164,2173 mm,1,STR-OUTER STRUCTURES,Structural Foundation,,VaCh2-REBAR,3.434844,Standard,64 mm
16 mm,2165 mm,435.20 cm³,1165,1165,2165 mm,1,STR-OUTER STRUCTURES,Structural Foundation,,VaCh2-REBAR,3.420706,Standard,64 mm
16 mm,2191 mm,440.62 cm³,1166,1166,2191 mm,1,STR-OUTER STRUCTURES,Structural Foundation,,VaCh2-REBAR,3.46329,Standard,64 mm
16 mm,2188 mm,439.98 cm³,1176,1176,2188 mm,1,STR-OUTER STRUCTURES,Wall,,VaCh2-REBAR,3.458272,Standard,64 mm
16 mm,,444.26 cm³,,,2210 mm,1,STR-OUTER STRUCTURES,Wall,,VaCh2-REBAR,3.49186,Standard,16 mm
16 mm,,445.16 cm³,,,2214 mm,1,STR-OUTER STRUCTURES,Wall,,VaCh2-REBAR,3.498939,Standard,16 mm
16 mm,,446.06 cm³,,,2219 mm,1,STR-OUTER STRUCTURES,Wall,,VaCh2-REBAR,3.506019,Standard,16 mm
16 mm,,446.96 cm³,,,2223 mm,1,STR-OUTER STRUCTURES,Wall,,VaCh2-REBAR,3.513099,Standard,16 mm
16 mm,,447.86 cm³,,,2227 mm,1,STR-OUTER STRUCTURES,Wall,,VaCh2-REBAR,3.520179,Standard,16 mm
16 mm,,445.87 cm³,,,2218 mm,1,STR-OUTER STRUCTURES,Wall,,VaCh2-REBAR,3.504502,Standard,16 mm
16 mm,,446.77 cm³,,,2222 mm,1,STR-OUTER STRUCTURES,Wall,,VaCh2-REBAR,3.511582,Standard,16 mm
16 mm,,447.67 cm³,,,2227 mm,1,STR-OUTER STRUCTURES,Wall,,VaCh2-REBAR,3.518662,Standard,16 mm
16 mm,,448.57 cm³,,,2231 mm,1,STR-OUTER STRUCTURES,Wall,,VaCh2-REBAR,3.525742,Standard,16 mm
16 mm,,449.47 cm³,,,2235 mm,1,STR-OUTER STRUCTURES,Wall,,VaCh2-REBAR,3.532822,Standard,16 mm
16 mm,,555.43 cm³,,,2762 mm,1,STR-OUTER STRUCTURES,Wall,,VaCh2-REBAR,4.365675,Standard,16 mm
16 mm,,565.11 cm³,,,2811 mm,1,STR-OUTER STRUCTURES,Wall,,VaCh2-REBAR,4.441803,Standard,16 mm
16 mm,,555.43 cm³,,,2762 mm,1,STR-OUTER STRUCTURES,Wall,,VaCh2-REBAR,4.365675,Standard,16 mm
16 mm,,565.11 cm³,,,2811 mm,1,STR-OUTER STRUCTURES,Wall,,VaCh2-REBAR,4.441803,Standard,16 mm
16 mm,2197 mm,441.74 cm³,1177,1177,2197 mm,1,STR-OUTER STRUCTURES,Wall,,VaCh2-REBAR,3.472091,Standard,64 mm
16 mm,2200 mm,442.35 cm³,1178,1178,2200 mm,1,STR-OUTER STRUCTURES,Wall,,VaCh2-REBAR,3.476896,Standard,64 mm
16 mm,2203 mm,442.99 cm³,1179,1179,2203 mm,1,STR-OUTER STRUCTURES,Wall,,VaCh2-REBAR,3.48187,Standard,64 mm
16 mm,2206 mm,443.61 cm³,1180,1180,2206 mm,1,STR-OUTER STRUCTURES,Wall,,VaCh2-REBAR,3.486759,Standard,64 mm
16 mm,2209 mm,444.23 cm³,1181,1181,2209 mm,1,STR-OUTER STRUCTURES,Wall,,VaCh2-REBAR,3.491649,Standard,64 mm
16 mm,2212 mm,444.71 cm³,1182,1182,2212 mm,1,STR-OUTER STRUCTURES,Wall,,VaCh2-REBAR,3.495399,Standard,64 mm
16 mm,2208 mm,443.97 cm³,1183,1183,2208 mm,1,STR-OUTER STRUCTURES,Wall,,VaCh2-REBAR,3.489623,Standard,64 mm
16 mm,2211 mm,444.59 cm³,1184,1184,2211 mm,1,STR-OUTER STRUCTURES,Wall,,VaCh2-REBAR,3.494493,Standard,64 mm
16 mm,2214 mm,445.22 cm³,1185,1185,2214 mm,1,STR-OUTER STRUCTURES,Wall,,VaCh2-REBAR,3.499442,Standard,64 mm
16 mm,2217 mm,445.84 cm³,1186,1186,2217 mm,1,STR-OUTER STRUCTURES,Wall,,VaCh2-REBAR,3.504292,Standard,64 mm
16 mm,2221 mm,446.46 cm³,1187,1187,2221 mm,1,STR-OUTER STRUCTURES,Wall,,VaCh2-REBAR,3.509181,Standard,64 mm
16 mm,2149 mm,432.12 cm³,1188,1188,2149 mm,1,STR-OUTER STRUCTURES,Wall,,VaCh2-REBAR,3.396434,Standard,64 mm
16 mm,2197 mm,441.80 cm³,1189,1189,2197 mm,1,STR-OUTER STRUCTURES,Wall,,VaCh2-REBAR,3.472549,Standard,64 mm
16 mm,2705 mm,543.91 cm³,1190,1190,2705 mm,1,STR-OUTER STRUCTURES,Wall,,VaCh2-REBAR,4.275129,Standard,64 mm
16 mm,2747 mm,552.41 cm³,1191,1191,2747 mm,1,STR-OUTER STRUCTURES,Wall,,VaCh2-REBAR,4.341945,Standard,64 mm
16 mm,2705 mm,543.91 cm³,1190,1190,2705 mm,1,STR-OUTER STRUCTURES,Wall,,VaCh2-REBAR,4.275129,Standard,64 mm
16 mm,2747 mm,552.41 cm³,1191,1191,2747 mm,1,STR-OUTER STRUCTURES,Wall,,VaCh2-REBAR,4.341945,Standard,64 mm
16 mm,2187 mm,439.68 cm³,1192,1192,2187 mm,1,STR-OUTER STRUCTURES,Wall,,VaCh2-REBAR,3.455886,Standard,64 mm
16 mm,2250 mm,452.36 cm³,1193,1193,2250 mm,1,STR-OUTER STRUCTURES,Wall,,VaCh2-REBAR,3.555568,Standard,64 mm
16 mm,,6030.92 cm³,,,29995 mm,10,STR-OUTER STRUCTURES,Wall,,VaCh2-REBAR,47.403019,Standard,16 mm
16 mm,,603.11 cm³,,,3000 mm,1,STR-OUTER STRUCTURES,Wall,,VaCh2-REBAR,4.74046,Standard,16 mm
16 mm,,603.11 cm³,,,3000 mm,1,STR-OUTER STRUCTURES,Wall,,VaCh2-REBAR,4.74046,Standard,16 mm
16 mm,,603.11 cm³,,,3000 mm,1,STR-OUTER STRUCTURES,Wall,,VaCh2-REBAR,4.74046,Standard,16 mm
16 mm,,603.11 cm³,,,3000 mm,1,STR-OUTER STRUCTURES,Wall,,VaCh2-REBAR,4.74046,Standard,16 mm
16 mm,,603.11 cm³,,,3000 mm,1,STR-OUTER STRUCTURES,Wall,,VaCh2-REBAR,4.74046,Standard,16 mm
16 mm,,603.11 cm³,,,3000 mm,1,STR-OUTER STRUCTURES,Wall,,VaCh2-REBAR,4.74046,Standard,16 mm
16 mm,,603.11 cm³,,,3000 mm,1,STR-OUTER STRUCTURES,Wall,,VaCh2-REBAR,4.74046,Standard,16 mm
16 mm,,603.11 cm³,,,3000 mm,1,STR-OUTER STRUCTURES,Wall,,VaCh2-REBAR,4.74046,Standard,16 mm
16 mm,,603.11 cm³,,,3000 mm,1,STR-OUTER STRUCTURES,Wall,,VaCh2-REBAR,4.74046,Standard,16 mm
16 mm,,603.11 cm³,,,3000 mm,1,STR-OUTER STRUCTURES,Wall,,VaCh2-REBAR,4.74046,Standard,16 mm
16 mm,,603.11 cm³,,,3000 mm,1,STR-OUTER STRUCTURES,Wall,,VaCh2-REBAR,4.74046,Standard,16 mm
16 mm,,603.11 cm³,,,3000 mm,1,STR-OUTER STRUCTURES,Wall,,VaCh2-REBAR,4.74046,Standard,16 mm
16 mm,,603.11 cm³,,,3000 mm,1,STR-OUTER STRUCTURES,Wall,,VaCh2-REBAR,4.74046,Standard,16 mm
16 mm,,603.11 cm³,,,3000 mm,1,STR-OUTER STRUCTURES,Wall,,VaCh2-REBAR,4.74046,Standard,16 mm
16 mm,,603.11 cm³,,,3000 mm,1,STR-OUTER STRUCTURES,Wall,,VaCh2-REBAR,4.74046,Standard,16 mm
16 mm,,603.11 cm³,,,3000 mm,1,STR-OUTER STRUCTURES,Wall,,VaCh2-REBAR,4.74046,Standard,16 mm
16 mm,,603.11 cm³,,,3000 mm,1,STR-OUTER STRUCTURES,Wall,,VaCh2-REBAR,4.74046,Standard,16 mm
16 mm,,603.11 cm³,,,3000 mm,1,STR-OUTER STRUCTURES,Wall,,VaCh2-REBAR,4.74046,Standard,16 mm
16 mm,,603.11 cm³,,,3000 mm,1,STR-OUTER STRUCTURES,Wall,,VaCh2-REBAR,4.74046,Standard,16 mm
16 mm,,603.11 cm³,,,3000 mm,1,STR-OUTER STRUCTURES,Wall,,VaCh2-REBAR,4.74046,Standard,16 mm
16 mm,,603.11 cm³,,,3000 mm,1,STR-OUTER STRUCTURES,Wall,,VaCh2-REBAR,4.74046,Standard,16 mm
16 mm,,603.11 cm³,,,3000 mm,1,STR-OUTER STRUCTURES,Wall,,VaCh2-REBAR,4.74046,Standard,16 mm
16 mm,,603.11 cm³,,,3000 mm,1,STR-OUTER STRUCTURES,Wall,,VaCh2-REBAR,4.74046,Standard,16 mm
16 mm,,603.11 cm³,,,3000 mm,1,STR-OUTER STRUCTURES,Wall,,VaCh2-REBAR,4.74046,Standard,16 mm
16 mm,,603.11 cm³,,,3000 mm,1,STR-OUTER STRUCTURES,Wall,,VaCh2-REBAR,4.74046,Standard,16 mm
16 mm,,603.11 cm³,,,3000 mm,1,STR-OUTER STRUCTURES,Wall,,VaCh2-REBAR,4.74046,Standard,16 mm
16 mm,,603.11 cm³,,,3000 mm,1,STR-OUTER STRUCTURES,Wall,,VaCh2-REBAR,4.74046,Standard,16 mm
16 mm,,603.11 cm³,,,3000 mm,1,STR-OUTER STRUCTURES,Wall,,VaCh2-REBAR,4.74046,Standard,16 mm
16 mm,,603.11 cm³,,,3000 mm,1,STR-OUTER STRUCTURES,Wall,,VaCh2-REBAR,4.74046,Standard,16 mm
16 mm,,603.11 cm³,,,3000 mm,1,STR-OUTER STRUCTURES,Wall,,VaCh2-REBAR,4.74046,Standard,16 mm
16 mm,,603.11 cm³,,,3000 mm,1,STR-OUTER STRUCTURES,Wall,,VaCh2-REBAR,4.74046,Standard,16 mm
16 mm,,603.11 cm³,,,3000 mm,1,STR-OUTER STRUCTURES,Wall,,VaCh2-REBAR,4.74046,Standard,16 mm
16 mm,,603.11 cm³,,,3000 mm,1,STR-OUTER STRUCTURES,Wall,,VaCh2-REBAR,4.74046,Standard,16 mm
16 mm,,603.11 cm³,,,3000 mm,1,STR-OUTER STRUCTURES,Wall,,VaCh2-REBAR,4.74046,Standard,16 mm
16 mm,,603.11 cm³,,,3000 mm,1,STR-OUTER STRUCTURES,Wall,,VaCh2-REBAR,4.74046,Standard,16 mm
16 mm,,603.11 cm³,,,3000 mm,1,STR-OUTER STRUCTURES,Wall,,VaCh2-REBAR,4.74046,Standard,16 mm
16 mm,,603.11 cm³,,,3000 mm,1,STR-OUTER STRUCTURES,Wall,,VaCh2-REBAR,4.74046,Standard,16 mm
16 mm,,603.11 cm³,,,3000 mm,1,STR-OUTER STRUCTURES,Wall,,VaCh2-REBAR,4.74046,Standard,16 mm
16 mm,,603.11 cm³,,,3000 mm,1,STR-OUTER STRUCTURES,Wall,,VaCh2-REBAR,4.74046,Standard,16 mm
16 mm,,603.11 cm³,,,3000 mm,1,STR-OUTER STRUCTURES,Wall,,VaCh2-REBAR,4.74046,Standard,16 mm
16 mm,,402.17 cm³,,,2000 mm,1,STR-OUTER STRUCTURES,Wall,,VaCh2-REBAR,3.161061,Standard,16 mm
16 mm,,402.17 cm³,,,2000 mm,1,STR-OUTER STRUCTURES,Wall,,VaCh2-REBAR,3.161061,Standard,16 mm
16 mm,,402.17 cm³,,,2000 mm,1,STR-OUTER STRUCTURES,Wall,,VaCh2-REBAR,3.161061,Standard,16 mm
16 mm,,402.17 cm³,,,2000 mm,1,STR-OUTER STRUCTURES,Wall,,VaCh2-REBAR,3.161061,Standard,16 mm
16 mm,,402.17 cm³,,,2000 mm,1,STR-OUTER STRUCTURES,Wall,,VaCh2-REBAR,3.161061,Standard,16 mm
16 mm,,402.17 cm³,,,2000 mm,1,STR-OUTER STRUCTURES,Wall,,VaCh2-REBAR,3.161061,Standard,16 mm
16 mm,,402.17 cm³,,,2000 mm,1,STR-OUTER STRUCTURES,Wall,,VaCh2-REBAR,3.161061,Standard,16 mm
16 mm,,402.17 cm³,,,2000 mm,1,STR-OUTER STRUCTURES,Wall,,VaCh2-REBAR,3.161061,Standard,16 mm
16 mm,,402.17 cm³,,,2000 mm,1,STR-OUTER STRUCTURES,Wall,,VaCh2-REBAR,3.161061,Standard,16 mm
16 mm,,402.17 cm³,,,2000 mm,1,STR-OUTER STRUCTURES,Wall,,VaCh2-REBAR,3.161061,Standard,16 mm
16 mm,,402.17 cm³,,,2000 mm,1,STR-OUTER STRUCTURES,Wall,,VaCh2-REBAR,3.161061,Standard,16 mm
16 mm,,402.17 cm³,,,2000 mm,1,STR-OUTER STRUCTURES,Wall,,VaCh2-REBAR,3.161061,Standard,16 mm
16 mm,,402.17 cm³,,,2000 mm,1,STR-OUTER STRUCTURES,Wall,,VaCh2-REBAR,3.161061,Standard,16 mm
16 mm,,402.17 cm³,,,2000 mm,1,STR-OUTER STRUCTURES,Wall,,VaCh2-REBAR,3.161061,Standard,16 mm
16 mm,,402.17 cm³,,,2000 mm,1,STR-OUTER STRUCTURES,Wall,,VaCh2-REBAR,3.161061,Standard,16 mm
16 mm,,402.17 cm³,,,2000 mm,1,STR-OUTER STRUCTURES,Wall,,VaCh2-REBAR,3.161061,Standard,16 mm
16 mm,,402.17 cm³,,,2000 mm,1,STR-OUTER STRUCTURES,Wall,,VaCh2-REBAR,3.161061,Standard,16 mm
16 mm,,402.17 cm³,,,2000 mm,1,STR-OUTER STRUCTURES,Wall,,VaCh2-REBAR,3.161061,Standard,16 mm
16 mm,,402.17 cm³,,,2000 mm,1,STR-OUTER STRUCTURES,Wall,,VaCh2-REBAR,3.161061,Standard,16 mm
16 mm,,402.17 cm³,,,2000 mm,1,STR-OUTER STRUCTURES,Wall,,VaCh2-REBAR,3.161061,Standard,16 mm
16 mm,,454.78 cm³,,,2262 mm,1,STR-OUTER STRUCTURES,Wall,,VaCh2-REBAR,3.574561,Standard,16 mm
16 mm,,460.20 cm³,,,2289 mm,1,STR-OUTER STRUCTURES,Wall,,VaCh2-REBAR,3.617145,Standard,16 mm
16 mm,,465.61 cm³,,,2316 mm,1,STR-OUTER STRUCTURES,Wall,,VaCh2-REBAR,3.659728,Standard,16 mm
16 mm,,471.03 cm³,,,2343 mm,1,STR-OUTER STRUCTURES,Wall,,VaCh2-REBAR,3.702312,Standard,16 mm
16 mm,,476.45 cm³,,,2370 mm,1,STR-OUTER STRUCTURES,Wall,,VaCh2-REBAR,3.744896,Standard,16 mm
16 mm,,450.97 cm³,,,2243 mm,1,STR-OUTER STRUCTURES,Structural Foundation,,VaCh2-REBAR,3.54462,Standard,16 mm
16 mm,,456.39 cm³,,,2270 mm,1,STR-OUTER STRUCTURES,Structural Foundation,,VaCh2-REBAR,3.587204,Standard,16 mm
16 mm,,472.64 cm³,,,2351 mm,1,STR-OUTER STRUCTURES,Structural Foundation,,VaCh2-REBAR,3.714955,Standard,16 mm
16 mm,,478.06 cm³,,,2378 mm,1,STR-OUTER STRUCTURES,Structural Foundation,,VaCh2-REBAR,3.757539,Standard,16 mm
16 mm,,449.36 cm³,,,2235 mm,1,STR-OUTER STRUCTURES,Structural Foundation,,VaCh2-REBAR,3.531977,Standard,16 mm
16 mm,,454.78 cm³,,,2262 mm,1,STR-OUTER STRUCTURES,Structural Foundation,,VaCh2-REBAR,3.574561,Standard,16 mm
16 mm,,471.03 cm³,,,2343 mm,1,STR-OUTER STRUCTURES,Structural Foundation,,VaCh2-REBAR,3.702312,Standard,16 mm
16 mm,,476.45 cm³,,,2370 mm,1,STR-OUTER STRUCTURES,Structural Foundation,,VaCh2-REBAR,3.744896,Standard,16 mm
16 mm,,1120.00 cm³,,409,5570 mm,2,STR-OUTER STRUCTURES,Wall,,VaCh2-REBAR,8.803204,Standard,16 mm
16 mm,,1112.38 cm³,,,5533 mm,2,STR-OUTER STRUCTURES,Wall,,VaCh2-REBAR,8.743317,Standard,16 mm
16 mm,,16260.17 cm³,,,80871 mm,28,STR-OUTER STRUCTURES,Wall,,VaCh2-REBAR,127.804909,Standard,16 mm
16 mm,2190 mm,440.42 cm³,1197,1197,2190 mm,1,STR-OUTER STRUCTURES,Wall,,VaCh2-REBAR,3.461733,Standard,64 mm
16 mm,2264 mm,455.29 cm³,1198,1097,2264 mm,1,STR-OUTER STRUCTURES,Wall,,VaCh2-REBAR,3.578587,Standard,64 mm
16 mm,2190 mm,440.42 cm³,1197,1197,2190 mm,1,STR-OUTER STRUCTURES,Wall,,VaCh2-REBAR,3.461733,Standard,64 mm
16 mm,2264 mm,455.29 cm³,1198,1097,2264 mm,1,STR-OUTER STRUCTURES,Wall,,VaCh2-REBAR,3.578587,Standard,64 mm
16 mm,,16350.24 cm³,,495,81319 mm,28,STR-OUTER STRUCTURES,Wall,,VaCh2-REBAR,128.512904,Standard,16 mm
16 mm,8260 mm,3321.62 cm³,1211,1211,16520 mm,2,STR-Model,Floor,,SOG-Mesh Bottom X,26.107961,Standard,64 mm
16 mm,8060 mm,3241.20 cm³,1212,1212,16120 mm,2,STR-Model,Floor,,SOG-Mesh Bottom X,25.475822,Standard,64 mm
16 mm,12001 mm,65148.58 cm³,2206,2206,324022 mm,27,STR-Model,Floor,,SOG-Mesh Bottom X,512.067848,Standard,64 mm
16 mm,10904 mm,6576.94 cm³,2198,2042,32711 mm,3,STR-Model,Floor,,SOG-Mesh Bottom X,51.694709,Standard,64 mm
16 mm,11294 mm,6812.18 cm³,1265,1265,33881 mm,3,STR-Model,Floor,,SOG-Mesh Bottom X,53.543715,Standard,64 mm
16 mm,3000 mm,7841.58 cm³,1238,1238,39001 mm,13,STR-Model,Floor,,SOG-Mesh Bottom X,61.634833,Standard,64 mm
16 mm,2400 mm,482.57 cm³,1239,1239,2400 mm,1,STR-Model,Floor,,SOG-Mesh Bottom X,3.79297,Standard,64 mm
16 mm,3195 mm,642.39 cm³,1255,1255,3195 mm,1,STR-Model,Floor,,Ramp,5.049208,Standard,64 mm
16 mm,3195 mm,642.39 cm³,1255,1255,3195 mm,1,STR-Model,Floor,,Ramp,5.049208,Standard,64 mm
16 mm,12000 mm,62731.49 cm³,1261,2206,312001 mm,26,STR-Model,Floor,,SOG-Mesh Bottom X,493.069501,Standard,64 mm
16 mm,12000 mm,62731.49 cm³,1261,2206,312001 mm,26,STR-Model,Floor,,SOG-Mesh Bottom X,493.069501,Standard,64 mm
16 mm,9634 mm,50360.71 cm³,1262,1262,250474 mm,26,STR-Model,Floor,,SOG-Mesh Bottom X,395.835144,Standard,64 mm
16 mm,10764 mm,10820.81 cm³,1264,1264,53818 mm,5,STR-Model,Floor,,SOG-Mesh Bottom X,85.051606,Standard,64 mm
16 mm,11294 mm,11353.63 cm³,1265,1265,56468 mm,5,STR-Model,Floor,,SOG-Mesh Bottom X,89.239525,Standard,64 mm
16 mm,9164 mm,9212.32 cm³,1266,1266,45818 mm,5,STR-Model,Floor,,SOG-Mesh Bottom X,72.408832,Standard,64 mm
16 mm,11144 mm,11202.83 cm³,1276,1276,55718 mm,5,STR-Model,Floor,,SOG-Mesh Bottom X,88.054265,Standard,64 mm
16 mm,11444 mm,16106.20 cm³,1277,1277,80106 mm,7,STR-Model,Floor,,SOG-Mesh Bottom X,126.594699,Standard,64 mm
16 mm,7001 mm,33782.42 cm³,2178,2022,168020 mm,24,STR-Model,Floor,,SOG-Mesh Bottom X,265.529808,Standard,64 mm
16 mm,10844 mm,8720.99 cm³,1279,1279,43375 mm,4,STR-Model,Floor,,SOG-Mesh Bottom X,68.546996,Standard,64 mm
16 mm,11544 mm,62666.77 cm³,1275,1275,311679 mm,27,STR-Model,Floor,,SOG-Mesh Bottom X,492.560774,Standard,64 mm
16 mm,1814 mm,8387.15 cm³,1312,1209,41714 mm,23,STR-Model,Floor,,SOG-Mesh Bottom X,65.923004,Standard,64 mm
16 mm,1864 mm,5620.68 cm³,2957,3011,27955 mm,15,STR-Model,Floor,,SOG-Mesh Bottom X,44.178524,Standard,64 mm
16 mm,2026 mm,1222.04 cm³,2212,2212,6078 mm,3,STR-Model,Floor,,SOG-Mesh Bottom Y,9.605244,Standard,64 mm
16 mm,11999 mm,62724.34 cm³,2224,2224,311965 mm,26,STR-Model,Floor,,SOG-Mesh Bottom Y,493.013285,Standard,64 mm
16 mm,11999 mm,67549.29 cm³,2224,2224,335963 mm,28,STR-Model,Floor,,SOG-Mesh Bottom Y,530.937384,Standard,64 mm
16 mm,11458 mm,4607.45 cm³,1350,1350,22916 mm,2,STR-Model,Floor,,SOG-Mesh Bottom Y,36.21454,Standard,64 mm
16 mm,11458 mm,11518.62 cm³,1350,1350,57289 mm,5,STR-Model,Floor,,SOG-Mesh Bottom Y,90.536351,Standard,64 mm
16 mm,12000 mm,7238.22 cm³,2272,2272,36000 mm,3,STR-Model,Floor,,SOG-Mesh Bottom Y,56.892443,Standard,64 mm
16 mm,6402 mm,68219.07 cm³,1354,1252,339294 mm,53,STR-Model,Floor,,SOG-Mesh Bottom Y,536.201892,Standard,64 mm
16 mm,6402 mm,70793.37 cm³,1354,1252,352097 mm,55,STR-Model,Floor,,SOG-Mesh Bottom Y,556.435926,Standard,64 mm
16 mm,6402 mm,57921.85 cm³,1354,1252,288080 mm,45,STR-Model,Floor,,SOG-Mesh Bottom Y,455.265757,Standard,64 mm
16 mm,5531 mm,5560.47 cm³,1355,1355,27656 mm,5,STR-Model,Floor,,SOG-Mesh Bottom Y,43.705282,Standard,64 mm
16 mm,5531 mm,5560.47 cm³,1355,1355,27656 mm,5,STR-Model,Floor,,SOG-Mesh Bottom Y,43.705282,Standard,64 mm
16 mm,4761 mm,7658.39 cm³,2953,3006,38090 mm,8,STR-Model,Floor,,SOG-Mesh Bottom Y,60.194976,Standard,64 mm
16 mm,4761 mm,7658.39 cm³,2953,3006,38090 mm,8,STR-Model,Floor,,SOG-Mesh Bottom Y,60.194976,Standard,64 mm
16 mm,2899 mm,6410.80 cm³,1377,1377,31885 mm,11,STR-Model,Floor,,SOG-Mesh Bottom Y,50.388867,Standard,64 mm
16 mm,2829 mm,2274.90 cm³,1378,1378,11314 mm,4,STR-Model,Floor,,SOG-Mesh Bottom Y,17.880727,Standard,64 mm
16 mm,5336 mm,56857.94 cm³,2608,2640,282788 mm,53,STR-Model,Floor,,SOG-Mesh Bottom Y,446.9034,Standard,64 mm
16 mm,4347 mm,4370.54 cm³,1395,1395,21737 mm,5,STR-Model,Floor,,SOG-Mesh Bottom Y,34.352449,Standard,64 mm
16 mm,4547 mm,1828.64 cm³,1396,1396,9095 mm,2,STR-Model,Floor,,SOG-Mesh Bottom Y,14.373119,Standard,64 mm
16 mm,9133 mm,3672.73 cm³,2611,2643,18267 mm,2,STR-Model,Floor,,SOG-Mesh Bottom Y,28.867622,Standard,64 mm
16 mm,1713 mm,688.73 cm³,2612,2644,3425 mm,2,STR-Model,Floor,,SOG-Mesh Bottom Y,5.413411,Standard,64 mm
16 mm,11383 mm,123592.61 cm³,2609,2641,614699 mm,54,STR-Model,Floor,,SOG-Mesh Bottom Y,971.437928,Standard,64 mm
16 mm,5824 mm,1170.98 cm³,2613,2645,5824 mm,1,STR-Model,Floor,,SOG-Mesh Bottom Y,9.203905,Standard,64 mm
16 mm,11544 mm,37135.86 cm³,1275,1275,184699 mm,16,STR-Model,Floor,,SOG-Mesh Bottom X,291.887866,Standard,64 mm
16 mm,11384 mm,9155.86 cm³,1411,1411,45537 mm,4,STR-Model,Floor,,SOG-Mesh Bottom X,71.965026,Standard,64 mm
16 mm,3344 mm,672.35 cm³,2614,2646,3344 mm,1,STR-Model,Floor,,SOG-Mesh Bottom Y,5.284645,Standard,64 mm
16 mm,5434 mm,64457.67 cm³,1451,1451,320586 mm,59,STR-Model,Floor,,SOG-Mesh TOP X,506.6373,Standard,64 mm
16 mm,11094 mm,6691.54 cm³,2260,2260,33281 mm,3,STR-Model,Floor,,SOG-Mesh TOP X,52.595507,Standard,64 mm
16 mm,7002 mm,38010.65 cm³,2249,2249,189049 mm,27,STR-Model,Floor,,SOG-Mesh TOP X,298.763703,Standard,64 mm
16 mm,10904 mm,6576.94 cm³,2198,2042,32711 mm,3,STR-Model,Floor,,SOG-Mesh TOP X,51.694709,Standard,64 mm
16 mm,12000 mm,62731.49 cm³,1261,2206,312001 mm,26,STR-Model,Floor,,SOG-Mesh TOP X,493.069501,Standard,64 mm
16 mm,12000 mm,62731.49 cm³,1261,2206,312001 mm,26,STR-Model,Floor,,SOG-Mesh TOP X,493.069501,Standard,64 mm
16 mm,9634 mm,50360.71 cm³,1262,1262,250474 mm,26,STR-Model,Floor,,SOG-Mesh TOP X,395.835144,Standard,64 mm
16 mm,10764 mm,10820.81 cm³,1264,1264,53818 mm,5,STR-Model,Floor,,SOG-Mesh TOP X,85.051606,Standard,64 mm
16 mm,11294 mm,11353.63 cm³,1265,1265,56468 mm,5,STR-Model,Floor,,SOG-Mesh TOP X,89.239525,Standard,64 mm
16 mm,9164 mm,9212.32 cm³,1266,1266,45818 mm,5,STR-Model,Floor,,SOG-Mesh TOP X,72.408832,Standard,64 mm
16 mm,11444 mm,16106.20 cm³,1277,1277,80106 mm,7,STR-Model,Floor,,SOG-Mesh TOP X,126.594699,Standard,64 mm
16 mm,11144 mm,11202.83 cm³,1276,1276,55718 mm,5,STR-Model,Floor,,SOG-Mesh TOP X,88.054265,Standard,64 mm
16 mm,11544 mm,62666.77 cm³,1275,1275,311679 mm,27,STR-Model,Floor,,SOG-Mesh TOP X,492.560774,Standard,64 mm
16 mm,11384 mm,6866.89 cm³,1411,1411,34153 mm,3,STR-Model,Floor,,SOG-Mesh TOP X,53.97377,Standard,64 mm
16 mm,11544 mm,37135.86 cm³,1275,1275,184699 mm,16,STR-Model,Floor,,SOG-Mesh TOP X,291.887866,Standard,64 mm
16 mm,1814 mm,8387.15 cm³,1312,1209,41714 mm,23,STR-Model,Floor,,SOG-Mesh TOP X,65.923004,Standard,64 mm
16 mm,3000 mm,7841.58 cm³,1238,1238,39001 mm,13,STR-Model,Floor,,SOG-Mesh TOP X,61.634833,Standard,64 mm
16 mm,10844 mm,8720.99 cm³,1279,1279,43375 mm,4,STR-Model,Floor,,SOG-Mesh TOP X,68.546996,Standard,64 mm
16 mm,11244 mm,2260.69 cm³,1397,1397,11244 mm,1,STR-Model,Floor,,SOG-Mesh TOP X,17.769062,Standard,64 mm
16 mm,11999 mm,62724.34 cm³,2224,2224,311965 mm,26,STR-Model,Floor,,SOG-Mesh TOP Y,493.013285,Standard,64 mm
16 mm,6402 mm,68219.07 cm³,1354,1252,339294 mm,53,STR-Model,Floor,,SOG-Mesh TOP Y,536.201892,Standard,64 mm
16 mm,5531 mm,5560.47 cm³,1355,1355,27656 mm,5,STR-Model,Floor,,SOG-Mesh TOP Y,43.705282,Standard,64 mm
16 mm,11458 mm,4607.45 cm³,1350,1350,22916 mm,2,STR-Model,Floor,,SOG-Mesh TOP Y,36.21454,Standard,64 mm
16 mm,6402 mm,70793.37 cm³,1354,1252,352097 mm,55,STR-Model,Floor,,SOG-Mesh TOP Y,556.435926,Standard,64 mm
16 mm,12002 mm,57913.86 cm³,2181,2181,288040 mm,24,STR-Model,Floor,,SOG-Mesh TOP Y,455.202971,Standard,64 mm
16 mm,5531 mm,5560.47 cm³,1355,1355,27656 mm,5,STR-Model,Floor,,SOG-Mesh TOP Y,43.705282,Standard,64 mm
16 mm,6402 mm,57921.85 cm³,1354,1252,288080 mm,45,STR-Model,Floor,,SOG-Mesh TOP Y,455.265757,Standard,64 mm
16 mm,4761 mm,7658.39 cm³,2953,3006,38090 mm,8,STR-Model,Floor,,SOG-Mesh TOP Y,60.194976,Standard,64 mm
16 mm,4347 mm,4370.54 cm³,1395,1395,21737 mm,5,STR-Model,Floor,,SOG-Mesh TOP Y,34.352449,Standard,64 mm
16 mm,1713 mm,688.87 cm³,2610,2642,3426 mm,2,STR-Model,Floor,,SOG-Mesh TOP Y,5.414504,Standard,64 mm
16 mm,9133 mm,3672.60 cm³,1408,1306,18266 mm,2,STR-Model,Floor,,SOG-Mesh TOP Y,28.866628,Standard,64 mm
16 mm,11383 mm,123592.61 cm³,2609,2641,614699 mm,54,STR-Model,Floor,,SOG-Mesh TOP Y,971.437928,Standard,64 mm
16 mm,5276 mm,56220.24 cm³,2228,2228,279617 mm,53,STR-Model,Floor,,SOG-Mesh TOP Y,441.891065,Standard,64 mm
16 mm,4761 mm,7658.39 cm³,2953,3006,38090 mm,8,STR-Model,Floor,,SOG-Mesh TOP Y,60.194976,Standard,64 mm
16 mm,2899 mm,6410.80 cm³,1377,1377,31885 mm,11,STR-Model,Floor,,SOG-Mesh TOP Y,50.388867,Standard,64 mm
16 mm,2829 mm,2274.90 cm³,1378,1378,11314 mm,4,STR-Model,Floor,,SOG-Mesh TOP Y,17.880727,Standard,64 mm
16 mm,4547 mm,1828.64 cm³,1396,1396,9095 mm,2,STR-Model,Floor,,SOG-Mesh TOP Y,14.373119,Standard,64 mm
16 mm,5824 mm,1170.98 cm³,2613,2645,5824 mm,1,STR-Model,Floor,,SOG-Mesh TOP Y,9.203905,Standard,64 mm
16 mm,3344 mm,672.28 cm³,1414,1311,3344 mm,1,STR-Model,Floor,,SOG-Mesh TOP Y,5.284148,Standard,64 mm
16 mm,3195 mm,642.39 cm³,1255,1255,3195 mm,1,STR-Model,Floor,,Ramp,5.049208,Standard,64 mm
16 mm,3195 mm,642.39 cm³,1255,1255,3195 mm,1,STR-Model,Floor,,Ramp,5.049208,Standard,64 mm
16 mm,2834 mm,1139.49 cm³,1842,1698,5667 mm,2,STR-Model,Structural Framing,B25,Beam,8.956377,Standard,64 mm
16 mm,2346 mm,943.19 cm³,1691,1691,4691 mm,2,STR-Model,Structural Framing,B25,Beam,7.413437,Standard,64 mm
16 mm,2640 mm,1061.55 cm³,1743,1743,5280 mm,2,STR-Model,Structural Framing,B25,Beam,8.343794,Standard,64 mm
16 mm,2807 mm,1128.90 cm³,1917,1762,5615 mm,2,STR-Model,Structural Framing,B25,Beam,8.873136,Standard,64 mm
16 mm,2714 mm,1091.23 cm³,1918,1918,5427 mm,2,STR-Model,Structural Framing,B25,Beam,8.577094,Standard,64 mm
16 mm,2655 mm,1067.52 cm³,1840,1696,5309 mm,2,STR-Model,Structural Framing,B25,Beam,8.390668,Standard,64 mm
16 mm,3007 mm,1209.32 cm³,1916,1761,6015 mm,2,STR-Model,Structural Framing,B25,Beam,9.505275,Standard,64 mm
16 mm,3807 mm,1531.02 cm³,2045,2045,7615 mm,2,STR-Model,Structural Framing,B25,Beam,12.033829,Standard,64 mm
16 mm,2400 mm,964.90 cm³,1839,1695,4799 mm,2,STR-Model,Structural Framing,B25,Beam,7.584114,Standard,64 mm
16 mm,2590 mm,1041.45 cm³,1744,1744,5180 mm,2,STR-Model,Structural Framing,B25,Beam,8.185759,Standard,64 mm
16 mm,12001 mm,4825.82 cm³,1716,1716,24002 mm,2,STR-Model,Structural Framing,B 250X400,Beam,37.930952,Standard,64 mm
16 mm,12001 mm,4825.82 cm³,1716,1716,24002 mm,2,STR-Model,Structural Framing,B 250X400,Beam,37.930952,Standard,64 mm
16 mm,12000 mm,4825.49 cm³,396,394,24000 mm,2,STR-Model,Structural Framing,B 250X400,Beam,37.928322,Standard,64 mm
16 mm,12000 mm,4825.49 cm³,396,394,24000 mm,2,STR-Model,Structural Framing,B 250X400,Beam,37.928322,Standard,64 mm
16 mm,12000 mm,4825.49 cm³,396,394,24000 mm,2,STR-Model,Structural Framing,B 250X400,Beam,37.928322,Standard,64 mm
16 mm,12000 mm,4825.49 cm³,396,394,24000 mm,2,STR-Model,Structural Framing,B 250X400,Beam,37.928322,Standard,64 mm
16 mm,11201 mm,4504.12 cm³,1714,1571,22402 mm,2,STR-Model,Structural Framing,B 250X400,Beam,35.40238,Standard,64 mm
16 mm,5080 mm,2042.79 cm³,1719,1719,10160 mm,2,STR-Model,Structural Framing,SB3,Beam,16.056323,Standard,64 mm
16 mm,2630 mm,1057.59 cm³,1715,1715,5260 mm,2,STR-Model,Structural Framing,SB3,Beam,8.312624,Standard,64 mm
16 mm,5180 mm,2083.00 cm³,1720,1720,10360 mm,2,STR-Model,Structural Framing,SB2,Beam,16.372393,Standard,64 mm
16 mm,5430 mm,2183.53 cm³,1717,1574,10860 mm,2,STR-Model,Structural Framing,SB2,Beam,17.162566,Standard,64 mm
16 mm,5080 mm,2042.79 cm³,1719,1719,10160 mm,2,STR-Model,Structural Framing,SB2,Beam,16.056323,Standard,64 mm
16 mm,1580 mm,635.36 cm³,1713,1713,3160 mm,2,STR-Model,Structural Framing,SB2,Beam,4.993896,Standard,64 mm
16 mm,1673 mm,672.55 cm³,1721,1721,3345 mm,2,STR-Model,Structural Framing,SB2,Beam,5.28626,Standard,64 mm
16 mm,11201 mm,4504.12 cm³,1714,1571,22402 mm,2,STR-Model,Structural Framing,B 250X400,Beam,35.40238,Standard,64 mm
16 mm,11180 mm,4495.74 cm³,1730,1586,22360 mm,2,STR-Model,Structural Framing,SB2,Beam,35.336554,Standard,64 mm
16 mm,6000 mm,12063.72 cm³,1013,2038,60000 mm,10,STR-Model,Floor,,ROOF-MESH BOTTOM Y,94.820806,Standard,64 mm
16 mm,8000 mm,120637.64 cm³,2438,1655,600002 mm,75,STR-Model,Floor,,ROOF-MESH TOP X,948.211836,Standard,64 mm
16 mm,7500 mm,113097.82 cm³,1799,1654,562502 mm,75,STR-Model,Floor,,ROOF-MESH TOP X,888.948833,Standard,64 mm
16 mm,9000 mm,220766.78 cm³,2304,2471,1098004 mm,122,STR-Model,Floor,,ROOF-MESH TOP Y,1735.226893,Standard,64 mm
16 mm,11001 mm,269845.51 cm³,1798,2443,1342101 mm,122,STR-Model,Floor,,ROOF-MESH TOP Y,2120.985746,Standard,64 mm
16 mm,11000 mm,46444.60 cm³,2876,2914,230996 mm,21,STR-Model,Floor,,ROOF-MESH BOTTOM X,365.054523,Standard,64 mm
16 mm,9500 mm,40111.15 cm³,2388,2388,199496 mm,21,STR-Model,Floor,,ROOF-MESH BOTTOM X,315.2736,Standard,64 mm
16 mm,5000 mm,26140.64 cm³,1803,1803,130013 mm,26,STR-Model,Floor,,ROOF-MESH BOTTOM X,205.465442,Standard,64 mm
16 mm,6031 mm,31527.07 cm³,1804,1804,156803 mm,26,STR-Model,Floor,,ROOF-MESH BOTTOM X,247.802755,Standard,64 mm
16 mm,6031 mm,31527.07 cm³,1804,1804,156803 mm,26,STR-Model,Floor,,ROOF-MESH BOTTOM X,247.802755,Standard,64 mm
16 mm,6031 mm,31527.07 cm³,1804,1804,156803 mm,26,STR-Model,Floor,,ROOF-MESH BOTTOM X,247.802755,Standard,64 mm
16 mm,5000 mm,26140.64 cm³,1805,1805,130013 mm,26,STR-Model,Floor,,ROOF-MESH BOTTOM X,205.465442,Standard,64 mm
16 mm,12000 mm,26540.17 cm³,396,394,132000 mm,11,STR-Model,Floor,,ROOF-MESH BOTTOM X,208.605773,Standard,64 mm
16 mm,5001 mm,21115.20 cm³,1810,1810,105018 mm,21,STR-Model,Floor,,ROOF-MESH BOTTOM X,165.965478,Standard,64 mm
16 mm,6002 mm,25343.63 cm³,2364,2364,126049 mm,21,STR-Model,Floor,,ROOF-MESH BOTTOM X,199.200933,Standard,64 mm
16 mm,6002 mm,25343.63 cm³,2364,2364,126049 mm,21,STR-Model,Floor,,ROOF-MESH BOTTOM X,199.200933,Standard,64 mm
16 mm,6002 mm,25343.63 cm³,2364,2364,126049 mm,21,STR-Model,Floor,,ROOF-MESH BOTTOM X,199.200933,Standard,64 mm
16 mm,5001 mm,21115.20 cm³,1810,1810,105018 mm,21,STR-Model,Floor,,ROOF-MESH BOTTOM X,165.965478,Standard,64 mm
16 mm,10600 mm,25575.08 cm³,2444,2475,127200 mm,12,STR-Model,Floor,,ROOF-MESH BOTTOM X,201.020109,Standard,64 mm
16 mm,12000 mm,28952.92 cm³,396,394,144000 mm,12,STR-Model,Floor,,ROOF-MESH BOTTOM X,227.569935,Standard,64 mm
16 mm,11000 mm,26540.17 cm³,2367,2367,132000 mm,12,STR-Model,Floor,,ROOF-MESH BOTTOM X,208.605773,Standard,64 mm
16 mm,5000 mm,23119.82 cm³,1812,1668,114989 mm,23,STR-Model,Floor,,ROOF-MESH BOTTOM X,181.721763,Standard,64 mm
16 mm,6002 mm,27757.31 cm³,1813,1813,138054 mm,23,STR-Model,Floor,,ROOF-MESH BOTTOM X,218.172451,Standard,64 mm
16 mm,6002 mm,27757.31 cm³,1813,1813,138054 mm,23,STR-Model,Floor,,ROOF-MESH BOTTOM X,218.172451,Standard,64 mm
16 mm,6002 mm,27757.31 cm³,1813,1813,138054 mm,23,STR-Model,Floor,,ROOF-MESH BOTTOM X,218.172451,Standard,64 mm
16 mm,5001 mm,23127.10 cm³,1814,1814,115025 mm,23,STR-Model,Floor,,ROOF-MESH BOTTOM X,181.778969,Standard,64 mm
16 mm,6801 mm,24612.69 cm³,2881,2919,122413 mm,18,STR-Model,Floor,,ROOF-MESH BOTTOM Y,193.455754,Standard,64 mm
16 mm,5999 mm,19300.26 cm³,1819,1819,95992 mm,16,STR-Model,Floor,,ROOF-MESH BOTTOM Y,151.70003,Standard,64 mm
16 mm,6301 mm,22803.30 cm³,2882,2920,113414 mm,18,STR-Model,Floor,,ROOF-MESH BOTTOM Y,179.233954,Standard,64 mm
16 mm,6301 mm,26603.66 cm³,2882,2920,132316 mm,21,STR-Model,Floor,,ROOF-MESH BOTTOM Y,209.104738,Standard,64 mm
16 mm,6301 mm,26603.66 cm³,2882,2920,132316 mm,21,STR-Model,Floor,,ROOF-MESH BOTTOM Y,209.104738,Standard,64 mm
16 mm,6301 mm,26603.66 cm³,2882,2920,132316 mm,21,STR-Model,Floor,,ROOF-MESH BOTTOM Y,209.104738,Standard,64 mm
16 mm,6301 mm,22803.13 cm³,2882,2920,113413 mm,18,STR-Model,Floor,,ROOF-MESH BOTTOM Y,179.232633,Standard,64 mm
16 mm,6801 mm,28714.81 cm³,2881,2919,142816 mm,21,STR-Model,Floor,,ROOF-MESH BOTTOM Y,225.698379,Standard,64 mm
16 mm,6801 mm,28714.81 cm³,2881,2919,142816 mm,21,STR-Model,Floor,,ROOF-MESH BOTTOM Y,225.698379,Standard,64 mm
16 mm,6801 mm,28714.81 cm³,2881,2919,142816 mm,21,STR-Model,Floor,,ROOF-MESH BOTTOM Y,225.698379,Standard,64 mm
16 mm,6801 mm,24612.69 cm³,2881,2919,122413 mm,18,STR-Model,Floor,,ROOF-MESH BOTTOM Y,193.455754,Standard,64 mm
16 mm,6002 mm,25343.63 cm³,2456,2490,126049 mm,21,STR-Model,Floor,,ROOF-MESH BOTTOM Y,199.200933,Standard,64 mm
16 mm,5999 mm,19300.26 cm³,1819,1819,95992 mm,16,STR-Model,Floor,,ROOF-MESH BOTTOM Y,151.70003,Standard,64 mm
16 mm,5602 mm,34915.77 cm³,1830,1687,173657 mm,31,STR-Model,Floor,,ROOF ADD.-MESH TOP X,274.437943,Standard,64 mm
16 mm,4802 mm,20274.78 cm³,1831,1688,100838 mm,21,STR-Model,Floor,,ROOF ADD.-MESH TOP X,159.359748,Standard,64 mm
16 mm,820 mm,164.87 cm³,328,339,820 mm,1,STR-Model,Structural Column,,Corbel,1.295884,Standard,64 mm
16 mm,12000 mm,180955.17 cm³,396,394,899997 mm,75,STR-Model,Floor,,ROOF-MESH TOP X,1422.307636,Standard,64 mm
16 mm,12000 mm,180955.74 cm³,396,394,900000 mm,75,STR-Model,Floor,,ROOF-MESH TOP X,1422.312092,Standard,64 mm
16 mm,12000 mm,180955.28 cm³,396,394,899998 mm,75,STR-Model,Floor,,ROOF-MESH TOP X,1422.308525,Standard,64 mm
16 mm,12000 mm,294354.67 cm³,396,394,1464000 mm,122,STR-Model,Floor,,ROOF-MESH TOP Y,2313.627669,Standard,64 mm
16 mm,2719 mm,4372.96 cm³,1927,1927,21749 mm,8,STR-OUTER STRUCTURES,Structural Foundation,,OS-Stair,34.371451,Standard,64 mm
16 mm,2719 mm,4372.96 cm³,1927,1927,21749 mm,8,STR-OUTER STRUCTURES,Structural Foundation,,OS-Stair,34.371451,Standard,64 mm
16 mm,1753 mm,4229.68 cm³,1928,1928,21037 mm,12,STR-OUTER STRUCTURES,Structural Foundation,,OS-Stair,33.245289,Standard,64 mm
16 mm,1753 mm,4229.68 cm³,1928,1928,21037 mm,12,STR-OUTER STRUCTURES,Structural Foundation,,OS-Stair,33.245289,Standard,64 mm
16 mm,2192 mm,1762.62 cm³,1947,1947,8767 mm,4,STR-OUTER STRUCTURES,Structural Framing,,OS-Stair,13.854169,Standard,64 mm
16 mm,2192 mm,1762.62 cm³,1947,1947,8767 mm,4,STR-OUTER STRUCTURES,Structural Framing,,OS-Stair,13.854169,Standard,64 mm
16 mm,1330 mm,534.82 cm³,3236,1945,2660 mm,2,STR-OUTER STRUCTURES,Wall,,OS-RAMP,4.203722,Standard,64 mm
16 mm,1330 mm,534.82 cm³,3236,1945,2660 mm,2,STR-OUTER STRUCTURES,Wall,,OS-RAMP,4.203722,Standard,64 mm
16 mm,1330 mm,802.24 cm³,3236,1945,3990 mm,3,STR-OUTER STRUCTURES,Structural Framing,,OS-RAMP,6.305584,Standard,64 mm
16 mm,1330 mm,802.24 cm³,3236,1945,3990 mm,3,STR-OUTER STRUCTURES,Wall,,OS-RAMP,6.305584,Standard,64 mm
16 mm,2192 mm,1762.62 cm³,1947,1947,8767 mm,4,STR-OUTER STRUCTURES,Structural Framing,,OS-Stair,13.85417,Standard,64 mm
16 mm,2192 mm,1762.62 cm³,1947,1947,8767 mm,4,STR-OUTER STRUCTURES,Structural Framing,,OS-Stair,13.85417,Standard,64 mm
16 mm,2634 mm,5824.82 cm³,1948,1948,28970 mm,11,STR-OUTER STRUCTURES,Structural Foundation,,OS-RAMP,45.783108,Standard,64 mm
16 mm,2634 mm,5824.82 cm³,1948,1948,28970 mm,11,STR-OUTER STRUCTURES,Structural Foundation,,OS-RAMP,45.783108,Standard,64 mm
16 mm,2351 mm,5673.41 cm³,1950,1801,28217 mm,12,STR-OUTER STRUCTURES,Structural Foundation,,OS-RAMP,44.593014,Standard,64 mm
16 mm,2351 mm,5673.41 cm³,1950,1801,28217 mm,12,STR-OUTER STRUCTURES,Structural Foundation,,OS-RAMP,44.593014,Standard,64 mm
16 mm,9901 mm,3981.36 cm³,2397,2420,19802 mm,2,STR-Model,Structural Framing,TB1,Beam,31.293495,Standard,64 mm
16 mm,11801 mm,4745.40 cm³,2400,2419,23602 mm,2,STR-Model,Structural Framing,TB1,Beam,37.298813,Standard,64 mm
16 mm,7801 mm,3136.90 cm³,2398,2417,15602 mm,2,STR-Model,Structural Framing,TB1,Beam,24.656039,Standard,64 mm
16 mm,11000 mm,4423.35 cm³,2399,2418,22000 mm,2,STR-Model,Structural Framing,TB1,Beam,34.767514,Standard,64 mm
16 mm,11000 mm,4423.35 cm³,2399,2418,22000 mm,2,STR-Model,Structural Framing,TB1,Beam,34.767514,Standard,64 mm
16 mm,12001 mm,4825.82 cm³,2401,2421,24002 mm,2,STR-Model,Structural Framing,TB1,Beam,37.930952,Standard,64 mm
16 mm,4472 mm,2697.40 cm³,1967,1823,13416 mm,3,STR-Model,Structural Column,ST-C1 250x400x8275,Column,21.201594,Standard,64 mm
16 mm,4472 mm,2697.40 cm³,1967,1823,13416 mm,3,STR-Model,Structural Column,ST-C1 250x400x8275,Column,21.201594,Standard,64 mm
16 mm,6601 mm,2654.35 cm³,2402,2429,13202 mm,2,STR-Model,Structural Framing,TB1,Beam,20.863207,Standard,64 mm
16 mm,8001 mm,3217.33 cm³,2405,2424,16002 mm,2,STR-Model,Structural Framing,TB1,Beam,25.288178,Standard,64 mm
16 mm,6601 mm,2654.35 cm³,2410,2429,13202 mm,2,STR-Model,Structural Framing,TB1,Beam,20.863207,Standard,64 mm
16 mm,5101 mm,2051.17 cm³,2406,2425,10202 mm,2,STR-Model,Structural Framing,TB1,Beam,16.122166,Standard,64 mm
16 mm,6501 mm,2614.14 cm³,2409,2428,13002 mm,2,STR-Model,Structural Framing,TB1,Beam,20.547137,Standard,64 mm
16 mm,5301 mm,2131.59 cm³,2407,2426,10602 mm,2,STR-Model,Structural Framing,TB1,Beam,16.754305,Standard,64 mm
16 mm,6701 mm,2694.56 cm³,2403,2422,13402 mm,2,STR-Model,Structural Framing,TB1,Beam,21.179276,Standard,64 mm
16 mm,8001 mm,3217.33 cm³,2408,2424,16002 mm,2,STR-Model,Structural Framing,TB1,Beam,25.288178,Standard,64 mm
16 mm,2384 mm,5271.90 cm³,1986,1836,26220 mm,11,STR-OUTER STRUCTURES,Structural Foundation,,OS-RAMP,41.437107,Standard,64 mm
16 mm,2384 mm,5271.90 cm³,1986,1836,26220 mm,11,STR-OUTER STRUCTURES,Structural Foundation,,OS-RAMP,41.437107,Standard,64 mm
16 mm,2249 mm,4974.01 cm³,1987,1837,24739 mm,11,STR-OUTER STRUCTURES,Structural Foundation,,OS-RAMP,39.095708,Standard,64 mm
16 mm,2249 mm,4974.01 cm³,1987,1837,24739 mm,11,STR-OUTER STRUCTURES,Structural Foundation,,OS-RAMP,39.095708,Standard,64 mm
16 mm,4309 mm,11262.01 cm³,1990,1840,56013 mm,13,STR-OUTER STRUCTURES,Structural Foundation,,OS-RAMP BOTTOM,88.519396,Standard,64 mm
16 mm,4309 mm,11262.01 cm³,1990,1840,56013 mm,13,STR-OUTER STRUCTURES,Structural Foundation,,OS-RAMP TOP,88.519396,Standard,64 mm
16 mm,2950 mm,4152.54 cm³,1991,1841,20653 mm,7,STR-OUTER STRUCTURES,Structural Foundation,,OS-RAMP BOTTOM,32.638995,Standard,64 mm
16 mm,2950 mm,4152.54 cm³,1991,1841,20653 mm,7,STR-OUTER STRUCTURES,Structural Foundation,,OS-RAMP TOP,32.638995,Standard,64 mm
16 mm,2651 mm,2664.82 cm³,1992,1992,13254 mm,5,STR-OUTER STRUCTURES,Structural Foundation,,OS-RAMP BOTTOM,20.945511,Standard,64 mm
16 mm,2651 mm,2664.82 cm³,1992,1992,13254 mm,5,STR-OUTER STRUCTURES,Structural Foundation,,OS-RAMP TOP,20.945511,Standard,64 mm
16 mm,3359 mm,1350.60 cm³,1993,1843,6717 mm,2,STR-OUTER STRUCTURES,Structural Foundation,,OS-RAMP BOTTOM,10.615707,Standard,64 mm
16 mm,3359 mm,1350.60 cm³,1993,1843,6717 mm,2,STR-OUTER STRUCTURES,Structural Foundation,,OS-RAMP TOP,10.615707,Standard,64 mm
16 mm,2134 mm,5147.98 cm³,1994,1994,25604 mm,12,STR-OUTER STRUCTURES,Structural Foundation,,OS-RAMP BOTTOM,40.46316,Standard,64 mm
16 mm,2134 mm,5147.98 cm³,1994,1994,25604 mm,12,STR-OUTER STRUCTURES,Structural Foundation,,OS-RAMP TOP,40.46316,Standard,64 mm
16 mm,5152 mm,10357.81 cm³,1995,1995,51516 mm,10,STR-OUTER STRUCTURES,Structural Foundation,,OS-RAMP BOTTOM,81.412384,Standard,64 mm
16 mm,5152 mm,10357.81 cm³,1995,1995,51516 mm,10,STR-OUTER STRUCTURES,Structural Foundation,,OS-RAMP TOP,81.412384,Standard,64 mm
16 mm,4309 mm,8663.08 cm³,1990,1840,43087 mm,10,STR-OUTER STRUCTURES,Structural Foundation,,OS-RAMP,68.091839,Standard,64 mm
16 mm,4309 mm,8663.08 cm³,1990,1840,43087 mm,10,STR-OUTER STRUCTURES,Structural Foundation,,OS-RAMP,68.091839,Standard,64 mm
16 mm,2161 mm,9123.74 cm³,1997,1848,45378 mm,21,STR-OUTER STRUCTURES,Structural Foundation,,OS-RAMP,71.712628,Standard,64 mm
16 mm,2161 mm,9123.74 cm³,1997,1848,45378 mm,21,STR-OUTER STRUCTURES,Structural Foundation,,OS-RAMP,71.712628,Standard,64 mm
16 mm,6001 mm,3619.49 cm³,1998,1998,18002 mm,3,STR-Model,Structural Column,ST-C1 250x400x8275,Column,28.44919,Standard,64 mm
16 mm,6001 mm,3619.49 cm³,1998,1998,18002 mm,3,STR-Model,Structural Column,ST-C1 250x400x8275,Column,28.44919,Standard,64 mm
16 mm,4459 mm,2689.50 cm³,2049,306,13376 mm,3,STR-Model,Structural Column,ST-C1 250x400x8275,Column,21.139502,Standard,64 mm
16 mm,6001 mm,3619.66 cm³,2051,314,18003 mm,3,STR-Model,Structural Column,ST-C1 250x400x8275,Column,28.4505,Standard,64 mm
16 mm,6001 mm,3619.66 cm³,2051,314,18003 mm,3,STR-Model,Structural Column,ST-C1 250x400x8275,Column,28.4505,Standard,64 mm
16 mm,4459 mm,2689.50 cm³,2049,306,13376 mm,3,STR-Model,Structural Column,ST-C1 250x400x8275,Column,21.139502,Standard,64 mm
16 mm,6501 mm,6535.67 cm³,2052,276,32506 mm,5,STR-Model,Structural Column,ST-C2 250x700x8900,Column,51.370384,Standard,64 mm
16 mm,6500 mm,6534.72 cm³,2053,2053,32501 mm,5,STR-Model,Structural Column,ST-C2 250x700x8900,Column,51.362928,Standard,64 mm
16 mm,5001 mm,5027.15 cm³,2054,2054,25003 mm,5,STR-Model,Structural Column,ST-C2 300x700x2000,Column,39.513421,Standard,64 mm
16 mm,5000 mm,5026.66 cm³,2055,277,25001 mm,5,STR-Model,Structural Column,ST-C2 300x700x2000,Column,39.50952,Standard,64 mm
16 mm,2324 mm,31776.40 cm³,2138,2138,158043 mm,68,STR-Model,Structural Framing,B22 (B400X750),HCS-BEAM,249.762476,Stirrup / Tie,64 mm
16 mm,7000 mm,2814.87 cm³,2058,1904,14000 mm,2,STR-Model,Structural Framing,B22 (B400X750),HCS-BEAM,22.124855,Standard,64 mm
16 mm,7000 mm,2814.87 cm³,2058,1904,14000 mm,2,STR-Model,Structural Framing,B22 (B400X750),HCS-BEAM,22.124855,Standard,64 mm
16 mm,1500 mm,6635.18 cm³,148,3082,33001 mm,22,STR-Model,Wall,W5,Footing,52.152551,Standard,64 mm
16 mm,4500 mm,19904.16 cm³,297,2415,98995 mm,22,STR-Model,Wall,W5,Wall,156.446691,Standard,64 mm
16 mm,4000 mm,17693.36 cm³,298,2503,88000 mm,22,STR-Model,Wall,W5,Wall,139.069783,Standard,64 mm
16 mm,2324 mm,21963.38 cm³,2138,2138,109237 mm,47,STR-Model,Floor,,HCS-BEAM,172.632128,Stirrup / Tie,64 mm
16 mm,2284 mm,21585.10 cm³,2077,1923,107355 mm,47,STR-Model,Structural Framing,B15T (B400X750T),HCS-BEAM,169.658895,Stirrup / Tie,64 mm
16 mm,2084 mm,19695.12 cm³,2074,1924,97955 mm,47,STR-Model,Structural Framing,B15T (B400X750T),HCS-BEAM,154.803635,Stirrup / Tie,64 mm
16 mm,7200 mm,4342.94 cm³,2086,2086,21600 mm,3,STR-Model,Structural Framing,B5 (B400X650),HCS-BEAM,34.13549,Standard,64 mm
16 mm,5100 mm,3076.25 cm³,2097,1944,15300 mm,3,STR-Model,Structural Framing,B9 (B400X500),HCS-BEAM,24.179306,Standard,64 mm
16 mm,2308 mm,18099.24 cm³,2098,1946,90018 mm,39,STR-Model,Structural Framing,B14T (B400X750T),HCS-BEAM,142.259989,Stirrup / Tie,64 mm
16 mm,2084 mm,16342.76 cm³,2074,1924,81282 mm,39,STR-Model,Structural Framing,B14T (B400X750T),HCS-BEAM,128.45408,Stirrup / Tie,64 mm
16 mm,2284 mm,17911.04 cm³,2077,1923,89082 mm,39,STR-Model,Structural Framing,B14T (B400X750T),HCS-BEAM,140.780785,Stirrup / Tie,64 mm
16 mm,4500 mm,1809.56 cm³,2110,1957,9000 mm,2,STR-Model,Structural Framing,B15T (B400X750T),HCS-BEAM,14.223121,Standard,64 mm
16 mm,6300 mm,2533.38 cm³,2416,2435,12600 mm,2,STR-Model,Structural Framing,B15T (B400X750T),HCS-BEAM,19.912369,Standard,64 mm
16 mm,7500 mm,3015.93 cm³,181,181,15000 mm,2,STR-Model,Structural Framing,B11 (B400X600),HCS-BEAM,23.705197,Standard,64 mm
16 mm,5500 mm,2211.68 cm³,2115,1962,11000 mm,2,STR-Model,Structural Framing,B13 (B400X650),HCS-BEAM,17.383814,Standard,64 mm
16 mm,2600 mm,1045.52 cm³,2118,1965,5200 mm,2,STR-Model,Structural Framing,B11 (B400X600),HCS-BEAM,8.217803,Standard,64 mm
16 mm,4000 mm,1608.50 cm³,2415,2437,8000 mm,2,STR-Model,Structural Framing,B15T (B400X750T),HCS-BEAM,12.642774,Standard,64 mm
16 mm,2324 mm,18224.70 cm³,2138,2138,90642 mm,39,STR-Model,Floor,,HCS-BEAM,143.246126,Stirrup / Tie,64 mm
16 mm,2324 mm,21963.10 cm³,2139,2138,109235 mm,47,STR-Model,Structural Framing,B15TA (B400X750T),HCS-BEAM,172.629946,Stirrup / Tie,64 mm
16 mm,1884 mm,7576.65 cm³,2460,2128,37683 mm,20,STR-Model,Structural Framing,B5 (B400X650),HCS-BEAM,59.5525,Stirrup / Tie,64 mm
16 mm,2694 mm,29793.11 cm³,2164,2119,148179 mm,55,STR-Model,Structural Framing,B19L (B500X850L),HCS-BEAM,234.173824,Stirrup / Tie,64 mm
16 mm,2694 mm,28709.72 cm³,2164,2119,142790 mm,53,STR-Model,Structural Framing,B20L (B500X850L),HCS-BEAM,225.658412,Stirrup / Tie,64 mm
16 mm,2706 mm,26117.07 cm³,2359,2359,129896 mm,48,STR-Model,Structural Framing,B21L (B500X850L),HCS-BEAM,205.280162,Stirrup / Tie,64 mm
16 mm,2706 mm,32646.34 cm³,2359,2359,162370 mm,60,STR-Model,Structural Framing,B21L (B500X850L),HCS-BEAM,256.600203,Stirrup / Tie,64 mm
16 mm,2284 mm,25259.16 cm³,2285,2285,125629 mm,55,STR-Model,Structural Framing,B19L (B500X850L),HCS-BEAM,198.537004,Stirrup / Tie,64 mm
16 mm,2272 mm,24212.77 cm³,2167,2011,120424 mm,53,STR-Model,Structural Framing,B20L (B500X850L),HCS-BEAM,190.312376,Stirrup / Tie,64 mm
16 mm,2284 mm,22044.36 cm³,2285,2285,109640 mm,48,STR-Model,Structural Framing,B21L (B500X850L),HCS-BEAM,173.268658,Stirrup / Tie,64 mm
16 mm,2284 mm,27555.45 cm³,2285,2285,137050 mm,60,STR-Model,Structural Framing,B21L (B500X850L),HCS-BEAM,216.585823,Stirrup / Tie,64 mm
16 mm,2272 mm,7766.36 cm³,2167,2011,38627 mm,17,STR-Model,Structural Framing,B21L (B500X850L),HCS-BEAM,61.043592,Stirrup / Tie,64 mm
16 mm,6001 mm,27750.39 cm³,2179,2023,138019 mm,23,STR-Model,Floor,,SOG-Mesh Bottom X,218.11809,Standard,64 mm
16 mm,6802 mm,36924.91 cm³,1457,1457,183649 mm,27,STR-Model,Floor,,SOG-Mesh TOP X,290.229831,Standard,64 mm
16 mm,12001 mm,65148.58 cm³,2206,2206,324022 mm,27,STR-Model,Floor,,SOG-Mesh Bottom X,512.067848,Standard,64 mm
16 mm,12002 mm,67566.17 cm³,2181,2181,336047 mm,28,STR-Model,Floor,,SOG-Mesh TOP Y,531.070133,Standard,64 mm
16 mm,11402 mm,13754.64 cm³,2204,2048,68410 mm,6,STR-Model,Floor,,SOG-Mesh TOP Y,108.111494,Standard,64 mm
16 mm,12002 mm,7239.23 cm³,2181,2181,36005 mm,3,STR-Model,Floor,,SOG-Mesh TOP Y,56.900371,Standard,64 mm
16 mm,2764 mm,5001.01 cm³,2208,2208,24873 mm,9,STR-Model,Floor,,SOG-Mesh TOP X,39.307923,Standard,64 mm
16 mm,2464 mm,2972.09 cm³,2209,2209,14782 mm,6,STR-Model,Floor,,SOG-Mesh TOP X,23.360658,Standard,64 mm
16 mm,4410 mm,9753.11 cm³,2214,2214,48508 mm,11,STR-Model,Floor,,SOG-Mesh TOP Y,76.659465,Standard,64 mm
16 mm,2024 mm,1220.84 cm³,2215,2215,6072 mm,3,STR-Model,Floor,,SOG-Mesh TOP Y,9.595774,Standard,64 mm
16 mm,6141 mm,4938.82 cm³,2211,2211,24564 mm,4,STR-Model,Floor,,SOG-Mesh Bottom Y,38.819089,Standard,64 mm
16 mm,4001 mm,7240.07 cm³,2216,2216,36009 mm,9,STR-Model,Floor,,SOG-Mesh Bottom X,56.906956,Standard,64 mm
16 mm,2181 mm,1753.77 cm³,2217,2217,8723 mm,4,STR-Model,Floor,,SOG-Mesh Bottom X,13.78462,Standard,64 mm
16 mm,5414 mm,5442.41 cm³,2575,2611,27068 mm,5,STR-Model,Floor,,SOG-Mesh Bottom X,42.77733,Standard,64 mm
16 mm,6976 mm,7012.95 cm³,2220,2220,34880 mm,5,STR-Model,Floor,,SOG-Mesh Bottom X,55.121779,Standard,64 mm
16 mm,12058 mm,58184.67 cm³,1347,1347,289387 mm,24,STR-Model,Floor,,SOG-Mesh Bottom Y,457.331478,Standard,64 mm
16 mm,5888 mm,5918.92 cm³,2576,2612,29438 mm,5,STR-Model,Floor,,SOG-Mesh Bottom Y,46.522732,Standard,64 mm
16 mm,5888 mm,5918.92 cm³,2576,2612,29438 mm,5,STR-Model,Floor,,SOG-Mesh Bottom Y,46.522732,Standard,64 mm
16 mm,7244 mm,7282.13 cm³,2226,2226,36218 mm,5,STR-Model,Floor,,SOG-Mesh TOP X,57.237503,Standard,64 mm
16 mm,5857 mm,5887.60 cm³,2284,2284,29283 mm,5,STR-Model,Floor,,SOG-Mesh TOP Y,46.276536,Standard,64 mm
16 mm,5850 mm,5880.72 cm³,2281,2281,29248 mm,5,STR-Model,Floor,,SOG-Mesh TOP Y,46.222466,Standard,64 mm
16 mm,11999 mm,55487.42 cm³,2227,2227,275972 mm,23,STR-Model,Floor,,SOG-Mesh TOP X,436.131152,Standard,64 mm
16 mm,2324 mm,17757.40 cm³,2138,2138,88318 mm,38,STR-Model,Structural Framing,B16L (B400X750L),HCS-BEAM,139.573148,Stirrup / Tie,64 mm
16 mm,2524 mm,24868.10 cm³,2246,2246,123684 mm,49,STR-Model,Structural Framing,B17LA (B400X850L),HCS-BEAM,195.4633,Stirrup / Tie,64 mm
16 mm,2524 mm,42631.04 cm³,2246,2246,212029 mm,84,STR-Model,Structural Framing,B18L (B400X850L),HCS-BEAM,335.079943,Stirrup / Tie,64 mm
16 mm,2324 mm,30841.80 cm³,2138,2138,153395 mm,66,STR-Model,Structural Framing,B17L (B400X750L),HCS-BEAM,242.416521,Stirrup / Tie,64 mm
16 mm,2324 mm,26168.80 cm³,2138,2138,130153 mm,56,STR-Model,Structural Framing,B17L (B400X750L),HCS-BEAM,205.686745,Stirrup / Tie,64 mm
16 mm,2324 mm,27103.40 cm³,2138,2138,134801 mm,58,STR-Model,Structural Framing,B17L (B400X750L),HCS-BEAM,213.0327,Stirrup / Tie,64 mm
16 mm,5414 mm,5442.41 cm³,2575,2611,27068 mm,5,STR-Model,Floor,,SOG-Mesh TOP X,42.77733,Standard,64 mm
16 mm,6802 mm,27351.79 cm³,1457,1457,136037 mm,20,STR-Model,Floor,,SOG-Mesh TOP X,214.98506,Standard,64 mm
16 mm,7002 mm,38010.65 cm³,2249,2249,189049 mm,27,STR-Model,Floor,,SOG-Mesh TOP X,298.763703,Standard,64 mm
16 mm,8402 mm,13514.31 cm³,2255,2255,67215 mm,8,STR-Model,Floor,,SOG-Mesh TOP X,106.222463,Standard,64 mm
16 mm,6000 mm,2412.74 cm³,1013,2038,12000 mm,2,STR-Model,Structural Framing,B16L (B400X750L),HCS-BEAM,18.964161,Standard,64 mm
16 mm,4155 mm,5011.97 cm³,2271,2271,24928 mm,6,STR-Model,Floor,,SOG-Mesh Bottom Y,39.39412,Standard,64 mm
16 mm,3140 mm,1894.06 cm³,2274,2274,9420 mm,3,STR-Model,Floor,,SOG-Mesh Bottom Y,14.887285,Standard,64 mm
16 mm,1884 mm,25002.96 cm³,2258,2258,124355 mm,66,STR-Model,Structural Framing,B17L (B400X750L),HCS-BEAM,196.52325,Stirrup / Tie,64 mm
16 mm,1884 mm,14395.64 cm³,2258,2258,71598 mm,38,STR-Model,Structural Framing,B16L (B400X750L),HCS-BEAM,113.14975,Stirrup / Tie,64 mm
16 mm,1884 mm,21214.63 cm³,2258,2258,105513 mm,56,STR-Model,Structural Framing,B17L (B400X750L),HCS-BEAM,166.747,Stirrup / Tie,64 mm
16 mm,1884 mm,21972.30 cm³,2258,2258,109281 mm,58,STR-Model,Structural Framing,B17L (B400X750L),HCS-BEAM,172.70225,Stirrup / Tie,64 mm
16 mm,2084 mm,20532.92 cm³,2276,1924,102122 mm,49,STR-Model,Structural Framing,B17LA (B400X850L),HCS-BEAM,161.388761,Stirrup / Tie,64 mm
16 mm,2084 mm,35199.79 cm³,2276,1924,175069 mm,84,STR-Model,Structural Framing,B18L (B400X850L),HCS-BEAM,276.670326,Stirrup / Tie,64 mm
16 mm,1324 mm,798.43 cm³,1409,1409,3971 mm,3,STR-Model,Floor,,SOG-Mesh TOP Y,6.275695,Standard,64 mm
16 mm,6922 mm,4174.96 cm³,2282,2282,20765 mm,3,STR-Model,Floor,,SOG-Mesh TOP Y,32.815162,Standard,64 mm
16 mm,12000 mm,4825.49 cm³,396,394,24000 mm,2,STR-Model,Structural Framing,B17L (B400X750L),HCS-BEAM,37.928322,Standard,64 mm
16 mm,7500 mm,3016.05 cm³,2287,2287,15001 mm,2,STR-Model,Structural Framing,B18L (B400X850L),HCS-BEAM,23.706186,Standard,64 mm
16 mm,2324 mm,18224.70 cm³,2139,2138,90642 mm,39,STR-Model,Structural Framing,B2L (B400X750L),HCS-BEAM,143.246126,Stirrup / Tie,64 mm
16 mm,1884 mm,14774.48 cm³,2460,2258,73482 mm,39,STR-Model,Structural Framing,B2L (B400X750L),HCS-BEAM,116.127375,Stirrup / Tie,64 mm
16 mm,2324 mm,18224.70 cm³,2139,2139,90642 mm,39,STR-Model,Structural Framing,B4L (B400X750L),HCS-BEAM,143.246126,Stirrup / Tie,64 mm
16 mm,1884 mm,14774.48 cm³,2460,2496,73482 mm,39,STR-Model,Structural Framing,B4L (B400X750L),HCS-BEAM,116.127375,Stirrup / Tie,64 mm
16 mm,12000 mm,48254.19 cm³,2875,2912,239997 mm,20,STR-Model,Floor,,ROOF-MESH BOTTOM X,379.27791,Standard,64 mm
16 mm,12000 mm,48254.86 cm³,396,396,240000 mm,20,STR-Model,Floor,,ROOF-MESH BOTTOM X,379.283224,Standard,64 mm
16 mm,12000 mm,50667.61 cm³,396,396,252000 mm,21,STR-Model,Floor,,ROOF-MESH BOTTOM X,398.247386,Standard,64 mm
16 mm,2324 mm,21963.10 cm³,2139,2139,109235 mm,47,STR-Model,Structural Framing,B15L (B400X750L),HCS-BEAM,172.629946,Stirrup / Tie,64 mm
16 mm,2054 mm,413.06 cm³,2377,2377,2054 mm,1,STR-Model,Structural Framing,B14L (B400X750L),HCS-BEAM,3.246668,Stirrup / Tie,64 mm
16 mm,2324 mm,10280.60 cm³,2139,2139,51132 mm,22,STR-Model,Structural Framing,B14L (B400X750L),HCS-BEAM,80.805507,Stirrup / Tie,64 mm
16 mm,8000 mm,3216.99 cm³,1797,1797,16000 mm,2,STR-Model,Structural Framing,B15L (B400X750L),HCS-BEAM,25.285548,Standard,64 mm
16 mm,5000 mm,2010.62 cm³,2384,2384,10000 mm,2,STR-Model,Structural Framing,B15L (B400X750L),HCS-BEAM,15.803468,Standard,64 mm
16 mm,2084 mm,19695.12 cm³,2074,2410,97955 mm,47,STR-Model,Structural Framing,B15L (B400X750L),HCS-BEAM,154.803635,Stirrup / Tie,64 mm
16 mm,2084 mm,9219.29 cm³,2074,2410,45853 mm,22,STR-Model,Structural Framing,B14L (B400X750L),HCS-BEAM,72.46361,Stirrup / Tie,64 mm
16 mm,9600 mm,21232.14 cm³,2392,2474,105600 mm,11,STR-Model,Floor,,ROOF-MESH BOTTOM X,166.884619,Standard,64 mm
16 mm,12000 mm,26540.17 cm³,396,396,132000 mm,11,STR-Model,Floor,,ROOF-MESH BOTTOM X,208.605773,Standard,64 mm
16 mm,12000 mm,50667.61 cm³,396,396,252000 mm,21,STR-Model,Floor,,ROOF-MESH BOTTOM X,398.247386,Standard,64 mm
16 mm,12000 mm,48254.86 cm³,396,396,240000 mm,20,STR-Model,Floor,,ROOF-MESH BOTTOM X,379.283224,Standard,64 mm
16 mm,11400 mm,45841.44 cm³,2390,2390,227997 mm,20,STR-Model,Floor,,ROOF-MESH BOTTOM X,360.313749,Standard,64 mm
16 mm,8000 mm,33778.40 cm³,1797,1797,168000 mm,21,STR-Model,Floor,,ROOF-MESH BOTTOM X,265.498257,Standard,64 mm
16 mm,5100 mm,20508.32 cm³,2097,2389,102000 mm,20,STR-Model,Floor,,ROOF-MESH BOTTOM X,161.19537,Standard,64 mm
16 mm,12000 mm,26540.17 cm³,396,396,132000 mm,11,STR-Model,Floor,,ROOF-MESH BOTTOM X,208.605773,Standard,64 mm
16 mm,12000 mm,28952.92 cm³,396,396,144000 mm,12,STR-Model,Floor,,ROOF-MESH BOTTOM X,227.569935,Standard,64 mm
16 mm,12000 mm,26540.17 cm³,396,396,132000 mm,11,STR-Model,Floor,,ROOF-MESH BOTTOM X,208.605773,Standard,64 mm
16 mm,10000 mm,20106.19 cm³,1796,1651,100000 mm,10,STR-Model,Floor,,ROOF-MESH BOTTOM X,158.034677,Standard,64 mm
16 mm,12000 mm,26540.17 cm³,396,396,132000 mm,11,STR-Model,Floor,,ROOF-MESH BOTTOM X,208.605773,Standard,64 mm
16 mm,12000 mm,24127.43 cm³,396,396,120000 mm,10,STR-Model,Floor,,ROOF-MESH BOTTOM X,189.641612,Standard,64 mm
16 mm,12000 mm,24127.43 cm³,396,396,120000 mm,10,STR-Model,Floor,,ROOF-MESH BOTTOM X,189.641612,Standard,64 mm
16 mm,12000 mm,26540.17 cm³,396,396,132000 mm,11,STR-Model,Floor,,ROOF-MESH BOTTOM X,208.605773,Standard,64 mm
16 mm,9600 mm,21232.14 cm³,2392,2412,105600 mm,11,STR-Model,Floor,,ROOF-MESH BOTTOM X,166.884619,Standard,64 mm
16 mm,11600 mm,23323.18 cm³,2391,3209,116000 mm,10,STR-Model,Floor,,ROOF-MESH BOTTOM X,183.320225,Standard,64 mm
16 mm,6000 mm,10857.34 cm³,1013,2038,54000 mm,9,STR-Model,Floor,,ROOF-MESH BOTTOM Y,85.338725,Standard,64 mm
16 mm,4000 mm,2412.74 cm³,2415,2437,12000 mm,3,STR-Model,Structural Column,ST-C1 250x400x8275,Column,18.964161,Standard,64 mm
16 mm,4000 mm,2412.74 cm³,2415,2437,12000 mm,3,STR-Model,Structural Column,ST-C1 250x400x8275,Column,18.964161,Standard,64 mm
16 mm,6000 mm,3619.26 cm³,2427,2446,18001 mm,3,STR-Model,Structural Column,ST-C1 250x400x8275,Column,28.447393,Standard,64 mm
16 mm,6000 mm,3619.26 cm³,2427,2446,18001 mm,3,STR-Model,Structural Column,ST-C1 250x400x8275,Column,28.447393,Standard,64 mm
16 mm,4472 mm,2697.40 cm³,1967,1823,13416 mm,3,STR-Model,Structural Column,ST-C1 250x400x8275,Column,21.201594,Standard,64 mm
16 mm,4472 mm,2697.40 cm³,1967,1823,13416 mm,3,STR-Model,Structural Column,ST-C1 250x400x8275,Column,21.201594,Standard,64 mm
16 mm,6001 mm,3619.49 cm³,1998,1998,18002 mm,3,STR-Model,Structural Column,ST-C1 250x400x8275,Column,28.44919,Standard,64 mm
16 mm,6001 mm,3619.49 cm³,1998,1998,18002 mm,3,STR-Model,Structural Column,ST-C1 250x400x8275,Column,28.44919,Standard,64 mm
16 mm,4472 mm,2697.40 cm³,1967,1823,13416 mm,3,STR-Model,Structural Column,ST-C1 250x400x8275,Column,21.201594,Standard,64 mm
16 mm,4472 mm,2697.40 cm³,1967,1823,13416 mm,3,STR-Model,Structural Column,ST-C1 250x400x8275,Column,21.201594,Standard,64 mm
16 mm,6001 mm,3619.49 cm³,1998,1998,18002 mm,3,STR-Model,Structural Column,ST-C1 250x400x8275,Column,28.44919,Standard,64 mm
16 mm,6001 mm,3619.49 cm³,1998,1998,18002 mm,3,STR-Model,Structural Column,ST-C1 250x400x8275,Column,28.44919,Standard,64 mm
16 mm,4472 mm,2697.40 cm³,1967,1823,13416 mm,3,STR-Model,Structural Column,ST-C1 250x400x8275,Column,21.201594,Standard,64 mm
16 mm,4472 mm,2697.40 cm³,1967,1823,13416 mm,3,STR-Model,Structural Column,ST-C1 250x400x8275,Column,21.201594,Standard,64 mm
16 mm,6001 mm,3619.49 cm³,1998,1998,18002 mm,3,STR-Model,Structural Column,ST-C1 250x400x8275,Column,28.44919,Standard,64 mm
16 mm,6001 mm,3619.49 cm³,1998,1998,18002 mm,3,STR-Model,Structural Column,ST-C1 250x400x8275,Column,28.44919,Standard,64 mm
16 mm,4472 mm,2697.40 cm³,1967,1823,13416 mm,3,STR-Model,Structural Column,ST-C1 250x400x8275,Column,21.201594,Standard,64 mm
16 mm,4472 mm,2697.40 cm³,1967,1823,13416 mm,3,STR-Model,Structural Column,ST-C1 250x400x8275,Column,21.201594,Standard,64 mm
16 mm,6001 mm,3619.49 cm³,1998,1998,18002 mm,3,STR-Model,Structural Column,ST-C1 250x400x8275,Column,28.44919,Standard,64 mm
16 mm,6001 mm,3619.49 cm³,1998,1998,18002 mm,3,STR-Model,Structural Column,ST-C1 250x400x8275,Column,28.44919,Standard,64 mm
16 mm,4472 mm,2697.40 cm³,1967,1823,13416 mm,3,STR-Model,Structural Column,ST-C1 250x400x8275,Column,21.201594,Standard,64 mm
16 mm,4472 mm,2697.40 cm³,1967,1823,13416 mm,3,STR-Model,Structural Column,ST-C1 250x400x8275,Column,21.201594,Standard,64 mm
16 mm,6001 mm,3619.49 cm³,1998,1998,18002 mm,3,STR-Model,Structural Column,ST-C1 250x400x8275,Column,28.44919,Standard,64 mm
16 mm,6001 mm,3619.49 cm³,1998,1998,18002 mm,3,STR-Model,Structural Column,ST-C1 250x400x8275,Column,28.44919,Standard,64 mm
16 mm,7000 mm,2814.87 cm³,2058,2058,14000 mm,2,STR-Model,Structural Framing,TB1,Beam,22.124855,Standard,64 mm
16 mm,4482 mm,2703.49 cm³,2419,2433,13446 mm,3,STR-Model,Structural Column,ST-C1 250x400x8275,Column,21.249436,Standard,64 mm
16 mm,4482 mm,2703.49 cm³,2419,2433,13446 mm,3,STR-Model,Structural Column,ST-C1 250x400x8275,Column,21.249436,Standard,64 mm
16 mm,5399 mm,3256.37 cm³,2420,2434,16196 mm,3,STR-Model,Structural Column,ST-C1 250x400x8275,Column,25.595084,Standard,64 mm
16 mm,5399 mm,3256.37 cm³,2420,2434,16196 mm,3,STR-Model,Structural Column,ST-C1 250x400x8275,Column,25.595084,Standard,64 mm
16 mm,4482 mm,2703.49 cm³,2419,2433,13446 mm,3,STR-Model,Structural Column,ST-C1 250x400x8275,Column,21.249436,Standard,64 mm
16 mm,4482 mm,2703.49 cm³,2419,2433,13446 mm,3,STR-Model,Structural Column,ST-C1 250x400x8275,Column,21.249436,Standard,64 mm
16 mm,5399 mm,3256.37 cm³,2420,2434,16196 mm,3,STR-Model,Structural Column,ST-C1 250x400x8275,Column,25.595084,Standard,64 mm
16 mm,5399 mm,3256.37 cm³,2420,2434,16196 mm,3,STR-Model,Structural Column,ST-C1 250x400x8275,Column,25.595084,Standard,64 mm
16 mm,4482 mm,2703.49 cm³,2419,2433,13446 mm,3,STR-Model,Structural Column,ST-C1 250x400x8275,Column,21.249436,Standard,64 mm
16 mm,4482 mm,2703.49 cm³,2419,2433,13446 mm,3,STR-Model,Structural Column,ST-C1 250x400x8275,Column,21.249436,Standard,64 mm
16 mm,5399 mm,3256.37 cm³,2420,2434,16196 mm,3,STR-Model,Structural Column,ST-C1 250x400x8275,Column,25.595084,Standard,64 mm
16 mm,5399 mm,3256.37 cm³,2420,2434,16196 mm,3,STR-Model,Structural Column,ST-C1 250x400x8275,Column,25.595084,Standard,64 mm
16 mm,4482 mm,2703.49 cm³,2419,2433,13446 mm,3,STR-Model,Structural Column,ST-C1 250x400x8275,Column,21.249436,Standard,64 mm
16 mm,4482 mm,2703.49 cm³,2419,2433,13446 mm,3,STR-Model,Structural Column,ST-C1 250x400x8275,Column,21.249436,Standard,64 mm
16 mm,5399 mm,3256.37 cm³,2420,2434,16196 mm,3,STR-Model,Structural Column,ST-C1 250x400x8275,Column,25.595084,Standard,64 mm
16 mm,5399 mm,3256.37 cm³,2420,2434,16196 mm,3,STR-Model,Structural Column,ST-C1 250x400x8275,Column,25.595084,Standard,64 mm
16 mm,5020 mm,7065.21 cm³,1900,1745,35139 mm,7,STR-Model,Structural Column,,Corbel,55.532534,Standard,64 mm
16 mm,820 mm,164.87 cm³,328,339,820 mm,1,STR-Model,Structural Column,,Corbel,1.295884,Standard,64 mm
16 mm,820 mm,164.87 cm³,328,339,820 mm,1,STR-Model,Structural Column,,Corbel,1.295884,Standard,64 mm
16 mm,7000 mm,23926.37 cm³,2058,1904,119000 mm,17,STR-Model,Floor,,ROOF-MESH BOTTOM Y,188.061265,Standard,64 mm
16 mm,7000 mm,25333.80 cm³,2058,1904,126000 mm,18,STR-Model,Floor,,ROOF-MESH BOTTOM Y,199.123693,Standard,64 mm
16 mm,6000 mm,25335.19 cm³,2455,2489,126007 mm,21,STR-Model,Floor,,ROOF-MESH BOTTOM Y,199.134559,Standard,64 mm
16 mm,6000 mm,25335.19 cm³,2455,2489,126007 mm,21,STR-Model,Floor,,ROOF-MESH BOTTOM Y,199.134559,Standard,64 mm
16 mm,5999 mm,19300.26 cm³,1819,1819,95992 mm,16,STR-Model,Floor,,ROOF-MESH BOTTOM Y,151.70003,Standard,64 mm
16 mm,9001 mm,133919.62 cm³,2439,2454,666062 mm,74,STR-Model,Floor,,ROOF-MESH TOP X,1052.608229,Standard,64 mm
16 mm,12000 mm,180955.74 cm³,396,394,900000 mm,75,STR-Model,Floor,,ROOF-MESH TOP X,1422.312092,Standard,64 mm
16 mm,12000 mm,178542.86 cm³,396,394,887999 mm,74,STR-Model,Floor,,ROOF-MESH TOP X,1403.346845,Standard,64 mm
16 mm,12000 mm,178542.99 cm³,396,394,888000 mm,74,STR-Model,Floor,,ROOF-MESH TOP X,1403.34793,Standard,64 mm
16 mm,8500 mm,126465.45 cm³,2440,2456,628988 mm,74,STR-Model,Floor,,ROOF-MESH TOP X,994.018453,Standard,64 mm
16 mm,10500 mm,255449.96 cm³,2441,2470,1270504 mm,121,STR-Model,Floor,,ROOF-MESH TOP Y,2007.83666,Standard,64 mm
16 mm,12000 mm,291941.58 cm³,396,394,1451998 mm,121,STR-Model,Floor,,ROOF-MESH TOP Y,2294.660788,Standard,64 mm
16 mm,9500 mm,231121.46 cm³,2442,2472,1149504 mm,121,STR-Model,Floor,,ROOF-MESH TOP Y,1816.614701,Standard,64 mm
16 mm,3600 mm,10133.44 cm³,320,320,50400 mm,14,STR-Model,Structural Column,PD2 400x550x2900,CT-COLUMN,79.648853,Standard,64 mm
16 mm,3600 mm,10133.44 cm³,320,320,50400 mm,14,STR-Model,Structural Column,PD2 400x550x2900,CT-COLUMN,79.648853,Standard,64 mm
16 mm,3600 mm,10133.44 cm³,320,320,50400 mm,14,STR-Model,Structural Column,PD2 400x550x2900,CT-COLUMN,79.648853,Standard,64 mm
16 mm,2200 mm,15039.87 cm³,322,322,74802 mm,34,STR-Model,Structural Foundation,F11,CT-FOUNDATION RAFT BOTTOM,118.213361,Standard,64 mm
16 mm,11200 mm,22519.09 cm³,323,333,112001 mm,10,STR-Model,Structural Foundation,F11,CT-FOUNDATION RAFT BOTTOM,177.000024,Standard,64 mm
16 mm,8000 mm,16085.02 cm³,397,2167,80000 mm,10,STR-Model,Structural Foundation,F11,CT-FOUNDATION RAFT BOTTOM,126.428245,Standard,64 mm
16 mm,8035 mm,16155.39 cm³,395,2405,80350 mm,10,STR-Model,Structural Foundation,F11,CT-FOUNDATION RAFT BOTTOM,126.981366,Standard,64 mm
16 mm,2200 mm,15039.87 cm³,322,322,74802 mm,34,STR-Model,Structural Foundation,F11,CT-FOUNDATION RAFT BOTTOM,118.213361,Standard,64 mm
16 mm,11200 mm,22519.09 cm³,323,333,112001 mm,10,STR-Model,Structural Foundation,F11,CT-FOUNDATION RAFT BOTTOM,177.000024,Standard,64 mm
16 mm,8000 mm,19302.02 cm³,397,2167,96000 mm,12,STR-Model,Structural Foundation,F11,CT-FOUNDATION RAFT BOTTOM,151.713894,Standard,64 mm
16 mm,8035 mm,19386.47 cm³,395,2405,96420 mm,12,STR-Model,Structural Foundation,F11,CT-FOUNDATION RAFT BOTTOM,152.377639,Standard,64 mm
16 mm,11200 mm,29274.81 cm³,323,333,145601 mm,13,STR-Model,Structural Foundation,F11,CT-FOUNDATION RAFT BOTTOM,230.100031,Standard,64 mm
16 mm,11200 mm,31526.72 cm³,323,333,156801 mm,14,STR-Model,Structural Foundation,F11,CT-FOUNDATION RAFT BOTTOM,247.800034,Standard,64 mm
16 mm,2730 mm,18663.14 cm³,326,337,92823 mm,34,STR-Model,Structural Foundation,F11,CT-FOUNDATION RAFT BOTTOM,146.692244,Standard,64 mm
16 mm,2730 mm,18663.14 cm³,326,337,92823 mm,34,STR-Model,Structural Foundation,F11,CT-FOUNDATION RAFT BOTTOM,146.692244,Standard,64 mm
16 mm,2200 mm,13270.47 cm³,322,322,66002 mm,30,STR-Model,Structural Foundation,F11,CT-FOUNDATION RAFT BOTTOM,104.305907,Standard,64 mm
16 mm,12000 mm,28952.92 cm³,396,394,144000 mm,12,STR-Model,Structural Foundation,F11,CT-FOUNDATION RAFT BOTTOM,227.569935,Standard,64 mm
16 mm,12000 mm,24127.43 cm³,396,394,120000 mm,10,STR-Model,Structural Foundation,F11,CT-FOUNDATION RAFT BOTTOM,189.641612,Standard,64 mm
16 mm,2625 mm,15834.26 cm³,331,341,78753 mm,30,STR-Model,Structural Foundation,F11,CT-FOUNDATION RAFT BOTTOM,124.457271,Standard,64 mm
16 mm,2200 mm,11943.42 cm³,322,322,59402 mm,27,STR-Model,Structural Foundation,F11,CT-FOUNDATION RAFT BOTTOM,93.875316,Standard,64 mm
16 mm,2200 mm,13270.47 cm³,322,322,66002 mm,30,STR-Model,Structural Foundation,F11,CT-FOUNDATION RAFT BOTTOM,104.305907,Standard,64 mm
16 mm,2625 mm,14250.83 cm³,331,341,70878 mm,27,STR-Model,Structural Foundation,F11,CT-FOUNDATION RAFT BOTTOM,112.011544,Standard,64 mm
16 mm,2625 mm,15834.26 cm³,331,341,78753 mm,30,STR-Model,Structural Foundation,F11,CT-FOUNDATION RAFT BOTTOM,124.457271,Standard,64 mm
16 mm,11200 mm,22519.09 cm³,323,333,112001 mm,10,STR-Model,Structural Foundation,F11,CT-FOUNDATION RAFT TOP,177.000024,Standard,64 mm
16 mm,2200 mm,15039.87 cm³,322,322,74802 mm,34,STR-Model,Structural Foundation,F11,CT-FOUNDATION RAFT TOP,118.213361,Standard,64 mm
16 mm,8000 mm,19302.02 cm³,397,2167,96000 mm,12,STR-Model,Structural Foundation,F11,CT-FOUNDATION RAFT TOP,151.713894,Standard,64 mm
16 mm,8035 mm,19386.47 cm³,395,2405,96420 mm,12,STR-Model,Structural Foundation,F11,CT-FOUNDATION RAFT TOP,152.377639,Standard,64 mm
16 mm,12000 mm,28952.92 cm³,396,394,144000 mm,12,STR-Model,Structural Foundation,F11,CT-FOUNDATION RAFT TOP,227.569935,Standard,64 mm
16 mm,8000 mm,16085.02 cm³,397,2167,80000 mm,10,STR-Model,Structural Foundation,F11,CT-FOUNDATION RAFT TOP,126.428245,Standard,64 mm
16 mm,8035 mm,16155.39 cm³,395,2405,80350 mm,10,STR-Model,Structural Foundation,F11,CT-FOUNDATION RAFT TOP,126.981366,Standard,64 mm
16 mm,12000 mm,24127.43 cm³,396,394,120000 mm,10,STR-Model,Structural Foundation,F11,CT-FOUNDATION RAFT TOP,189.641612,Standard,64 mm
16 mm,2200 mm,13270.47 cm³,322,322,66002 mm,30,STR-Model,Structural Foundation,F11,CT-FOUNDATION RAFT TOP,104.305907,Standard,64 mm
16 mm,2625 mm,15834.26 cm³,331,341,78753 mm,30,STR-Model,Structural Foundation,F11,CT-FOUNDATION RAFT TOP,124.457271,Standard,64 mm
16 mm,11200 mm,31526.72 cm³,323,333,156801 mm,14,STR-Model,Structural Foundation,F11,CT-FOUNDATION RAFT TOP,247.800034,Standard,64 mm
16 mm,2200 mm,15039.87 cm³,322,322,74802 mm,34,STR-Model,Structural Foundation,F11,CT-FOUNDATION RAFT TOP,118.213361,Standard,64 mm
16 mm,2730 mm,18663.14 cm³,326,337,92823 mm,34,STR-Model,Structural Foundation,F11,CT-FOUNDATION RAFT TOP,146.692244,Standard,64 mm
16 mm,2730 mm,18663.14 cm³,326,337,92823 mm,34,STR-Model,Structural Foundation,F11,CT-FOUNDATION RAFT TOP,146.692244,Standard,64 mm
16 mm,11200 mm,29274.81 cm³,323,333,145601 mm,13,STR-Model,Structural Foundation,F11,CT-FOUNDATION RAFT TOP,230.100031,Standard,64 mm
16 mm,11200 mm,22519.09 cm³,323,333,112001 mm,10,STR-Model,Structural Foundation,F11,CT-FOUNDATION RAFT TOP,177.000024,Standard,64 mm
16 mm,2625 mm,15834.26 cm³,331,341,78753 mm,30,STR-Model,Structural Foundation,F11,CT-FOUNDATION RAFT TOP,124.457271,Standard,64 mm
16 mm,2200 mm,13270.47 cm³,322,322,66002 mm,30,STR-Model,Structural Foundation,F11,CT-FOUNDATION RAFT TOP,104.305907,Standard,64 mm
16 mm,2200 mm,11943.42 cm³,322,322,59402 mm,27,STR-Model,Structural Foundation,F11,CT-FOUNDATION RAFT TOP,93.875316,Standard,64 mm
16 mm,2625 mm,14250.83 cm³,331,341,70878 mm,27,STR-Model,Structural Foundation,F11,CT-FOUNDATION RAFT TOP,112.011544,Standard,64 mm
16 mm,3600 mm,8685.81 cm³,320,352,43200 mm,12,STR-Model,Structural Column,PD2 400x550x2900,CT-COLUMN,68.270445,Standard,64 mm
16 mm,3600 mm,8685.81 cm³,320,352,43200 mm,12,STR-Model,Structural Column,PD2 400x550x2900,CT-COLUMN,68.270445,Standard,64 mm
16 mm,3600 mm,8685.81 cm³,320,352,43200 mm,12,STR-Model,Structural Column,PD2 400x550x2900,CT-COLUMN,68.270445,Standard,64 mm
16 mm,3600 mm,1447.64 cm³,341,2406,7200 mm,2,STR-Model,Structural Column,PD2 400x550x2900,CT-COLUMN,11.378483,Standard,64 mm
16 mm,3600 mm,1447.64 cm³,341,2406,7200 mm,2,STR-Model,Structural Column,PD2 400x550x2900,CT-COLUMN,11.378483,Standard,64 mm
16 mm,3600 mm,1447.64 cm³,341,2406,7200 mm,2,STR-Model,Structural Column,PD2 400x550x2900,CT-COLUMN,11.378483,Standard,64 mm
16 mm,1500 mm,38001.51 cm³,549,549,189004 mm,126,STR-Model,Wall,STW1,CT-WALL,298.691882,Standard,64 mm
16 mm,1708 mm,343.33 cm³,2553,2592,1708 mm,1,STR-Model,Wall,STW1,CT-WALL,2.698555,Standard,64 mm
16 mm,1511 mm,303.85 cm³,2555,2594,1511 mm,1,STR-Model,Wall,STW1,CT-WALL,2.388279,Standard,64 mm
16 mm,1640 mm,329.72 cm³,527,527,1640 mm,1,STR-Model,Wall,STW1,CT-WALL,2.591605,Standard,64 mm
16 mm,1499 mm,301.33 cm³,2558,2597,1499 mm,1,STR-Model,Wall,STW1,CT-WALL,2.36844,Standard,64 mm
16 mm,1527 mm,306.94 cm³,2564,2603,1527 mm,1,STR-Model,Wall,STW1,CT-WALL,2.412536,Standard,64 mm
16 mm,1584 mm,318.49 cm³,788,802,1584 mm,1,STR-Model,Wall,STW1,CT-WALL,2.503355,Standard,64 mm
16 mm,1493 mm,300.09 cm³,528,528,1493 mm,1,STR-Model,Wall,STW1,CT-WALL,2.358741,Standard,64 mm
16 mm,1536 mm,308.79 cm³,2567,2605,1536 mm,1,STR-Model,Wall,STW1,CT-WALL,2.42708,Standard,64 mm
16 mm,1567 mm,315.12 cm³,523,523,1567 mm,1,STR-Model,Wall,STW1,CT-WALL,2.476831,Standard,64 mm
16 mm,1500 mm,301.67 cm³,530,530,1500 mm,1,STR-Model,Wall,STW1,CT-WALL,2.371162,Standard,64 mm
16 mm,4800 mm,8685.79 cm³,550,550,43200 mm,9,STR-Model,Wall,STW1,CT-WALL,68.270337,Standard,64 mm
16 mm,4800 mm,36673.35 cm³,550,550,182398 mm,38,STR-Model,Wall,STW1,CT-WALL,288.252535,Standard,64 mm
16 mm,4800 mm,37638.44 cm³,550,550,187198 mm,39,STR-Model,Wall,STW1,CT-WALL,295.838128,Standard,64 mm
16 mm,4800 mm,28952.65 cm³,550,550,143999 mm,30,STR-Model,Wall,STW1,CT-WALL,227.567791,Standard,64 mm
16 mm,2800 mm,562.97 cm³,532,532,2800 mm,1,STR-Model,Wall,STW1,CT-WALL,4.424976,Standard,64 mm
16 mm,2626 mm,527.92 cm³,2548,2587,2626 mm,1,STR-Model,Wall,STW1,CT-WALL,4.149483,Standard,64 mm
16 mm,2613 mm,525.41 cm³,774,774,2613 mm,1,STR-Model,Wall,STW1,CT-WALL,4.129734,Standard,64 mm
16 mm,2737 mm,550.33 cm³,2551,2590,2737 mm,1,STR-Model,Wall,STW1,CT-WALL,4.325571,Standard,64 mm
16 mm,2702 mm,543.22 cm³,2563,2602,2702 mm,1,STR-Model,Wall,STW1,CT-WALL,4.269681,Standard,64 mm
16 mm,2607 mm,524.17 cm³,2561,2600,2607 mm,1,STR-Model,Wall,STW1,CT-WALL,4.119968,Standard,64 mm
16 mm,2641 mm,531.00 cm³,2559,2598,2641 mm,1,STR-Model,Wall,STW1,CT-WALL,4.173692,Standard,64 mm
16 mm,2684 mm,539.70 cm³,2569,2607,2684 mm,1,STR-Model,Wall,STW1,CT-WALL,4.242007,Standard,64 mm
16 mm,2606 mm,523.99 cm³,610,610,2606 mm,1,STR-Model,Wall,STW1,CT-WALL,4.118553,Standard,64 mm
16 mm,2651 mm,533.00 cm³,515,515,2651 mm,1,STR-Model,Wall,STW1,CT-WALL,4.189403,Standard,64 mm
16 mm,1500 mm,38001.51 cm³,549,549,189004 mm,126,STR-Model,Wall,STW1,CT-WALL,298.691882,Standard,64 mm
16 mm,1850 mm,371.97 cm³,504,504,1850 mm,1,STR-Model,Wall,STW1,CT-WALL,2.923692,Standard,64 mm
16 mm,4800 mm,11581.06 cm³,550,550,57599 mm,12,STR-Model,Wall,STW1,CT-WALL,91.027093,Standard,64 mm
16 mm,4800 mm,13511.23 cm³,550,550,67199 mm,14,STR-Model,Wall,STW1,CT-WALL,106.198302,Standard,64 mm
16 mm,2600 mm,522.77 cm³,503,503,2600 mm,1,STR-Model,Wall,STW1,CT-WALL,4.10896,Standard,64 mm
16 mm,1545 mm,310.72 cm³,538,538,1545 mm,1,STR-Model,Wall,STW1,CT-WALL,2.442267,Standard,64 mm
16 mm,2662 mm,535.26 cm³,2542,2582,2662 mm,1,STR-Model,Wall,STW1,CT-WALL,4.207104,Standard,64 mm
16 mm,1486 mm,298.85 cm³,609,609,1486 mm,1,STR-Model,Wall,STW1,CT-WALL,2.348935,Standard,64 mm
16 mm,2603 mm,523.42 cm³,607,611,2603 mm,1,STR-Model,Wall,STW1,CT-WALL,4.114056,Standard,64 mm
16 mm,1549 mm,311.44 cm³,2539,2580,1549 mm,1,STR-Model,Wall,STW1,CT-WALL,2.44789,Standard,64 mm
16 mm,2666 mm,535.97 cm³,558,558,2666 mm,1,STR-Model,Wall,STW1,CT-WALL,4.212693,Standard,64 mm
16 mm,4800 mm,8685.83 cm³,550,550,43200 mm,9,STR-Model,Wall,STW1,CT-WALL,68.270596,Standard,64 mm
16 mm,4429 mm,890.58 cm³,556,556,4429 mm,1,STR-Model,Wall,STW1,CT-WALL,6.999935,Standard,64 mm
16 mm,4800 mm,965.09 cm³,550,550,4800 mm,1,STR-Model,Wall,STW1,CT-WALL,7.585622,Standard,64 mm
16 mm,4354 mm,875.37 cm³,513,513,4354 mm,1,STR-Model,Wall,STW1,CT-WALL,6.880403,Standard,64 mm
16 mm,4800 mm,16406.56 cm³,550,550,81600 mm,17,STR-Model,Wall,STW1,CT-WALL,128.95557,Standard,64 mm
16 mm,1850 mm,371.96 cm³,504,504,1850 mm,1,STR-Model,Wall,STW1,CT-WALL,2.923639,Standard,64 mm
16 mm,2600 mm,522.77 cm³,503,503,2600 mm,1,STR-Model,Wall,STW1,CT-WALL,4.10896,Standard,64 mm
16 mm,4800 mm,9650.92 cm³,550,550,48000 mm,10,STR-Model,Wall,STW1,CT-WALL,75.856217,Standard,64 mm
16 mm,1509 mm,303.38 cm³,2507,2548,1509 mm,1,STR-Model,Wall,STW1,CT-WALL,2.384594,Standard,64 mm
16 mm,2626 mm,527.97 cm³,2505,2546,2626 mm,1,STR-Model,Wall,STW1,CT-WALL,4.149824,Standard,64 mm
16 mm,1494 mm,300.42 cm³,2509,2550,1494 mm,1,STR-Model,Wall,STW1,CT-WALL,2.361291,Standard,64 mm
16 mm,2610 mm,524.72 cm³,563,563,2610 mm,1,STR-Model,Wall,STW1,CT-WALL,4.124279,Standard,64 mm
16 mm,1614 mm,324.56 cm³,511,509,1614 mm,1,STR-Model,Wall,STW1,CT-WALL,2.551058,Standard,64 mm
16 mm,2731 mm,549.03 cm³,614,512,2731 mm,1,STR-Model,Wall,STW1,CT-WALL,4.31538,Standard,64 mm
16 mm,4800 mm,5790.55 cm³,550,550,28800 mm,6,STR-Model,Wall,STW1,CT-WALL,45.51373,Standard,64 mm
16 mm,4414 mm,887.40 cm³,2526,2567,4414 mm,1,STR-Model,Wall,STW1,CT-WALL,6.974952,Standard,64 mm
16 mm,4800 mm,23162.20 cm³,550,550,115199 mm,24,STR-Model,Wall,STW1,CT-WALL,182.054922,Standard,64 mm
16 mm,1850 mm,371.96 cm³,504,504,1850 mm,1,STR-Model,Wall,STW1,CT-WALL,2.923639,Standard,64 mm
16 mm,2600 mm,522.77 cm³,503,503,2600 mm,1,STR-Model,Wall,STW1,CT-WALL,4.108989,Standard,64 mm
16 mm,4800 mm,2895.30 cm³,550,550,14400 mm,3,STR-Model,Wall,STW1,CT-WALL,22.757056,Standard,64 mm
16 mm,1701 mm,341.95 cm³,2502,2543,1701 mm,1,STR-Model,Wall,STW1,CT-WALL,2.687753,Standard,64 mm
16 mm,2818 mm,566.56 cm³,2498,2539,2818 mm,1,STR-Model,Wall,STW1,CT-WALL,4.453137,Standard,64 mm
16 mm,1510 mm,303.58 cm³,2500,2541,1510 mm,1,STR-Model,Wall,STW1,CT-WALL,2.38616,Standard,64 mm
16 mm,2633 mm,529.37 cm³,2493,2533,2633 mm,1,STR-Model,Wall,STW1,CT-WALL,4.160844,Standard,64 mm
16 mm,1595 mm,320.74 cm³,2492,2532,1595 mm,1,STR-Model,Wall,STW1,CT-WALL,2.520989,Standard,64 mm
16 mm,2728 mm,548.45 cm³,512,2537,2728 mm,1,STR-Model,Wall,STW1,CT-WALL,4.310839,Standard,64 mm
16 mm,1495 mm,300.58 cm³,2489,2530,1495 mm,1,STR-Model,Wall,STW1,CT-WALL,2.362537,Standard,64 mm
16 mm,2611 mm,524.94 cm³,2495,2535,2611 mm,1,STR-Model,Wall,STW1,CT-WALL,4.126034,Standard,64 mm
16 mm,4800 mm,5790.55 cm³,550,550,28800 mm,6,STR-Model,Wall,STW1,CT-WALL,45.51373,Standard,64 mm
16 mm,4444 mm,893.58 cm³,2521,2562,4444 mm,1,STR-Model,Wall,STW1,CT-WALL,7.023566,Standard,64 mm
16 mm,4800 mm,3860.37 cm³,550,550,19200 mm,4,STR-Model,Wall,STW1,CT-WALL,30.342487,Standard,64 mm
16 mm,4330 mm,870.58 cm³,2518,2559,4330 mm,1,STR-Model,Wall,STW1,CT-WALL,6.842793,Standard,64 mm
16 mm,4800 mm,1930.18 cm³,550,550,9600 mm,2,STR-Model,Wall,STW1,CT-WALL,15.171243,Standard,64 mm
16 mm,1500 mm,13571.97 cm³,549,549,67501 mm,45,STR-Model,Wall,STW1,CT-WALL,106.675672,Standard,64 mm
16 mm,4800 mm,43429.13 cm³,550,550,215999 mm,45,STR-Model,Wall,STW1,CT-WALL,341.352979,Standard,64 mm
16 mm,1500 mm,13571.97 cm³,549,549,67501 mm,45,STR-Model,Wall,STW1,CT-WALL,106.675672,Standard,64 mm
16 mm,4800 mm,43428.97 cm³,550,550,215998 mm,45,STR-Model,Wall,STW1,CT-WALL,341.351686,Standard,64 mm
16 mm,2400 mm,60801.93 cm³,572,572,302404 mm,126,STR-Model,Wall,STW1,CT-WALL,477.903203,Standard,64 mm
16 mm,2400 mm,21714.98 cm³,572,572,108001 mm,45,STR-Model,Wall,STW1,CT-WALL,170.679716,Standard,64 mm
16 mm,2400 mm,21714.98 cm³,572,572,108001 mm,45,STR-Model,Wall,STW1,CT-WALL,170.679716,Standard,64 mm
16 mm,2400 mm,60801.79 cm³,572,572,302403 mm,126,STR-Model,Wall,STW1,CT-WALL,477.902096,Standard,64 mm
16 mm,2500 mm,7037.17 cm³,641,642,35000 mm,14,STR-Model,Floor,CT - FLOOR,ADDITIONAL Top X,55.312137,Standard,64 mm
16 mm,2500 mm,7037.17 cm³,641,642,35000 mm,14,STR-Model,Floor,CT - FLOOR,ADDITIONAL Top X,55.312137,Standard,64 mm
16 mm,2500 mm,7037.17 cm³,641,642,35000 mm,14,STR-Model,Floor,CT - FLOOR,ADDITIONAL Top X,55.312137,Standard,64 mm
16 mm,2500 mm,7037.17 cm³,641,642,35000 mm,14,STR-Model,Floor,CT - FLOOR,ADDITIONAL Top X,55.312137,Standard,64 mm
16 mm,2500 mm,7037.17 cm³,641,642,35000 mm,14,STR-Model,Floor,CT - FLOOR,ADDITIONAL Top X,55.312137,Standard,64 mm
16 mm,1500 mm,4222.30 cm³,642,643,21000 mm,14,STR-Model,Floor,CT - FLOOR,ADDITIONAL Top X,33.187282,Standard,64 mm
16 mm,2500 mm,7037.17 cm³,641,642,35000 mm,14,STR-Model,Floor,CT - FLOOR,ADDITIONAL Top X,55.312137,Standard,64 mm
16 mm,2500 mm,7037.17 cm³,641,642,35000 mm,14,STR-Model,Floor,CT - FLOOR,ADDITIONAL Top X,55.312137,Standard,64 mm
16 mm,2500 mm,7037.17 cm³,641,642,35000 mm,14,STR-Model,Floor,CT - FLOOR,ADDITIONAL Top X,55.312137,Standard,64 mm
16 mm,2500 mm,7037.17 cm³,641,642,35000 mm,14,STR-Model,Floor,CT - FLOOR,ADDITIONAL Top X,55.312137,Standard,64 mm
16 mm,2500 mm,7037.17 cm³,641,642,35000 mm,14,STR-Model,Floor,CT - FLOOR,ADDITIONAL Top X,55.312137,Standard,64 mm
16 mm,1500 mm,4222.30 cm³,642,643,21000 mm,14,STR-Model,Floor,CT - FLOOR,ADDITIONAL Top X,33.187282,Standard,64 mm
16 mm,1500 mm,4222.30 cm³,642,643,21000 mm,14,STR-Model,Floor,CT - FLOOR,ADDITIONAL Top X,33.187282,Standard,64 mm
16 mm,2500 mm,7037.20 cm³,644,645,35000 mm,14,STR-Model,Floor,CT - FLOOR,ADDITIONAL Top Y,55.31236,Standard,64 mm
16 mm,2500 mm,7037.20 cm³,644,645,35000 mm,14,STR-Model,Floor,CT - FLOOR,ADDITIONAL Top Y,55.31236,Standard,64 mm
16 mm,2500 mm,7037.20 cm³,644,645,35000 mm,14,STR-Model,Floor,CT - FLOOR,ADDITIONAL Top Y,55.31236,Standard,64 mm
16 mm,2500 mm,4523.91 cm³,644,645,22500 mm,9,STR-Model,Floor,CT - FLOOR,ADDITIONAL Top Y,35.557946,Standard,64 mm
16 mm,2500 mm,7037.20 cm³,644,645,35000 mm,14,STR-Model,Floor,CT - FLOOR,ADDITIONAL Top Y,55.31236,Standard,64 mm
16 mm,2500 mm,7037.20 cm³,644,645,35000 mm,14,STR-Model,Floor,CT - FLOOR,ADDITIONAL Top Y,55.31236,Standard,64 mm
16 mm,2500 mm,7037.20 cm³,644,645,35000 mm,14,STR-Model,Floor,CT - FLOOR,ADDITIONAL Top Y,55.31236,Standard,64 mm
16 mm,2500 mm,7037.20 cm³,644,645,35000 mm,14,STR-Model,Floor,CT - FLOOR,ADDITIONAL Top Y,55.31236,Standard,64 mm
16 mm,2500 mm,7037.20 cm³,644,645,35000 mm,14,STR-Model,Floor,CT - FLOOR,ADDITIONAL Top Y,55.31236,Standard,64 mm
16 mm,2500 mm,7037.20 cm³,644,645,35000 mm,14,STR-Model,Floor,CT - FLOOR,ADDITIONAL Top Y,55.31236,Standard,64 mm
16 mm,2500 mm,7037.20 cm³,644,645,35000 mm,14,STR-Model,Floor,CT - FLOOR,ADDITIONAL Top Y,55.31236,Standard,64 mm
16 mm,2500 mm,4523.91 cm³,644,645,22500 mm,9,STR-Model,Floor,CT - FLOOR,ADDITIONAL Top Y,35.557946,Standard,64 mm
16 mm,2500 mm,4523.91 cm³,644,645,22500 mm,9,STR-Model,Floor,CT - FLOOR,ADDITIONAL Top Y,35.557946,Standard,64 mm
16 mm,2500 mm,4523.91 cm³,644,645,22500 mm,9,STR-Model,Floor,CT - FLOOR,ADDITIONAL Top Y,35.557946,Standard,64 mm
16 mm,5101 mm,10255.30 cm³,768,768,51006 mm,10,STR-Model,Structural Column,PD2 400x550x4400,CT-COLUMN,80.606671,Standard,64 mm
16 mm,5300 mm,4262.49 cm³,769,769,21200 mm,4,STR-Model,Structural Column,PD2 400x550x4400,CT-COLUMN,33.503153,Standard,64 mm
16 mm,5101 mm,10255.30 cm³,768,768,51006 mm,10,STR-Model,Structural Column,PD2 400x550x4400,CT-COLUMN,80.606671,Standard,64 mm
16 mm,5300 mm,4262.49 cm³,769,769,21200 mm,4,STR-Model,Structural Column,PD2 400x550x4400,CT-COLUMN,33.503153,Standard,64 mm
16 mm,5101 mm,10255.30 cm³,768,768,51006 mm,10,STR-Model,Structural Column,PD2 400x550x4400,CT-COLUMN,80.606671,Standard,64 mm
16 mm,5300 mm,4262.49 cm³,769,769,21200 mm,4,STR-Model,Structural Column,PD2 400x550x4400,CT-COLUMN,33.503153,Standard,64 mm
16 mm,5101 mm,10255.30 cm³,768,768,51006 mm,10,STR-Model,Structural Column,PD2 400x550x4400,CT-COLUMN,80.606671,Standard,64 mm
16 mm,5300 mm,4262.49 cm³,769,769,21200 mm,4,STR-Model,Structural Column,PD2 400x550x4400,CT-COLUMN,33.503153,Standard,64 mm
16 mm,1750 mm,4222.30 cm³,714,749,21000 mm,12,STR-Model,Wall,STW1,CT-WALL,33.187282,Standard,64 mm
16 mm,1750 mm,4222.30 cm³,714,749,21000 mm,12,STR-Model,Wall,STW1,CT-WALL,33.187282,Standard,64 mm
16 mm,1750 mm,4222.30 cm³,714,749,21000 mm,12,STR-Model,Wall,STW1,CT-WALL,33.187282,Standard,64 mm
16 mm,1750 mm,4222.30 cm³,714,749,21000 mm,12,STR-Model,Wall,STW1,CT-WALL,33.187282,Standard,64 mm
16 mm,1750 mm,4222.30 cm³,714,749,21000 mm,12,STR-Model,Wall,STW1,CT-WALL,33.187282,Standard,64 mm
16 mm,1750 mm,4222.30 cm³,714,749,21000 mm,12,STR-Model,Wall,STW1,CT-WALL,33.187282,Standard,64 mm
16 mm,1750 mm,4222.30 cm³,714,749,21000 mm,12,STR-Model,Wall,STW1,CT-WALL,33.187282,Standard,64 mm
16 mm,1400 mm,3377.84 cm³,713,713,16800 mm,12,STR-Model,Wall,STW1,CT-WALL,26.549826,Standard,64 mm
16 mm,1750 mm,4222.30 cm³,714,749,21000 mm,12,STR-Model,Wall,STW1,CT-WALL,33.187282,Standard,64 mm
16 mm,1400 mm,3377.84 cm³,713,713,16800 mm,12,STR-Model,Wall,STW1,CT-WALL,26.549826,Standard,64 mm
16 mm,1750 mm,4222.30 cm³,714,749,21000 mm,12,STR-Model,Wall,STW1,CT-WALL,33.187282,Standard,64 mm
16 mm,1400 mm,3377.84 cm³,713,713,16800 mm,12,STR-Model,Wall,STW1,CT-WALL,26.549826,Standard,64 mm
16 mm,1750 mm,4222.30 cm³,714,749,21000 mm,12,STR-Model,Wall,STW1,CT-WALL,33.187282,Standard,64 mm
16 mm,1400 mm,3377.84 cm³,713,713,16800 mm,12,STR-Model,Wall,STW1,CT-WALL,26.549826,Standard,64 mm
16 mm,1750 mm,4222.30 cm³,714,749,21000 mm,12,STR-Model,Wall,STW1,CT-WALL,33.187282,Standard,64 mm
16 mm,1400 mm,3377.84 cm³,713,713,16800 mm,12,STR-Model,Wall,STW1,CT-WALL,26.549826,Standard,64 mm
16 mm,1750 mm,4222.30 cm³,714,749,21000 mm,12,STR-Model,Wall,STW1,CT-WALL,33.187282,Standard,64 mm
16 mm,1400 mm,3377.84 cm³,713,713,16800 mm,12,STR-Model,Wall,STW1,CT-WALL,26.549826,Standard,64 mm
16 mm,10600 mm,27706.33 cm³,2444,2475,137800 mm,13,STR-Model,Floor,,ROOF-MESH BOTTOM X,217.771785,Standard,64 mm
16 mm,9600 mm,23162.33 cm³,2392,2474,115200 mm,12,STR-Model,Floor,,ROOF-MESH BOTTOM X,182.055948,Standard,64 mm
16 mm,12000 mm,31365.66 cm³,396,394,156000 mm,13,STR-Model,Floor,,ROOF-MESH BOTTOM X,246.534096,Standard,64 mm
16 mm,12000 mm,28952.92 cm³,396,394,144000 mm,12,STR-Model,Floor,,ROOF-MESH BOTTOM X,227.569935,Standard,64 mm
16 mm,12000 mm,31365.66 cm³,396,396,156000 mm,13,STR-Model,Floor,,ROOF-MESH BOTTOM X,246.534096,Standard,64 mm
16 mm,12000 mm,28952.92 cm³,396,396,144000 mm,12,STR-Model,Floor,,ROOF-MESH BOTTOM X,227.569935,Standard,64 mm
16 mm,11000 mm,28751.86 cm³,2367,2367,143000 mm,13,STR-Model,Floor,,ROOF-MESH BOTTOM X,225.989588,Standard,64 mm
16 mm,12000 mm,28952.92 cm³,396,396,144000 mm,12,STR-Model,Floor,,ROOF-MESH BOTTOM X,227.569935,Standard,64 mm
16 mm,11000 mm,44232.95 cm³,2876,2914,219997 mm,20,STR-Model,Floor,,ROOF-MESH BOTTOM X,347.670974,Standard,64 mm
16 mm,12000 mm,45841.48 cm³,2875,2912,227997 mm,19,STR-Model,Floor,,ROOF-MESH BOTTOM X,360.314014,Standard,64 mm
16 mm,12000 mm,45842.12 cm³,396,396,228000 mm,19,STR-Model,Floor,,ROOF-MESH BOTTOM X,360.319063,Standard,64 mm
16 mm,12000 mm,48254.86 cm³,396,396,240000 mm,20,STR-Model,Floor,,ROOF-MESH BOTTOM X,379.283224,Standard,64 mm
16 mm,12000 mm,48254.86 cm³,396,396,240000 mm,20,STR-Model,Floor,,ROOF-MESH BOTTOM X,379.283224,Standard,64 mm
16 mm,12000 mm,45842.12 cm³,396,396,228000 mm,19,STR-Model,Floor,,ROOF-MESH BOTTOM X,360.319063,Standard,64 mm
16 mm,8000 mm,32169.91 cm³,1797,1797,160000 mm,20,STR-Model,Floor,,ROOF-MESH BOTTOM X,252.855483,Standard,64 mm
16 mm,5500 mm,21010.97 cm³,2115,2515,104500 mm,19,STR-Model,Floor,,ROOF-MESH BOTTOM X,165.146237,Standard,64 mm
16 mm,9499 mm,38197.07 cm³,2877,2915,189977 mm,20,STR-Model,Floor,,ROOF-MESH BOTTOM X,300.228964,Standard,64 mm
16 mm,11000 mm,42021.30 cm³,2876,2914,208997 mm,19,STR-Model,Floor,,ROOF-MESH BOTTOM X,330.287426,Standard,64 mm
16 mm,7600 mm,15280.71 cm³,2450,2484,76000 mm,10,STR-Model,Floor,,ROOF-MESH BOTTOM Y,120.106354,Standard,64 mm
16 mm,8000 mm,14476.46 cm³,1797,2516,72000 mm,9,STR-Model,Floor,,ROOF-MESH BOTTOM Y,113.784967,Standard,64 mm
16 mm,10000 mm,18095.57 cm³,1796,1651,90000 mm,9,STR-Model,Floor,,ROOF-MESH BOTTOM Y,142.231209,Standard,64 mm
16 mm,9600 mm,19301.95 cm³,2392,2474,96000 mm,10,STR-Model,Floor,,ROOF-MESH BOTTOM Y,151.71329,Standard,64 mm
16 mm,7000 mm,25333.80 cm³,2058,1904,126000 mm,18,STR-Model,Floor,,ROOF-MESH BOTTOM Y,199.123693,Standard,64 mm
16 mm,6502 mm,23530.88 cm³,2883,2921,117033 mm,18,STR-Model,Floor,,ROOF-MESH BOTTOM Y,184.952681,Standard,64 mm
16 mm,12002 mm,41022.90 cm³,2884,2922,204031 mm,17,STR-Model,Floor,,ROOF-MESH BOTTOM Y,322.439955,Standard,64 mm
16 mm,7000 mm,23926.37 cm³,2058,1904,119000 mm,17,STR-Model,Floor,,ROOF-MESH BOTTOM Y,188.061265,Standard,64 mm
16 mm,7002 mm,23932.63 cm³,2878,2916,119031 mm,17,STR-Model,Floor,,ROOF-MESH BOTTOM Y,188.11048,Standard,64 mm
16 mm,11999 mm,43425.15 cm³,2879,2917,215979 mm,18,STR-Model,Floor,,ROOF-MESH BOTTOM Y,341.321673,Standard,64 mm
16 mm,6000 mm,13270.09 cm³,1013,2038,66000 mm,11,STR-Model,Floor,,ROOF-MESH BOTTOM Y,104.302887,Standard,64 mm
16 mm,6000 mm,12063.72 cm³,1013,2038,60000 mm,10,STR-Model,Floor,,ROOF-MESH BOTTOM Y,94.820806,Standard,64 mm
16 mm,7600 mm,16808.78 cm³,2450,2484,83600 mm,11,STR-Model,Floor,,ROOF-MESH BOTTOM Y,132.11699,Standard,64 mm
16 mm,8000 mm,16084.95 cm³,1797,2516,80000 mm,10,STR-Model,Floor,,ROOF-MESH BOTTOM Y,126.427741,Standard,64 mm
16 mm,10000 mm,20106.19 cm³,1796,1651,100000 mm,10,STR-Model,Floor,,ROOF-MESH BOTTOM Y,158.034677,Standard,64 mm
16 mm,9600 mm,21232.14 cm³,2392,2474,105600 mm,11,STR-Model,Floor,,ROOF-MESH BOTTOM Y,166.884619,Standard,64 mm
16 mm,6000 mm,13270.09 cm³,1013,2038,66000 mm,11,STR-Model,Floor,,ROOF-MESH BOTTOM Y,104.302887,Standard,64 mm
16 mm,6000 mm,12063.72 cm³,1013,2038,60000 mm,10,STR-Model,Floor,,ROOF-MESH BOTTOM Y,94.820806,Standard,64 mm
16 mm,7600 mm,16808.78 cm³,2450,2484,83600 mm,11,STR-Model,Floor,,ROOF-MESH BOTTOM Y,132.11699,Standard,64 mm
16 mm,8000 mm,16084.95 cm³,1797,2516,80000 mm,10,STR-Model,Floor,,ROOF-MESH BOTTOM Y,126.427741,Standard,64 mm
16 mm,10000 mm,20106.19 cm³,1796,1651,100000 mm,10,STR-Model,Floor,,ROOF-MESH BOTTOM Y,158.034677,Standard,64 mm
16 mm,9600 mm,21232.14 cm³,2392,2474,105600 mm,11,STR-Model,Floor,,ROOF-MESH BOTTOM Y,166.884619,Standard,64 mm
16 mm,6000 mm,13270.09 cm³,1013,2038,66000 mm,11,STR-Model,Floor,,ROOF-MESH BOTTOM Y,104.302887,Standard,64 mm
16 mm,6000 mm,12063.72 cm³,1013,2038,60000 mm,10,STR-Model,Floor,,ROOF-MESH BOTTOM Y,94.820806,Standard,64 mm
16 mm,7600 mm,16808.78 cm³,2450,2484,83600 mm,11,STR-Model,Floor,,ROOF-MESH BOTTOM Y,132.11699,Standard,64 mm
16 mm,8000 mm,16084.95 cm³,1797,2516,80000 mm,10,STR-Model,Floor,,ROOF-MESH BOTTOM Y,126.427741,Standard,64 mm
16 mm,10000 mm,20106.19 cm³,1796,1651,100000 mm,10,STR-Model,Floor,,ROOF-MESH BOTTOM Y,158.034677,Standard,64 mm
16 mm,9600 mm,21232.14 cm³,2392,2474,105600 mm,11,STR-Model,Floor,,ROOF-MESH BOTTOM Y,166.884619,Standard,64 mm
16 mm,6000 mm,12063.72 cm³,1013,2038,60000 mm,10,STR-Model,Floor,,ROOF-MESH BOTTOM Y,94.820806,Standard,64 mm
16 mm,6000 mm,10857.34 cm³,1013,2038,54000 mm,9,STR-Model,Floor,,ROOF-MESH BOTTOM Y,85.338725,Standard,64 mm
16 mm,7600 mm,15280.71 cm³,2450,2484,76000 mm,10,STR-Model,Floor,,ROOF-MESH BOTTOM Y,120.106354,Standard,64 mm
16 mm,8000 mm,14476.46 cm³,1797,2516,72000 mm,9,STR-Model,Floor,,ROOF-MESH BOTTOM Y,113.784967,Standard,64 mm
16 mm,10000 mm,18095.57 cm³,1796,1651,90000 mm,9,STR-Model,Floor,,ROOF-MESH BOTTOM Y,142.231209,Standard,64 mm
16 mm,9600 mm,19301.95 cm³,2392,2474,96000 mm,10,STR-Model,Floor,,ROOF-MESH BOTTOM Y,151.71329,Standard,64 mm
16 mm,7000 mm,25333.80 cm³,2058,1904,126000 mm,18,STR-Model,Floor,,ROOF-MESH BOTTOM Y,199.123693,Standard,64 mm
16 mm,7000 mm,26741.24 cm³,2058,1904,133000 mm,19,STR-Model,Floor,,ROOF-MESH BOTTOM Y,210.18612,Standard,64 mm
16 mm,7000 mm,26741.24 cm³,2058,1904,133000 mm,19,STR-Model,Floor,,ROOF-MESH BOTTOM Y,210.18612,Standard,64 mm
16 mm,6502 mm,24838.15 cm³,2883,2921,123535 mm,19,STR-Model,Floor,,ROOF-MESH BOTTOM Y,195.22783,Standard,64 mm
16 mm,12002 mm,43436.01 cm³,2884,2922,216033 mm,18,STR-Model,Floor,,ROOF-MESH BOTTOM Y,341.407011,Standard,64 mm
16 mm,7000 mm,25333.80 cm³,2058,1904,126000 mm,18,STR-Model,Floor,,ROOF-MESH BOTTOM Y,199.123693,Standard,64 mm
16 mm,7002 mm,25340.43 cm³,2878,2916,126033 mm,18,STR-Model,Floor,,ROOF-MESH BOTTOM Y,199.175802,Standard,64 mm
16 mm,11999 mm,45837.66 cm³,2879,2917,227978 mm,19,STR-Model,Floor,,ROOF-MESH BOTTOM Y,360.283988,Standard,64 mm
16 mm,7000 mm,26741.24 cm³,2058,1904,133000 mm,19,STR-Model,Floor,,ROOF-MESH BOTTOM Y,210.18612,Standard,64 mm
16 mm,7000 mm,28148.67 cm³,2058,1904,140000 mm,20,STR-Model,Floor,,ROOF-MESH BOTTOM Y,221.248548,Standard,64 mm
16 mm,7000 mm,28148.67 cm³,2058,1904,140000 mm,20,STR-Model,Floor,,ROOF-MESH BOTTOM Y,221.248548,Standard,64 mm
16 mm,6502 mm,26145.42 cm³,2883,2921,130037 mm,20,STR-Model,Floor,,ROOF-MESH BOTTOM Y,205.502979,Standard,64 mm
16 mm,12002 mm,45849.12 cm³,2884,2922,228035 mm,19,STR-Model,Floor,,ROOF-MESH BOTTOM Y,360.374068,Standard,64 mm
16 mm,7000 mm,26741.24 cm³,2058,1904,133000 mm,19,STR-Model,Floor,,ROOF-MESH BOTTOM Y,210.18612,Standard,64 mm
16 mm,7002 mm,26748.23 cm³,2878,2916,133035 mm,19,STR-Model,Floor,,ROOF-MESH BOTTOM Y,210.241125,Standard,64 mm
16 mm,11999 mm,48250.17 cm³,2879,2917,239977 mm,20,STR-Model,Floor,,ROOF-MESH BOTTOM Y,379.246303,Standard,64 mm
16 mm,7000 mm,26741.24 cm³,2058,1904,133000 mm,19,STR-Model,Floor,,ROOF-MESH BOTTOM Y,210.18612,Standard,64 mm
16 mm,7000 mm,28148.67 cm³,2058,1904,140000 mm,20,STR-Model,Floor,,ROOF-MESH BOTTOM Y,221.248548,Standard,64 mm
16 mm,7000 mm,28148.67 cm³,2058,1904,140000 mm,20,STR-Model,Floor,,ROOF-MESH BOTTOM Y,221.248548,Standard,64 mm
16 mm,6502 mm,26145.42 cm³,2883,2921,130037 mm,20,STR-Model,Floor,,ROOF-MESH BOTTOM Y,205.502979,Standard,64 mm
16 mm,12002 mm,45849.12 cm³,2884,2922,228035 mm,19,STR-Model,Floor,,ROOF-MESH BOTTOM Y,360.374068,Standard,64 mm
16 mm,7000 mm,26741.24 cm³,2058,1904,133000 mm,19,STR-Model,Floor,,ROOF-MESH BOTTOM Y,210.18612,Standard,64 mm
16 mm,7002 mm,26748.23 cm³,2878,2916,133035 mm,19,STR-Model,Floor,,ROOF-MESH BOTTOM Y,210.241125,Standard,64 mm
16 mm,11999 mm,48250.17 cm³,2879,2917,239977 mm,20,STR-Model,Floor,,ROOF-MESH BOTTOM Y,379.246303,Standard,64 mm
16 mm,1650 mm,2654.12 cm³,2486,29,13201 mm,8,STR-Model,Structural Foundation,,Footing,20.861383,Standard,64 mm
16 mm,1650 mm,2654.12 cm³,2486,29,13201 mm,8,STR-Model,Structural Foundation,,Footing,20.861383,Standard,64 mm
16 mm,1650 mm,2654.12 cm³,2486,29,13201 mm,8,STR-Model,Structural Foundation,,Footing,20.861383,Standard,64 mm
16 mm,1650 mm,2654.12 cm³,2486,29,13201 mm,8,STR-Model,Structural Foundation,,Footing,20.861383,Standard,64 mm
16 mm,5284 mm,13810.47 cm³,2546,2618,68688 mm,13,STR-Model,Structural Foundation,,CT-STAIR FOUNDATION,108.550271,Standard,64 mm
16 mm,2852 mm,14333.89 cm³,2571,2650,71291 mm,25,STR-Model,Structural Foundation,,CT-STAIR FOUNDATION,112.664378,Standard,64 mm
16 mm,2852 mm,14333.89 cm³,2571,2650,71291 mm,25,STR-Model,Structural Foundation,,CT-STAIR FOUNDATION,112.664378,Standard,64 mm
16 mm,5284 mm,13810.47 cm³,2546,2618,68688 mm,13,STR-Model,Structural Foundation,,CT-STAIR FOUNDATION,108.550271,Standard,64 mm
16 mm,820 mm,164.87 cm³,328,339,820 mm,1,STR-Model,Structural Column,,Corbel,1.295884,Standard,64 mm
16 mm,5020 mm,7065.21 cm³,1900,1745,35139 mm,7,STR-Model,Structural Column,,Corbel,55.532534,Standard,64 mm
16 mm,820 mm,164.87 cm³,328,339,820 mm,1,STR-Model,Structural Column,,Corbel,1.295884,Standard,64 mm
16 mm,820 mm,164.87 cm³,328,339,820 mm,1,STR-Model,Structural Column,,Corbel,1.295884,Standard,64 mm
16 mm,820 mm,164.87 cm³,328,339,820 mm,1,STR-Model,Structural Column,,Corbel,1.295884,Standard,64 mm
16 mm,5020 mm,7065.21 cm³,1900,1745,35139 mm,7,STR-Model,Structural Column,,Corbel,55.532534,Standard,64 mm
16 mm,820 mm,164.87 cm³,328,339,820 mm,1,STR-Model,Structural Column,,Corbel,1.295884,Standard,64 mm
16 mm,820 mm,164.87 cm³,328,339,820 mm,1,STR-Model,Structural Column,,Corbel,1.295884,Standard,64 mm
16 mm,2184 mm,4390.52 cm³,2653,2682,21837 mm,10,STR-OUTER STRUCTURES,Structural Foundation,,OS-AHU,34.509459,Standard,64 mm
16 mm,2184 mm,4390.52 cm³,2653,2682,21837 mm,10,STR-OUTER STRUCTURES,Structural Foundation,,OS-AHU,34.509459,Standard,64 mm
16 mm,2151 mm,4324.96 cm³,2655,2684,21511 mm,10,STR-OUTER STRUCTURES,Structural Foundation,,OS-AHU,33.994174,Standard,64 mm
16 mm,2222 mm,4467.77 cm³,2656,2685,22221 mm,10,STR-OUTER STRUCTURES,Structural Foundation,,OS-AHU,35.116706,Standard,64 mm
16 mm,1500 mm,3920.87 cm³,2663,2693,19501 mm,13,STR-OUTER STRUCTURES,Structural Foundation,,OS-CABLEBUS FOUNDATION,30.818071,Standard,64 mm
16 mm,1500 mm,3920.87 cm³,2663,2693,19501 mm,13,STR-OUTER STRUCTURES,Structural Foundation,,OS-CABLEBUS FOUNDATION,30.818071,Standard,64 mm
16 mm,2950 mm,3558.39 cm³,2662,2691,17698 mm,6,STR-OUTER STRUCTURES,Structural Foundation,,OS-CABLEBUS FOUNDATION,27.968949,Standard,64 mm
16 mm,2950 mm,3558.39 cm³,2662,2691,17698 mm,6,STR-OUTER STRUCTURES,Structural Foundation,,OS-CABLEBUS FOUNDATION,27.968949,Standard,64 mm
16 mm,1500 mm,3920.87 cm³,2663,2693,19501 mm,13,STR-OUTER STRUCTURES,Structural Foundation,,OS-CABLEBUS FOUNDATION,30.818071,Standard,64 mm
16 mm,1500 mm,3920.87 cm³,2663,2693,19501 mm,13,STR-OUTER STRUCTURES,Structural Foundation,,OS-CABLEBUS FOUNDATION,30.818071,Standard,64 mm
16 mm,2950 mm,3558.39 cm³,2662,2691,17698 mm,6,STR-OUTER STRUCTURES,Structural Foundation,,OS-CABLEBUS FOUNDATION,27.968949,Standard,64 mm
16 mm,2950 mm,3558.39 cm³,2662,2691,17698 mm,6,STR-OUTER STRUCTURES,Structural Foundation,,OS-CABLEBUS FOUNDATION,27.968949,Standard,64 mm
16 mm,1500 mm,3920.87 cm³,2663,2693,19501 mm,13,STR-OUTER STRUCTURES,Structural Foundation,,OS-CABLEBUS FOUNDATION,30.818071,Standard,64 mm
16 mm,1500 mm,3920.87 cm³,2663,2693,19501 mm,13,STR-OUTER STRUCTURES,Structural Foundation,,OS-CABLEBUS FOUNDATION,30.818071,Standard,64 mm
16 mm,2950 mm,3558.39 cm³,2662,2691,17698 mm,6,STR-OUTER STRUCTURES,Structural Foundation,,OS-CABLEBUS FOUNDATION,27.968949,Standard,64 mm
16 mm,2950 mm,3558.39 cm³,2662,2691,17698 mm,6,STR-OUTER STRUCTURES,Structural Foundation,,OS-CABLEBUS FOUNDATION,27.968949,Standard,64 mm
16 mm,1500 mm,3920.87 cm³,2663,2693,19501 mm,13,STR-OUTER STRUCTURES,Structural Foundation,,OS-CABLEBUS FOUNDATION,30.818071,Standard,64 mm
16 mm,1500 mm,3920.87 cm³,2663,2693,19501 mm,13,STR-OUTER STRUCTURES,Structural Foundation,,OS-CABLEBUS FOUNDATION,30.818071,Standard,64 mm
16 mm,2950 mm,3558.39 cm³,2662,2691,17698 mm,6,STR-OUTER STRUCTURES,Structural Foundation,,OS-CABLEBUS FOUNDATION,27.968949,Standard,64 mm
16 mm,2950 mm,3558.39 cm³,2662,2691,17698 mm,6,STR-OUTER STRUCTURES,Structural Foundation,,OS-CABLEBUS FOUNDATION,27.968949,Standard,64 mm
16 mm,1500 mm,3920.87 cm³,2663,2693,19501 mm,13,STR-OUTER STRUCTURES,Structural Foundation,,OS-CABLEBUS FOUNDATION,30.818071,Standard,64 mm
16 mm,1500 mm,3920.87 cm³,2663,2693,19501 mm,13,STR-OUTER STRUCTURES,Structural Foundation,,OS-CABLEBUS FOUNDATION,30.818071,Standard,64 mm
16 mm,2950 mm,3558.39 cm³,2662,2691,17698 mm,6,STR-OUTER STRUCTURES,Structural Foundation,,OS-CABLEBUS FOUNDATION,27.968949,Standard,64 mm
16 mm,2950 mm,3558.39 cm³,2662,2691,17698 mm,6,STR-OUTER STRUCTURES,Structural Foundation,,OS-CABLEBUS FOUNDATION,27.968949,Standard,64 mm
16 mm,2549 mm,4613.07 cm³,2700,2733,22944 mm,9,STR-OUTER STRUCTURES,Structural Foundation,,OS-CB.BY,36.258698,Standard,64 mm
16 mm,2549 mm,4613.07 cm³,2700,2733,22944 mm,9,STR-OUTER STRUCTURES,Structural Foundation,,OS-CB.TY,36.258698,Standard,64 mm
16 mm,4545 mm,7309.82 cm³,2701,2734,36356 mm,8,STR-OUTER STRUCTURES,Structural Foundation,,OS-CB.BY,57.455202,Standard,64 mm
16 mm,4545 mm,7309.82 cm³,2701,2734,36356 mm,8,STR-OUTER STRUCTURES,Structural Foundation,,OS-CB.TY,57.455202,Standard,64 mm
16 mm,7964 mm,19215.65 cm³,2702,2735,95571 mm,12,STR-OUTER STRUCTURES,Structural Foundation,,OS-CB.BX,151.034973,Standard,64 mm
16 mm,7964 mm,19215.65 cm³,2702,2735,95571 mm,12,STR-OUTER STRUCTURES,Structural Foundation,,OS-CB.TX,151.034973,Standard,64 mm
16 mm,2886 mm,580.29 cm³,2711,2744,2886 mm,1,STR-OUTER STRUCTURES,Structural Foundation,,OS-CB.TX,4.561099,Standard,64 mm
16 mm,2904 mm,583.84 cm³,2703,2736,2904 mm,1,STR-OUTER STRUCTURES,Structural Foundation,,OS-CB.BX,4.588991,Standard,64 mm
16 mm,3283 mm,6600.94 cm³,2704,2737,32830 mm,10,STR-OUTER STRUCTURES,Structural Foundation,,OS-CB.TY,51.883397,Standard,64 mm
16 mm,3283 mm,5940.85 cm³,2704,2737,29547 mm,9,STR-OUTER STRUCTURES,Structural Foundation,,OS-CB.BY,46.695057,Standard,64 mm
16 mm,6216 mm,4998.96 cm³,2706,2739,24863 mm,4,STR-OUTER STRUCTURES,Structural Foundation,,OS-CB.BX,39.291827,Standard,64 mm
16 mm,6216 mm,4998.96 cm³,2706,2739,24863 mm,4,STR-OUTER STRUCTURES,Structural Foundation,,OS-CB.TX,39.291827,Standard,64 mm
16 mm,1751 mm,2112.79 cm³,2707,2740,10508 mm,6,STR-OUTER STRUCTURES,Structural Foundation,,OS-CB.BX,16.606536,Standard,64 mm
16 mm,1751 mm,2112.79 cm³,2707,2740,10508 mm,6,STR-OUTER STRUCTURES,Structural Foundation,,OS-CB.TX,16.606536,Standard,64 mm
16 mm,1445 mm,9586.89 cm³,2708,2741,47681 mm,33,STR-OUTER STRUCTURES,Structural Foundation,,OS-CB.BX,75.352975,Standard,64 mm
16 mm,1492 mm,299.98 cm³,2721,2750,1492 mm,1,STR-OUTER STRUCTURES,Structural Foundation,,OS-CB.TX,2.35781,Standard,64 mm
16 mm,1492 mm,299.97 cm³,2721,2750,1492 mm,1,STR-OUTER STRUCTURES,Structural Foundation,,OS-CB.BX,2.357732,Standard,64 mm
16 mm,1445 mm,9586.89 cm³,2708,2741,47681 mm,33,STR-OUTER STRUCTURES,Structural Foundation,,OS-CB.TX,75.352975,Standard,64 mm
16 mm,10337 mm,2045.23 cm³,3209,3196,10172 mm,1,STR-OUTER STRUCTURES,Structural Foundation,,OS-CB.BY,16.07554,Standard,64 mm
16 mm,10337 mm,2050.75 cm³,3210,3196,10200 mm,1,STR-OUTER STRUCTURES,Structural Foundation,,OS-CB.BY,16.118914,Standard,64 mm
16 mm,10337 mm,2056.27 cm³,3211,3196,10227 mm,1,STR-OUTER STRUCTURES,Structural Foundation,,OS-CB.BY,16.162289,Standard,64 mm
16 mm,10337 mm,2061.79 cm³,3212,3196,10254 mm,1,STR-OUTER STRUCTURES,Structural Foundation,,OS-CB.BY,16.205663,Standard,64 mm
16 mm,10337 mm,2067.31 cm³,3213,3196,10282 mm,1,STR-OUTER STRUCTURES,Structural Foundation,,OS-CB.BY,16.249038,Standard,64 mm
16 mm,10337 mm,2072.83 cm³,3214,3196,10309 mm,1,STR-OUTER STRUCTURES,Structural Foundation,,OS-CB.BY,16.292412,Standard,64 mm
16 mm,10337 mm,2078.34 cm³,3215,3196,10337 mm,1,STR-OUTER STRUCTURES,Structural Foundation,,OS-CB.BY,16.335787,Standard,64 mm
16 mm,11990 mm,14464.67 cm³,3080,3125,71941 mm,6,STR-OUTER STRUCTURES,Structural Foundation,,OS-CB.BX,113.692345,Standard,64 mm
16 mm,11671 mm,2346.66 cm³,2728,2760,11671 mm,1,STR-OUTER STRUCTURES,Structural Foundation,,OS-CB.BX,18.444721,Standard,64 mm
16 mm,10091 mm,2028.90 cm³,2729,2761,10091 mm,1,STR-OUTER STRUCTURES,Structural Foundation,,OS-CB.BX,15.947187,Standard,64 mm
16 mm,8388 mm,1686.60 cm³,2730,2762,8388 mm,1,STR-OUTER STRUCTURES,Structural Foundation,,OS-CB.BX,13.25668,Standard,64 mm
16 mm,7213 mm,1450.16 cm³,2731,2763,7213 mm,1,STR-OUTER STRUCTURES,Structural Foundation,,OS-CB.BX,11.398292,Standard,64 mm
16 mm,7197 mm,1447.09 cm³,2732,2764,7197 mm,1,STR-OUTER STRUCTURES,Structural Foundation,,OS-CB.BX,11.374111,Standard,64 mm
16 mm,4765 mm,957.98 cm³,2733,2765,4765 mm,1,STR-OUTER STRUCTURES,Structural Foundation,,OS-CB.BX,7.529716,Standard,64 mm
16 mm,3736 mm,751.26 cm³,2734,2766,3736 mm,1,STR-OUTER STRUCTURES,Structural Foundation,,OS-CB.BX,5.904915,Standard,64 mm
16 mm,3767 mm,757.37 cm³,2735,2767,3767 mm,1,STR-OUTER STRUCTURES,Structural Foundation,,OS-CB.BX,5.952935,Standard,64 mm
16 mm,2784 mm,3358.13 cm³,2736,2768,16702 mm,6,STR-OUTER STRUCTURES,Structural Foundation,,OS-CB.BX,26.394924,Standard,64 mm
16 mm,1484 mm,10141.98 cm³,2737,2769,50442 mm,34,STR-OUTER STRUCTURES,Structural Foundation,,OS-CB.BX,79.71599,Standard,64 mm
16 mm,2784 mm,3917.82 cm³,2736,2768,19486 mm,7,STR-OUTER STRUCTURES,Structural Foundation,,OS-CB.BX,30.794078,Standard,64 mm
16 mm,1483 mm,10138.14 cm³,2738,2770,50423 mm,34,STR-OUTER STRUCTURES,Structural Foundation,,OS-CB.BX,79.685792,Standard,64 mm
16 mm,997 mm,200.38 cm³,2739,2771,997 mm,1,STR-OUTER STRUCTURES,Structural Foundation,,OS-CB.BX,1.57501,Standard,64 mm
16 mm,2849 mm,572.76 cm³,2743,2775,2849 mm,1,STR-OUTER STRUCTURES,Structural Foundation,,OS-CB.BX,4.501889,Standard,64 mm
16 mm,2776 mm,558.09 cm³,2749,2781,2776 mm,1,STR-OUTER STRUCTURES,Structural Foundation,,OS-CB.BX,4.386586,Standard,64 mm
16 mm,2703 mm,543.42 cm³,2750,2782,2703 mm,1,STR-OUTER STRUCTURES,Structural Foundation,,OS-CB.BX,4.271283,Standard,64 mm
16 mm,2922 mm,587.43 cm³,2748,2780,2922 mm,1,STR-OUTER STRUCTURES,Structural Foundation,,OS-CB.BX,4.617192,Standard,64 mm
16 mm,2995 mm,602.10 cm³,2747,2779,2995 mm,1,STR-OUTER STRUCTURES,Structural Foundation,,OS-CB.BX,4.732495,Standard,64 mm
16 mm,3068 mm,616.77 cm³,2746,2778,3068 mm,1,STR-OUTER STRUCTURES,Structural Foundation,,OS-CB.BX,4.847798,Standard,64 mm
16 mm,3140 mm,631.26 cm³,2745,2777,3140 mm,1,STR-OUTER STRUCTURES,Structural Foundation,,OS-CB.BX,4.961728,Standard,64 mm
16 mm,3213 mm,646.11 cm³,2744,2776,3213 mm,1,STR-OUTER STRUCTURES,Structural Foundation,,OS-CB.BX,5.078404,Standard,64 mm
16 mm,3513 mm,706.41 cm³,3074,3119,3513 mm,1,STR-OUTER STRUCTURES,Structural Foundation,,OS-CB.BX,5.552349,Standard,64 mm
16 mm,3068 mm,616.88 cm³,3075,3120,3068 mm,1,STR-OUTER STRUCTURES,Structural Foundation,,OS-CB.BX,4.848711,Standard,64 mm
16 mm,2452 mm,493.00 cm³,3076,3121,2452 mm,1,STR-OUTER STRUCTURES,Structural Foundation,,OS-CB.BX,3.874994,Standard,64 mm
16 mm,1958 mm,393.68 cm³,3077,3122,1958 mm,1,STR-OUTER STRUCTURES,Structural Foundation,,OS-CB.BX,3.094312,Standard,64 mm
16 mm,1444 mm,290.32 cm³,3078,3123,1444 mm,1,STR-OUTER STRUCTURES,Structural Foundation,,OS-CB.BX,2.281882,Standard,64 mm
16 mm,2630 mm,528.75 cm³,2758,2790,2630 mm,1,STR-OUTER STRUCTURES,Structural Foundation,,OS-CB.BX,4.15598,Standard,64 mm
16 mm,2557 mm,514.08 cm³,2757,2789,2557 mm,1,STR-OUTER STRUCTURES,Structural Foundation,,OS-CB.BX,4.040677,Standard,64 mm
16 mm,2509 mm,504.54 cm³,2756,2788,2509 mm,1,STR-OUTER STRUCTURES,Structural Foundation,,OS-CB.BX,3.965716,Standard,64 mm
16 mm,1200 mm,2895.35 cm³,2689,2722,14400 mm,12,STR-OUTER STRUCTURES,Structural Column,PC1 550X550,OS-CABLEBUS FOUNDATION,22.757425,Standard,64 mm
16 mm,1200 mm,2895.35 cm³,2689,2722,14400 mm,12,STR-OUTER STRUCTURES,Structural Column,PC1 550X550,OS-CABLEBUS FOUNDATION,22.757425,Standard,64 mm
16 mm,1200 mm,2895.35 cm³,2689,2795,14400 mm,12,STR-OUTER STRUCTURES,Structural Column,PC1 550X550,OS-CABLEBUS FOUNDATION,22.757425,Standard,64 mm
16 mm,1200 mm,2895.35 cm³,2689,2722,14400 mm,12,STR-OUTER STRUCTURES,Structural Column,PC1 550X550,OS-CABLEBUS FOUNDATION,22.757425,Standard,64 mm
16 mm,1200 mm,2895.35 cm³,2689,2795,14400 mm,12,STR-OUTER STRUCTURES,Structural Column,PC1 550X550,OS-CABLEBUS FOUNDATION,22.757425,Standard,64 mm
16 mm,1200 mm,2895.35 cm³,2689,2722,14400 mm,12,STR-OUTER STRUCTURES,Structural Column,PC1 550X550,OS-CABLEBUS FOUNDATION,22.757425,Standard,64 mm
16 mm,1200 mm,2895.35 cm³,2689,2795,14400 mm,12,STR-OUTER STRUCTURES,Structural Column,PC1 550X550,OS-CABLEBUS FOUNDATION,22.757425,Standard,64 mm
16 mm,1200 mm,2895.35 cm³,2689,2722,14400 mm,12,STR-OUTER STRUCTURES,Structural Column,PC1 550X550,OS-CABLEBUS FOUNDATION,22.757425,Standard,64 mm
16 mm,1200 mm,2895.35 cm³,2689,2795,14400 mm,12,STR-OUTER STRUCTURES,Structural Column,PC1 550X550,OS-CABLEBUS FOUNDATION,22.757425,Standard,64 mm
16 mm,1200 mm,2895.35 cm³,2689,2722,14400 mm,12,STR-OUTER STRUCTURES,Structural Column,PC1 550X550,OS-CABLEBUS FOUNDATION,22.757425,Standard,64 mm
16 mm,11990 mm,14464.63 cm³,3080,3125,71941 mm,6,STR-OUTER STRUCTURES,Structural Foundation,,OS-CB.TX,113.691969,Standard,64 mm
16 mm,11671 mm,2346.66 cm³,2783,2818,11671 mm,1,STR-OUTER STRUCTURES,Structural Foundation,,OS-CB.TX,18.444721,Standard,64 mm
16 mm,9508 mm,1911.65 cm³,2784,2819,9508 mm,1,STR-OUTER STRUCTURES,Structural Foundation,,OS-CB.TX,15.025579,Standard,64 mm
16 mm,8388 mm,1686.60 cm³,2785,2820,8388 mm,1,STR-OUTER STRUCTURES,Structural Foundation,,OS-CB.TX,13.25668,Standard,64 mm
16 mm,7189 mm,1445.48 cm³,2787,2822,7189 mm,1,STR-OUTER STRUCTURES,Structural Foundation,,OS-CB.TX,11.361469,Standard,64 mm
16 mm,2784 mm,3358.13 cm³,2736,2768,16702 mm,6,STR-OUTER STRUCTURES,Structural Foundation,,OS-CB.TX,26.394924,Standard,64 mm
16 mm,1484 mm,10141.98 cm³,2737,2769,50442 mm,34,STR-OUTER STRUCTURES,Structural Foundation,,OS-CB.TX,79.71599,Standard,64 mm
16 mm,2784 mm,3917.82 cm³,2736,2768,19486 mm,7,STR-OUTER STRUCTURES,Structural Foundation,,OS-CB.TX,30.794078,Standard,64 mm
16 mm,1483 mm,10138.14 cm³,2738,2770,50423 mm,34,STR-OUTER STRUCTURES,Structural Foundation,,OS-CB.TX,79.685792,Standard,64 mm
16 mm,2849 mm,572.76 cm³,2743,2775,2849 mm,1,STR-OUTER STRUCTURES,Structural Foundation,,OS-CB.TX,4.501889,Standard,64 mm
16 mm,2776 mm,558.09 cm³,2749,2781,2776 mm,1,STR-OUTER STRUCTURES,Structural Foundation,,OS-CB.TX,4.386586,Standard,64 mm
16 mm,2703 mm,543.42 cm³,2750,2782,2703 mm,1,STR-OUTER STRUCTURES,Structural Foundation,,OS-CB.TX,4.271283,Standard,64 mm
16 mm,2922 mm,587.43 cm³,2748,2780,2922 mm,1,STR-OUTER STRUCTURES,Structural Foundation,,OS-CB.TX,4.617192,Standard,64 mm
16 mm,2995 mm,602.10 cm³,2747,2779,2995 mm,1,STR-OUTER STRUCTURES,Structural Foundation,,OS-CB.TX,4.732495,Standard,64 mm
16 mm,3068 mm,616.77 cm³,2746,2778,3068 mm,1,STR-OUTER STRUCTURES,Structural Foundation,,OS-CB.TX,4.847798,Standard,64 mm
16 mm,3140 mm,631.26 cm³,2745,2777,3140 mm,1,STR-OUTER STRUCTURES,Structural Foundation,,OS-CB.TX,4.961728,Standard,64 mm
16 mm,3213 mm,646.11 cm³,2744,2776,3213 mm,1,STR-OUTER STRUCTURES,Structural Foundation,,OS-CB.TX,5.078404,Standard,64 mm
16 mm,3513 mm,706.41 cm³,3074,3119,3513 mm,1,STR-OUTER STRUCTURES,Structural Foundation,,OS-CB.TX,5.552349,Standard,64 mm
16 mm,3068 mm,616.88 cm³,3075,3120,3068 mm,1,STR-OUTER STRUCTURES,Structural Foundation,,OS-CB.TX,4.848711,Standard,64 mm
16 mm,2452 mm,493.00 cm³,3076,3121,2452 mm,1,STR-OUTER STRUCTURES,Structural Foundation,,OS-CB.TX,3.874994,Standard,64 mm
16 mm,1958 mm,393.68 cm³,3077,3122,1958 mm,1,STR-OUTER STRUCTURES,Structural Foundation,,OS-CB.TX,3.094312,Standard,64 mm
16 mm,1444 mm,290.32 cm³,3078,3123,1444 mm,1,STR-OUTER STRUCTURES,Structural Foundation,,OS-CB.TX,2.281882,Standard,64 mm
16 mm,2630 mm,528.75 cm³,2758,2790,2630 mm,1,STR-OUTER STRUCTURES,Structural Foundation,,OS-CB.TX,4.15598,Standard,64 mm
16 mm,2557 mm,514.08 cm³,2757,2789,2557 mm,1,STR-OUTER STRUCTURES,Structural Foundation,,OS-CB.TX,4.040677,Standard,64 mm
16 mm,2509 mm,504.54 cm³,2756,2788,2509 mm,1,STR-OUTER STRUCTURES,Structural Foundation,,OS-CB.TX,3.965716,Standard,64 mm
16 mm,7950 mm,11189.52 cm³,3103,3148,55652 mm,7,STR-OUTER STRUCTURES,Structural Foundation,,OS-CB.BY,87.949599,Standard,64 mm
16 mm,4378 mm,805.59 cm³,3185,3186,4007 mm,1,STR-OUTER STRUCTURES,Structural Foundation,,OS-CB.BY,6.331949,Standard,64 mm
16 mm,4378 mm,811.82 cm³,3187,3186,4038 mm,1,STR-OUTER STRUCTURES,Structural Foundation,,OS-CB.BY,6.380891,Standard,64 mm
16 mm,4378 mm,818.05 cm³,3189,3186,4069 mm,1,STR-OUTER STRUCTURES,Structural Foundation,,OS-CB.BY,6.429834,Standard,64 mm
16 mm,4378 mm,824.27 cm³,3191,3186,4100 mm,1,STR-OUTER STRUCTURES,Structural Foundation,,OS-CB.BY,6.478776,Standard,64 mm
16 mm,4378 mm,830.50 cm³,3193,3186,4131 mm,1,STR-OUTER STRUCTURES,Structural Foundation,,OS-CB.BY,6.527719,Standard,64 mm
16 mm,4378 mm,836.73 cm³,3195,3186,4162 mm,1,STR-OUTER STRUCTURES,Structural Foundation,,OS-CB.BY,6.576661,Standard,64 mm
16 mm,4378 mm,842.95 cm³,3197,3186,4192 mm,1,STR-OUTER STRUCTURES,Structural Foundation,,OS-CB.BY,6.625603,Standard,64 mm
16 mm,4378 mm,849.18 cm³,3192,3186,4223 mm,1,STR-OUTER STRUCTURES,Structural Foundation,,OS-CB.BY,6.674546,Standard,64 mm
16 mm,4378 mm,855.41 cm³,3198,3186,4254 mm,1,STR-OUTER STRUCTURES,Structural Foundation,,OS-CB.BY,6.723488,Standard,64 mm
16 mm,4378 mm,861.63 cm³,3194,3186,4285 mm,1,STR-OUTER STRUCTURES,Structural Foundation,,OS-CB.BY,6.772431,Standard,64 mm
16 mm,4378 mm,867.86 cm³,3199,3186,4316 mm,1,STR-OUTER STRUCTURES,Structural Foundation,,OS-CB.BY,6.821373,Standard,64 mm
16 mm,4378 mm,874.09 cm³,3196,3186,4347 mm,1,STR-OUTER STRUCTURES,Structural Foundation,,OS-CB.BY,6.870316,Standard,64 mm
16 mm,4378 mm,880.31 cm³,3200,3186,4378 mm,1,STR-OUTER STRUCTURES,Structural Foundation,,OS-CB.BY,6.919258,Standard,64 mm
16 mm,4765 mm,957.98 cm³,2778,2813,4765 mm,1,STR-OUTER STRUCTURES,Structural Foundation,,OS-CB.TX,7.529716,Standard,64 mm
16 mm,3736 mm,751.26 cm³,2779,2814,3736 mm,1,STR-OUTER STRUCTURES,Structural Foundation,,OS-CB.TX,5.904915,Standard,64 mm
16 mm,3767 mm,757.37 cm³,2780,2815,3767 mm,1,STR-OUTER STRUCTURES,Structural Foundation,,OS-CB.TX,5.952935,Standard,64 mm
16 mm,996 mm,200.19 cm³,2781,2816,996 mm,1,STR-OUTER STRUCTURES,Structural Foundation,,OS-CB.TX,1.573526,Standard,64 mm
16 mm,7205 mm,1448.56 cm³,2786,2821,7205 mm,1,STR-OUTER STRUCTURES,Structural Foundation,,OS-CB.TX,11.385649,Standard,64 mm
16 mm,4617 mm,6497.91 cm³,3082,3127,32318 mm,7,STR-OUTER STRUCTURES,Structural Foundation,,OS-CB.BX,51.073571,Standard,64 mm
16 mm,4617 mm,6497.91 cm³,3082,3127,32318 mm,7,STR-OUTER STRUCTURES,Structural Foundation,,OS-CB.TX,51.073571,Standard,64 mm
16 mm,1444 mm,3485.05 cm³,2808,2843,17333 mm,12,STR-OUTER STRUCTURES,Structural Foundation,,OS-CB.BY,27.392527,Standard,64 mm
16 mm,3000 mm,3015.93 cm³,3071,3116,15000 mm,5,STR-OUTER STRUCTURES,Structural Foundation,,OS-CABLEBUS FOUNDATION,23.705202,Standard,64 mm
16 mm,3000 mm,3015.93 cm³,3071,3116,15000 mm,5,STR-OUTER STRUCTURES,Structural Foundation,,OS-CABLEBUS FOUNDATION,23.705202,Standard,64 mm
16 mm,820 mm,164.87 cm³,328,339,820 mm,1,STR-Model,Structural Column,,Corbel,1.295884,Standard,64 mm
16 mm,5020 mm,7065.21 cm³,1900,1745,35139 mm,7,STR-Model,Structural Column,,Corbel,55.532534,Standard,64 mm
16 mm,820 mm,164.87 cm³,328,339,820 mm,1,STR-Model,Structural Column,,Corbel,1.295884,Standard,64 mm
16 mm,820 mm,164.87 cm³,328,339,820 mm,1,STR-Model,Structural Column,,Corbel,1.295884,Standard,64 mm
16 mm,820 mm,164.87 cm³,328,339,820 mm,1,STR-Model,Structural Column,,Corbel,1.295884,Standard,64 mm
16 mm,5020 mm,7065.21 cm³,1900,1745,35139 mm,7,STR-Model,Structural Column,,Corbel,55.532534,Standard,64 mm
16 mm,820 mm,164.87 cm³,328,339,820 mm,1,STR-Model,Structural Column,,Corbel,1.295884,Standard,64 mm
16 mm,820 mm,164.87 cm³,328,339,820 mm,1,STR-Model,Structural Column,,Corbel,1.295884,Standard,64 mm
16 mm,820 mm,164.87 cm³,328,339,820 mm,1,STR-Model,Structural Column,,Corbel,1.295884,Standard,64 mm
16 mm,5020 mm,7065.21 cm³,1900,1745,35139 mm,7,STR-Model,Structural Column,,Corbel,55.532534,Standard,64 mm
16 mm,820 mm,164.87 cm³,328,339,820 mm,1,STR-Model,Structural Column,,Corbel,1.295884,Standard,64 mm
16 mm,820 mm,164.87 cm³,328,339,820 mm,1,STR-Model,Structural Column,,Corbel,1.295884,Standard,64 mm
16 mm,820 mm,164.87 cm³,328,339,820 mm,1,STR-Model,Structural Column,,Corbel,1.295884,Standard,64 mm
16 mm,5020 mm,7065.21 cm³,1900,1745,35139 mm,7,STR-Model,Structural Column,,Corbel,55.532534,Standard,64 mm
16 mm,820 mm,164.87 cm³,328,339,820 mm,1,STR-Model,Structural Column,,Corbel,1.295884,Standard,64 mm
16 mm,820 mm,164.87 cm³,328,339,820 mm,1,STR-Model,Structural Column,,Corbel,1.295884,Standard,64 mm
16 mm,620 mm,124.66 cm³,347,361,620 mm,1,STR-Model,Structural Column,C2 700x700x10500,Corbel,0.979815,Standard,64 mm
16 mm,620 mm,124.66 cm³,347,361,620 mm,1,STR-Model,Structural Column,C2 700x700x10500,Corbel,0.979815,Standard,64 mm
16 mm,2784 mm,4477.51 cm³,2736,2768,22269 mm,8,STR-OUTER STRUCTURES,Structural Foundation,,OS-CABLEBUS FOUNDATION,35.193232,Standard,64 mm
16 mm,2784 mm,4477.51 cm³,2736,2768,22269 mm,8,STR-OUTER STRUCTURES,Structural Foundation,,OS-CABLEBUS FOUNDATION,35.193232,Standard,64 mm
16 mm,1752 mm,4578.55 cm³,3008,3054,22772 mm,13,STR-OUTER STRUCTURES,Structural Foundation,,OS-CABLEBUS FOUNDATION,35.987377,Standard,64 mm
16 mm,1752 mm,4578.53 cm³,3008,3054,22772 mm,13,STR-OUTER STRUCTURES,Structural Foundation,,OS-CABLEBUS FOUNDATION,35.987232,Standard,64 mm
16 mm,2784 mm,4477.51 cm³,2736,2768,22269 mm,8,STR-OUTER STRUCTURES,Structural Foundation,,OS-CABLEBUS FOUNDATION,35.193232,Standard,64 mm
16 mm,2784 mm,4477.51 cm³,2736,2768,22269 mm,8,STR-OUTER STRUCTURES,Structural Foundation,,OS-CABLEBUS FOUNDATION,35.193232,Standard,64 mm
16 mm,1752 mm,4578.51 cm³,3009,3054,22772 mm,13,STR-OUTER STRUCTURES,Structural Foundation,,OS-CABLEBUS FOUNDATION,35.987069,Standard,64 mm
16 mm,1752 mm,4578.51 cm³,3009,3054,22772 mm,13,STR-OUTER STRUCTURES,Structural Foundation,,OS-CABLEBUS FOUNDATION,35.987069,Standard,64 mm
16 mm,2784 mm,4477.51 cm³,2736,2768,22269 mm,8,STR-OUTER STRUCTURES,Structural Foundation,,OS-CABLEBUS FOUNDATION,35.193232,Standard,64 mm
16 mm,2784 mm,4477.51 cm³,2736,2768,22269 mm,8,STR-OUTER STRUCTURES,Structural Foundation,,OS-CABLEBUS FOUNDATION,35.193232,Standard,64 mm
16 mm,1752 mm,4578.51 cm³,3009,3054,22772 mm,13,STR-OUTER STRUCTURES,Structural Foundation,,OS-CABLEBUS FOUNDATION,35.987069,Standard,64 mm
16 mm,1752 mm,4578.76 cm³,3008,3054,22773 mm,13,STR-OUTER STRUCTURES,Structural Foundation,,OS-CABLEBUS FOUNDATION,35.989027,Standard,64 mm
16 mm,1679 mm,337.66 cm³,3007,2984,1679 mm,1,STR-OUTER STRUCTURES,Structural Column,PC1 550X550,OS-CABLEBUS FOUNDATION,2.653977,Standard,64 mm
16 mm,1679 mm,337.66 cm³,3007,2984,1679 mm,1,STR-OUTER STRUCTURES,Structural Column,PC1 550X550,OS-CABLEBUS FOUNDATION,2.654009,Standard,64 mm
16 mm,1679 mm,337.66 cm³,3007,2984,1679 mm,1,STR-OUTER STRUCTURES,Structural Column,PC1 550X550,OS-CABLEBUS FOUNDATION,2.654009,Standard,64 mm
16 mm,1679 mm,337.66 cm³,3007,2984,1679 mm,1,STR-OUTER STRUCTURES,Structural Column,PC1 550X550,OS-CABLEBUS FOUNDATION,2.653977,Standard,64 mm
16 mm,1679 mm,337.66 cm³,3007,2984,1679 mm,1,STR-OUTER STRUCTURES,Structural Column,PC1 550X550,OS-CABLEBUS FOUNDATION,2.65402,Standard,64 mm
16 mm,1679 mm,337.66 cm³,3007,2984,1679 mm,1,STR-OUTER STRUCTURES,Structural Column,PC1 550X550,OS-CABLEBUS FOUNDATION,2.65402,Standard,64 mm
16 mm,1679 mm,337.66 cm³,3007,2984,1679 mm,1,STR-OUTER STRUCTURES,Structural Column,PC1 550X550,OS-CABLEBUS FOUNDATION,2.65402,Standard,64 mm
16 mm,1679 mm,337.66 cm³,3007,2984,1679 mm,1,STR-OUTER STRUCTURES,Structural Column,PC1 550X550,OS-CABLEBUS FOUNDATION,2.65402,Standard,64 mm
16 mm,1679 mm,337.66 cm³,3007,2984,1679 mm,1,STR-OUTER STRUCTURES,Structural Column,PC1 550X550,OS-CABLEBUS FOUNDATION,2.654009,Standard,64 mm
16 mm,1679 mm,337.66 cm³,3007,2984,1679 mm,1,STR-OUTER STRUCTURES,Structural Column,PC1 550X550,OS-CABLEBUS FOUNDATION,2.653977,Standard,64 mm
16 mm,1679 mm,337.66 cm³,3007,2984,1679 mm,1,STR-OUTER STRUCTURES,Structural Column,PC1 550X550,OS-CABLEBUS FOUNDATION,2.654009,Standard,64 mm
16 mm,1679 mm,337.66 cm³,3007,2984,1679 mm,1,STR-OUTER STRUCTURES,Structural Column,PC1 550X550,OS-CABLEBUS FOUNDATION,2.653977,Standard,64 mm
16 mm,1679 mm,337.66 cm³,3007,2980,1679 mm,1,STR-OUTER STRUCTURES,Structural Column,PC1 550X550,OS-CABLEBUS FOUNDATION,2.653977,Standard,64 mm
16 mm,1679 mm,337.66 cm³,3007,2980,1679 mm,1,STR-OUTER STRUCTURES,Structural Column,PC1 550X550,OS-CABLEBUS FOUNDATION,2.654009,Standard,64 mm
16 mm,1679 mm,337.66 cm³,3007,2980,1679 mm,1,STR-OUTER STRUCTURES,Structural Column,PC1 550X550,OS-CABLEBUS FOUNDATION,2.654009,Standard,64 mm
16 mm,1679 mm,337.66 cm³,3007,2980,1679 mm,1,STR-OUTER STRUCTURES,Structural Column,PC1 550X550,OS-CABLEBUS FOUNDATION,2.653977,Standard,64 mm
16 mm,1679 mm,337.66 cm³,3007,2980,1679 mm,1,STR-OUTER STRUCTURES,Structural Column,PC1 550X550,OS-CABLEBUS FOUNDATION,2.65402,Standard,64 mm
16 mm,1679 mm,337.66 cm³,3007,2980,1679 mm,1,STR-OUTER STRUCTURES,Structural Column,PC1 550X550,OS-CABLEBUS FOUNDATION,2.65402,Standard,64 mm
16 mm,1679 mm,337.66 cm³,3007,2980,1679 mm,1,STR-OUTER STRUCTURES,Structural Column,PC1 550X550,OS-CABLEBUS FOUNDATION,2.65402,Standard,64 mm
16 mm,1679 mm,337.66 cm³,3007,2980,1679 mm,1,STR-OUTER STRUCTURES,Structural Column,PC1 550X550,OS-CABLEBUS FOUNDATION,2.65402,Standard,64 mm
16 mm,1679 mm,337.66 cm³,3007,2980,1679 mm,1,STR-OUTER STRUCTURES,Structural Column,PC1 550X550,OS-CABLEBUS FOUNDATION,2.654009,Standard,64 mm
16 mm,1679 mm,337.66 cm³,3007,2980,1679 mm,1,STR-OUTER STRUCTURES,Structural Column,PC1 550X550,OS-CABLEBUS FOUNDATION,2.653977,Standard,64 mm
16 mm,1679 mm,337.66 cm³,3007,2980,1679 mm,1,STR-OUTER STRUCTURES,Structural Column,PC1 550X550,OS-CABLEBUS FOUNDATION,2.654009,Standard,64 mm
16 mm,1679 mm,337.66 cm³,3007,2980,1679 mm,1,STR-OUTER STRUCTURES,Structural Column,PC1 550X550,OS-CABLEBUS FOUNDATION,2.653977,Standard,64 mm
16 mm,2284 mm,3214.77 cm³,2933,2986,15989 mm,7,STR-OUTER STRUCTURES,Structural Foundation,,OS-CB.R3.BY,25.268068,Standard,64 mm
16 mm,3515 mm,4239.97 cm³,2934,2987,21088 mm,6,STR-OUTER STRUCTURES,Structural Foundation,,OS-CB.R3.BY,33.326152,Standard,64 mm
16 mm,2667 mm,1608.40 cm³,2935,2988,8000 mm,3,STR-OUTER STRUCTURES,Structural Foundation,,OS-CB.R3.BY,12.642028,Standard,64 mm
16 mm,1784 mm,3945.14 cm³,2813,2849,19622 mm,11,STR-OUTER STRUCTURES,Structural Foundation,,OS-CB.R3.BY,31.008815,Standard,64 mm
16 mm,3515 mm,4239.97 cm³,2934,2987,21088 mm,6,STR-OUTER STRUCTURES,Structural Foundation,,OS-CB.R3.TY,33.326152,Standard,64 mm
16 mm,2667 mm,1608.40 cm³,2935,2988,8000 mm,3,STR-OUTER STRUCTURES,Structural Foundation,,OS-CB.R3.TY,12.642028,Standard,64 mm
16 mm,2284 mm,3214.77 cm³,2933,2986,15989 mm,7,STR-OUTER STRUCTURES,Structural Foundation,,OS-CB.R3.TY,25.268068,Standard,64 mm
16 mm,1784 mm,3945.14 cm³,2813,2849,19622 mm,11,STR-OUTER STRUCTURES,Structural Foundation,,OS-CB.R3.TY,31.008815,Standard,64 mm
16 mm,5173 mm,6240.30 cm³,2937,2990,31037 mm,6,STR-OUTER STRUCTURES,Structural Foundation,,OS-CB.R3.BX,49.048744,Standard,64 mm
16 mm,4664 mm,1875.60 cm³,2938,2991,9328 mm,2,STR-OUTER STRUCTURES,Structural Foundation,,OS-CB.R3.BX,14.742202,Standard,64 mm
16 mm,2524 mm,1522.48 cm³,2939,2992,7572 mm,3,STR-OUTER STRUCTURES,Structural Foundation,,OS-CB.R3.BX,11.966664,Standard,64 mm
16 mm,1752 mm,2466.38 cm³,2940,2993,12267 mm,7,STR-OUTER STRUCTURES,Structural Foundation,,OS-CB.R3.BX,19.385745,Standard,64 mm
16 mm,5173 mm,6240.30 cm³,2937,2990,31037 mm,6,STR-OUTER STRUCTURES,Structural Foundation,,OS-CB.R3.TX,49.048744,Standard,64 mm
16 mm,4664 mm,1875.60 cm³,2938,2991,9328 mm,2,STR-OUTER STRUCTURES,Structural Foundation,,OS-CB.R3.TX,14.742202,Standard,64 mm
16 mm,2524 mm,1522.48 cm³,2939,2992,7572 mm,3,STR-OUTER STRUCTURES,Structural Foundation,,OS-CB.R3.TX,11.966664,Standard,64 mm
16 mm,1752 mm,2466.38 cm³,2940,2993,12267 mm,7,STR-OUTER STRUCTURES,Structural Foundation,,OS-CB.R3.TX,19.385745,Standard,64 mm
16 mm,9250 mm,7439.59 cm³,2941,2994,37001 mm,4,STR-OUTER STRUCTURES,Structural Foundation,,OS-CB.R4.BX,58.475165,Standard,64 mm
16 mm,7644 mm,12295.03 cm³,2942,2995,61150 mm,8,STR-OUTER STRUCTURES,Structural Foundation,,OS-CB.R4.BX,96.63896,Standard,64 mm
16 mm,5159 mm,10373.10 cm³,2945,2998,51592 mm,10,STR-OUTER STRUCTURES,Structural Foundation,,OS-CB.R4.BX,81.532556,Standard,64 mm
16 mm,8925 mm,1794.41 cm³,3389,3324,8925 mm,1,STR-OUTER STRUCTURES,Structural Foundation,,OS-CB.R4.BX,14.10405,Standard,64 mm
16 mm,2549 mm,2049.78 cm³,2944,2997,10195 mm,4,STR-OUTER STRUCTURES,Structural Foundation,,OS-CB.R4.BX,16.111287,Standard,64 mm
16 mm,7644 mm,12295.03 cm³,2942,2995,61150 mm,8,STR-OUTER STRUCTURES,Structural Foundation,,OS-CB.R4.TX,96.63896,Standard,64 mm
16 mm,9252 mm,7440.65 cm³,3387,3322,37007 mm,4,STR-OUTER STRUCTURES,Structural Foundation,,OS-CB.R4.TX,58.483544,Standard,64 mm
16 mm,8925 mm,1794.41 cm³,3389,3324,8925 mm,1,STR-OUTER STRUCTURES,Structural Foundation,,OS-CB.R4.TX,14.10405,Standard,64 mm
16 mm,5159 mm,10373.10 cm³,2945,2998,51592 mm,10,STR-OUTER STRUCTURES,Structural Foundation,,OS-CB.R4.TX,81.532556,Standard,64 mm
16 mm,2543 mm,2045.09 cm³,3388,3323,10171 mm,4,STR-OUTER STRUCTURES,Structural Foundation,,OS-CB.R4.TX,16.074386,Standard,64 mm
16 mm,4420 mm,22218.03 cm³,2946,2999,110503 mm,25,STR-OUTER STRUCTURES,Structural Foundation,,OS-CB.R4.BY,174.633709,Standard,64 mm
16 mm,2526 mm,4063.56 cm³,2947,3000,20211 mm,8,STR-OUTER STRUCTURES,Structural Foundation,,OS-CB.R4.BY,31.939618,Standard,64 mm
16 mm,2326 mm,935.47 cm³,2948,3001,4653 mm,2,STR-OUTER STRUCTURES,Structural Foundation,,OS-CB.R4.BY,7.352766,Standard,64 mm
16 mm,1701 mm,3078.69 cm³,2949,3002,15312 mm,9,STR-OUTER STRUCTURES,Structural Foundation,,OS-CB.R4.BY,24.198538,Standard,64 mm
16 mm,3126 mm,2514.44 cm³,2950,3003,12506 mm,4,STR-OUTER STRUCTURES,Structural Foundation,,OS-CB.R4.BY,19.763527,Standard,64 mm
16 mm,1701 mm,3078.69 cm³,2949,3002,15312 mm,9,STR-OUTER STRUCTURES,Structural Foundation,,OS-CB.R4.TY,24.198538,Standard,64 mm
16 mm,3126 mm,2514.44 cm³,2950,3003,12506 mm,4,STR-OUTER STRUCTURES,Structural Foundation,,OS-CB.R4.TY,19.763527,Standard,64 mm
16 mm,2526 mm,4063.56 cm³,2947,3000,20211 mm,8,STR-OUTER STRUCTURES,Structural Foundation,,OS-CB.R4.TY,31.939618,Standard,64 mm
16 mm,4420 mm,22218.03 cm³,2946,2999,110503 mm,25,STR-OUTER STRUCTURES,Structural Foundation,,OS-CB.R4.TY,174.633709,Standard,64 mm
16 mm,2326 mm,935.47 cm³,2948,3001,4653 mm,2,STR-OUTER STRUCTURES,Structural Foundation,,OS-CB.R4.TY,7.352766,Standard,64 mm
16 mm,1814 mm,1093.98 cm³,1312,1209,5441 mm,3,STR-Model,Floor,,SOG-Mesh Bottom X,8.598653,Standard,64 mm
16 mm,1864 mm,2248.27 cm³,2957,3011,11182 mm,6,STR-Model,Floor,,SOG-Mesh Bottom X,17.671409,Standard,64 mm
16 mm,1679 mm,4051.87 cm³,3007,3055,20152 mm,12,STR-OUTER STRUCTURES,Structural Column,PC1 550X550,OS-CABLEBUS FOUNDATION,31.847724,Standard,64 mm
16 mm,1679 mm,4051.87 cm³,3007,3055,20152 mm,12,STR-OUTER STRUCTURES,Structural Column,PC1 550X550,OS-CABLEBUS FOUNDATION,31.847724,Standard,64 mm
16 mm,1679 mm,4051.87 cm³,3007,3055,20152 mm,12,STR-OUTER STRUCTURES,Structural Column,PC1 550X550,OS-CABLEBUS FOUNDATION,31.847724,Standard,64 mm
16 mm,1679 mm,4051.87 cm³,3007,3055,20152 mm,12,STR-OUTER STRUCTURES,Structural Column,PC1 550X550,OS-CABLEBUS FOUNDATION,31.847724,Standard,64 mm
16 mm,1679 mm,4051.87 cm³,3007,3055,20152 mm,12,STR-OUTER STRUCTURES,Structural Column,PC1 550X550,OS-CABLEBUS FOUNDATION,31.847724,Standard,64 mm
16 mm,1679 mm,4051.87 cm³,3007,3055,20152 mm,12,STR-OUTER STRUCTURES,Structural Column,PC1 550X550,OS-CABLEBUS FOUNDATION,31.847724,Standard,64 mm
16 mm,1679 mm,4051.87 cm³,3007,3055,20152 mm,12,STR-OUTER STRUCTURES,Structural Column,PC1 550X550,OS-CABLEBUS FOUNDATION,31.847724,Standard,64 mm
16 mm,1679 mm,4051.87 cm³,3007,3055,20152 mm,12,STR-OUTER STRUCTURES,Structural Column,PC1 550X550,OS-CABLEBUS FOUNDATION,31.847724,Standard,64 mm
16 mm,1679 mm,4051.87 cm³,3007,3055,20152 mm,12,STR-OUTER STRUCTURES,Structural Column,PC1 550X550,OS-CABLEBUS FOUNDATION,31.847724,Standard,64 mm
16 mm,1679 mm,4051.87 cm³,3007,3055,20152 mm,12,STR-OUTER STRUCTURES,Structural Column,PC1 550X550,OS-CABLEBUS FOUNDATION,31.847724,Standard,64 mm
16 mm,1679 mm,4051.87 cm³,3007,3055,20152 mm,12,STR-OUTER STRUCTURES,Structural Column,PC1 550X550,OS-CABLEBUS FOUNDATION,31.847724,Standard,64 mm
16 mm,1679 mm,4051.87 cm³,3007,3055,20152 mm,12,STR-OUTER STRUCTURES,Structural Column,PC1 550X550,OS-CABLEBUS FOUNDATION,31.847724,Standard,64 mm
16 mm,1679 mm,4051.87 cm³,3007,3055,20152 mm,12,STR-OUTER STRUCTURES,Structural Column,PC1 550X550,OS-CABLEBUS FOUNDATION,31.847724,Standard,64 mm
16 mm,1679 mm,4051.87 cm³,3007,3055,20152 mm,12,STR-OUTER STRUCTURES,Structural Column,PC1 550X550,OS-CABLEBUS FOUNDATION,31.847724,Standard,64 mm
16 mm,1864 mm,5620.68 cm³,2957,3011,27955 mm,15,STR-Model,Floor,,SOG-Mesh TOP X,44.178524,Standard,64 mm
16 mm,1814 mm,1093.98 cm³,1312,1209,5441 mm,3,STR-Model,Floor,,SOG-Mesh TOP X,8.598653,Standard,64 mm
16 mm,1864 mm,2248.27 cm³,2957,3011,11182 mm,6,STR-Model,Floor,,SOG-Mesh TOP X,17.671409,Standard,64 mm
16 mm,12000 mm,4825.48 cm³,2470,2510,24000 mm,2,STR-Model,Structural Foundation,RAFT THICK. 1000 mm,TSE-TANK,37.928309,Standard,64 mm
16 mm,12000 mm,4825.49 cm³,2474,2514,24000 mm,2,STR-Model,Structural Foundation,RAFT THICK. 1000 mm,TSE-TANK,37.928375,Standard,64 mm
16 mm,12000 mm,4825.48 cm³,2481,2524,24000 mm,2,STR-Model,Structural Foundation,RAFT THICK. 1000 mm,TSE-TANK,37.928297,Standard,64 mm
16 mm,12000 mm,4825.47 cm³,2484,2527,24000 mm,2,STR-Model,Structural Foundation,RAFT THICK. 1000 mm,TSE-TANK,37.9282,Standard,64 mm
16 mm,12000 mm,4825.49 cm³,2484,2527,24000 mm,2,STR-Model,Structural Foundation,RAFT THICK. 1000 mm,TSE-TANK,37.928358,Standard,64 mm
16 mm,12000 mm,4825.51 cm³,2481,2524,24000 mm,2,STR-Model,Structural Foundation,RAFT THICK. 1000 mm,TSE-TANK,37.92847,Standard,64 mm
16 mm,12000 mm,4825.49 cm³,2474,2514,24000 mm,2,STR-Model,Structural Foundation,RAFT THICK. 1000 mm,TSE-TANK,37.928322,Standard,64 mm
16 mm,12000 mm,4825.47 cm³,2470,2510,24000 mm,2,STR-Model,Structural Foundation,RAFT THICK. 1000 mm,TSE-TANK,37.928216,Standard,64 mm
16 mm,2400 mm,965.10 cm³,2964,3013,4800 mm,2,STR-Model,Structural Foundation,RAFT THICK. 1000 mm,TSE-TANK,7.585714,Standard,64 mm
16 mm,2747 mm,1104.61 cm³,2965,3014,5494 mm,2,STR-Model,Structural Foundation,RAFT THICK. 1000 mm,TSE-TANK,8.682257,Standard,64 mm
16 mm,4404 mm,1770.77 cm³,2967,3016,8807 mm,2,STR-Model,Structural Foundation,RAFT THICK. 1000 mm,TSE-TANK,13.918243,Standard,64 mm
16 mm,5230 mm,2103.29 cm³,2968,3017,10461 mm,2,STR-Model,Structural Foundation,RAFT THICK. 1000 mm,TSE-TANK,16.531843,Standard,64 mm
16 mm,3261 mm,32129.36 cm³,2974,3022,159798 mm,49,STR-OUTER STRUCTURES,Wall,,OS-CABLEBUS FOUNDATION,252.536776,Standard,64 mm
16 mm,3259 mm,36696.75 cm³,2978,3026,182515 mm,56,STR-OUTER STRUCTURES,Wall,,OS-CABLEBUS FOUNDATION,288.43646,Standard,64 mm
16 mm,3241 mm,31928.85 cm³,3061,3104,158801 mm,49,STR-OUTER STRUCTURES,Wall,,OS-CABLEBUS FOUNDATION,250.960765,Standard,64 mm
16 mm,3241 mm,31277.24 cm³,3061,3104,155560 mm,48,STR-OUTER STRUCTURES,Wall,,OS-CABLEBUS FOUNDATION,245.839117,Standard,64 mm
16 mm,4441 mm,43751.29 cm³,2992,3037,217601 mm,49,STR-OUTER STRUCTURES,Wall,,OS-CABLEBUS FOUNDATION,343.885155,Standard,64 mm
16 mm,3241 mm,61263.05 cm³,2995,3040,304697 mm,94,STR-OUTER STRUCTURES,Wall,,OS-CABLEBUS FOUNDATION,481.527576,Standard,64 mm
16 mm,4441 mm,10714.58 cm³,2992,3037,53290 mm,12,STR-OUTER STRUCTURES,Wall,,OS-CABLEBUS FOUNDATION,84.216567,Standard,64 mm
16 mm,1701 mm,4103.26 cm³,3022,3070,20408 mm,12,STR-OUTER STRUCTURES,Structural Column,PC1 550X550,OS-CABLEBUS FOUNDATION,32.251661,Standard,64 mm
16 mm,1701 mm,4103.26 cm³,3022,3069,20408 mm,12,STR-OUTER STRUCTURES,Structural Column,PC1 550X550,OS-CABLEBUS FOUNDATION,32.251661,Standard,64 mm
16 mm,5010 mm,9065.32 cm³,3023,3012,45087 mm,9,STR-Model,Structural Foundation,RAFT THICK. 1000 mm,TSE-TANK,71.253418,Standard,64 mm
16 mm,3579 mm,2878.21 cm³,3024,3015,14315 mm,4,STR-Model,Structural Foundation,RAFT THICK. 1000 mm,TSE-TANK,22.622754,Standard,64 mm
16 mm,6035 mm,10919.85 cm³,3025,3018,54311 mm,9,STR-Model,Structural Foundation,RAFT THICK. 1000 mm,TSE-TANK,85.830045,Standard,64 mm
16 mm,12000 mm,21714.69 cm³,2467,2507,108000 mm,9,STR-Model,Structural Foundation,RAFT THICK. 1000 mm,TSE-TANK,170.677451,Standard,64 mm
16 mm,12000 mm,21714.69 cm³,3026,3019,108000 mm,9,STR-Model,Structural Foundation,RAFT THICK. 1000 mm,TSE-TANK,170.677451,Standard,64 mm
16 mm,12000 mm,9650.99 cm³,2477,2521,48000 mm,4,STR-Model,Structural Foundation,RAFT THICK. 1000 mm,TSE-TANK,75.856799,Standard,64 mm
16 mm,8000 mm,14476.46 cm³,3028,3020,72000 mm,9,STR-Model,Structural Foundation,RAFT THICK. 1000 mm,TSE-TANK,113.784967,Standard,64 mm
16 mm,12000 mm,9650.99 cm³,2477,2521,48000 mm,4,STR-Model,Structural Foundation,RAFT THICK. 1000 mm,TSE-TANK,75.856771,Standard,64 mm
16 mm,12000 mm,21714.69 cm³,2467,2507,108000 mm,9,STR-Model,Structural Foundation,RAFT THICK. 1000 mm,TSE-TANK,170.677451,Standard,64 mm
16 mm,2200 mm,3538.63 cm³,2981,3071,17600 mm,8,STR-OUTER STRUCTURES,Structural Column,PC1 550X550,OS-CABLEBUS FOUNDATION,27.813644,Standard,64 mm
16 mm,2200 mm,1769.33 cm³,2981,3071,8800 mm,4,STR-OUTER STRUCTURES,Structural Column,PC1 550X550,OS-CABLEBUS FOUNDATION,13.906948,Standard,64 mm
16 mm,2200 mm,3538.63 cm³,2981,3072,17600 mm,8,STR-OUTER STRUCTURES,Structural Column,PC1 550X550,OS-CABLEBUS FOUNDATION,27.813644,Standard,64 mm
16 mm,2200 mm,1769.33 cm³,2981,3072,8800 mm,4,STR-OUTER STRUCTURES,Structural Column,PC1 550X550,OS-CABLEBUS FOUNDATION,13.906948,Standard,64 mm
16 mm,2984 mm,4199.31 cm³,3037,3079,20886 mm,7,STR-OUTER STRUCTURES,Structural Foundation,,OS-CABLEBUS FOUNDATION,33.006563,Standard,64 mm
16 mm,2984 mm,4199.31 cm³,3037,3079,20886 mm,7,STR-OUTER STRUCTURES,Structural Foundation,,OS-CABLEBUS FOUNDATION,33.006563,Standard,64 mm
16 mm,1652 mm,4317.13 cm³,3038,3080,21472 mm,13,STR-OUTER STRUCTURES,Structural Foundation,,OS-CABLEBUS FOUNDATION,33.932618,Standard,64 mm
16 mm,1652 mm,4317.13 cm³,3038,3080,21472 mm,13,STR-OUTER STRUCTURES,Structural Foundation,,OS-CABLEBUS FOUNDATION,33.932618,Standard,64 mm
16 mm,2784 mm,3358.15 cm³,2736,2768,16702 mm,6,STR-OUTER STRUCTURES,Structural Foundation,,OS-CB.BX,26.395033,Standard,64 mm
16 mm,1534 mm,9867.85 cm³,3039,3083,49079 mm,32,STR-OUTER STRUCTURES,Structural Foundation,,OS-CB.BX,77.561265,Standard,64 mm
16 mm,1534 mm,9867.85 cm³,3039,3083,49079 mm,32,STR-OUTER STRUCTURES,Structural Foundation,,OS-CB.BX,77.561265,Standard,64 mm
16 mm,1534 mm,9867.85 cm³,3039,3083,49079 mm,32,STR-OUTER STRUCTURES,Structural Foundation,,OS-CB.TX,77.561265,Standard,64 mm
16 mm,2784 mm,3358.15 cm³,2736,2768,16702 mm,6,STR-OUTER STRUCTURES,Structural Foundation,,OS-CB.TX,26.395033,Standard,64 mm
16 mm,1534 mm,9867.85 cm³,3039,3083,49079 mm,32,STR-OUTER STRUCTURES,Structural Foundation,,OS-CB.TX,77.561265,Standard,64 mm
16 mm,9334 mm,13136.50 cm³,3040,3084,65336 mm,7,STR-OUTER STRUCTURES,Structural Foundation,,OS-CB.BX,103.252885,Standard,64 mm
16 mm,4484 mm,9916.82 cm³,3041,3085,49322 mm,11,STR-OUTER STRUCTURES,Structural Foundation,,OS-CB.BX,77.946185,Standard,64 mm
16 mm,9334 mm,13136.50 cm³,3040,3084,65336 mm,7,STR-OUTER STRUCTURES,Structural Foundation,,OS-CB.TX,103.252885,Standard,64 mm
16 mm,4484 mm,9916.82 cm³,3041,3085,49322 mm,11,STR-OUTER STRUCTURES,Structural Foundation,,OS-CB.TX,77.946185,Standard,64 mm
16 mm,7851 mm,11049.47 cm³,3042,3086,54956 mm,7,STR-OUTER STRUCTURES,Structural Foundation,,OS-CB.BY,86.848818,Standard,64 mm
16 mm,7851 mm,11049.47 cm³,3042,3086,54956 mm,7,STR-OUTER STRUCTURES,Structural Foundation,,OS-CB.TY,86.848818,Standard,64 mm
16 mm,9851 mm,13864.54 cm³,3043,3087,68957 mm,7,STR-OUTER STRUCTURES,Structural Foundation,,OS-CB.BY,108.975254,Standard,64 mm
16 mm,4676 mm,5641.02 cm³,3044,3088,28056 mm,6,STR-OUTER STRUCTURES,Structural Foundation,,OS-CB.BY,44.338405,Standard,64 mm
16 mm,3576 mm,7189.93 cm³,3045,3089,35760 mm,10,STR-OUTER STRUCTURES,Structural Foundation,,OS-CB.BY,56.512816,Standard,64 mm
16 mm,1576 mm,3485.57 cm³,3046,3090,17336 mm,11,STR-OUTER STRUCTURES,Structural Foundation,,OS-CB.BY,27.396618,Standard,64 mm
16 mm,2676 mm,4304.25 cm³,3047,3091,21408 mm,8,STR-OUTER STRUCTURES,Structural Foundation,,OS-CB.BY,33.831369,Standard,64 mm
16 mm,1576 mm,3485.57 cm³,3046,3090,17336 mm,11,STR-OUTER STRUCTURES,Structural Foundation,,OS-CB.TY,27.396618,Standard,64 mm
16 mm,2676 mm,4304.25 cm³,3047,3091,21408 mm,8,STR-OUTER STRUCTURES,Structural Foundation,,OS-CB.TY,33.831369,Standard,64 mm
16 mm,4676 mm,5641.02 cm³,3044,3088,28056 mm,6,STR-OUTER STRUCTURES,Structural Foundation,,OS-CB.TY,44.338405,Standard,64 mm
16 mm,3576 mm,7189.93 cm³,3045,3089,35760 mm,10,STR-OUTER STRUCTURES,Structural Foundation,,OS-CB.TY,56.512816,Standard,64 mm
16 mm,9851 mm,13864.54 cm³,3043,3087,68957 mm,7,STR-OUTER STRUCTURES,Structural Foundation,,OS-CB.TY,108.975254,Standard,64 mm
16 mm,3000 mm,28956.08 cm³,3048,3092,144016 mm,48,STR-OUTER STRUCTURES,Wall,,OS-CABLEBUS FOUNDATION,227.594771,Standard,64 mm
16 mm,3000 mm,33178.84 cm³,3051,3092,165018 mm,55,STR-OUTER STRUCTURES,Wall,,OS-CABLEBUS FOUNDATION,260.785675,Standard,64 mm
16 mm,1450 mm,1166.32 cm³,3054,3097,5801 mm,4,STR-OUTER STRUCTURES,Structural Column,PC1 550X550,OS-CABLEBUS FOUNDATION,9.167263,Standard,64 mm
16 mm,1450 mm,1166.32 cm³,3054,3097,5801 mm,4,STR-OUTER STRUCTURES,Structural Column,PC1 550X550,OS-CABLEBUS FOUNDATION,9.167263,Standard,64 mm
16 mm,1500 mm,603.26 cm³,3234,3205,3000 mm,2,STR-OUTER STRUCTURES,Structural Column,PC1 550X550,OS-CABLEBUS FOUNDATION,4.741635,Standard,64 mm
16 mm,1500 mm,603.26 cm³,3234,3205,3000 mm,2,STR-OUTER STRUCTURES,Structural Column,PC1 550X550,OS-CABLEBUS FOUNDATION,4.741635,Standard,64 mm
16 mm,1450 mm,1166.32 cm³,3054,3097,5801 mm,4,STR-OUTER STRUCTURES,Structural Column,PC1 550X550,OS-CABLEBUS FOUNDATION,9.167263,Standard,64 mm
16 mm,1450 mm,1166.32 cm³,3054,3097,5801 mm,4,STR-OUTER STRUCTURES,Structural Column,PC1 550X550,OS-CABLEBUS FOUNDATION,9.167263,Standard,64 mm
16 mm,1500 mm,603.26 cm³,3234,3205,3000 mm,2,STR-OUTER STRUCTURES,Structural Column,PC1 550X550,OS-CABLEBUS FOUNDATION,4.741635,Standard,64 mm
16 mm,1500 mm,603.26 cm³,3234,3205,3000 mm,2,STR-OUTER STRUCTURES,Structural Column,PC1 550X550,OS-CABLEBUS FOUNDATION,4.741635,Standard,64 mm
16 mm,1450 mm,3499.04 cm³,3054,3101,17403 mm,12,STR-OUTER STRUCTURES,Structural Column,PC1 550X550,OS-CABLEBUS FOUNDATION,27.502492,Standard,64 mm
16 mm,1784 mm,1434.69 cm³,2813,2849,7136 mm,4,STR-OUTER STRUCTURES,Structural Foundation,,OS-CB.BX,11.276686,Standard,64 mm
16 mm,1784 mm,1434.51 cm³,2814,2850,7135 mm,4,STR-OUTER STRUCTURES,Structural Foundation,,OS-CB.BX,11.275229,Standard,64 mm
16 mm,1784 mm,3944.90 cm³,2814,2850,19620 mm,11,STR-OUTER STRUCTURES,Structural Foundation,,OS-CB.BX,31.006879,Standard,64 mm
16 mm,1784 mm,1434.69 cm³,2813,2849,7136 mm,4,STR-OUTER STRUCTURES,Structural Foundation,,OS-CB.TX,11.276686,Standard,64 mm
16 mm,1784 mm,1434.51 cm³,2814,2850,7135 mm,4,STR-OUTER STRUCTURES,Structural Foundation,,OS-CB.TX,11.275229,Standard,64 mm
16 mm,1784 mm,3944.90 cm³,2814,2850,19620 mm,11,STR-OUTER STRUCTURES,Structural Foundation,,OS-CB.TX,31.006879,Standard,64 mm
16 mm,5532 mm,7786.44 cm³,2815,2851,38727 mm,7,STR-OUTER STRUCTURES,Structural Foundation,,OS-CB.BX,61.201454,Standard,64 mm
16 mm,5532 mm,7786.44 cm³,2815,2851,38727 mm,7,STR-OUTER STRUCTURES,Structural Foundation,,OS-CB.TX,61.201454,Standard,64 mm
16 mm,7201 mm,4343.50 cm³,3318,2852,21603 mm,3,STR-OUTER STRUCTURES,Structural Foundation,,OS-CB.BX,34.139908,Standard,64 mm
16 mm,8985 mm,9032.53 cm³,2817,2853,44924 mm,5,STR-OUTER STRUCTURES,Structural Foundation,,OS-CB.BX,70.995679,Standard,64 mm
16 mm,8985 mm,9032.53 cm³,2817,2853,44924 mm,5,STR-OUTER STRUCTURES,Structural Foundation,,OS-CB.TX,70.995679,Standard,64 mm
16 mm,1485 mm,9856.27 cm³,2818,2854,49021 mm,33,STR-OUTER STRUCTURES,Structural Foundation,,OS-CB.BX,77.470272,Standard,64 mm
16 mm,2784 mm,3358.38 cm³,2819,2768,16703 mm,6,STR-OUTER STRUCTURES,Structural Foundation,,OS-CB.BX,26.396875,Standard,64 mm
16 mm,1485 mm,9856.27 cm³,2818,2854,49021 mm,33,STR-OUTER STRUCTURES,Structural Foundation,,OS-CB.TX,77.470272,Standard,64 mm
16 mm,2784 mm,3358.38 cm³,2819,2768,16703 mm,6,STR-OUTER STRUCTURES,Structural Foundation,,OS-CB.TX,26.396875,Standard,64 mm
16 mm,2749 mm,4421.85 cm³,2820,3102,21993 mm,8,STR-OUTER STRUCTURES,Structural Foundation,,OS-CB.BY,34.755778,Standard,64 mm
16 mm,2749 mm,4421.85 cm³,2820,3102,21993 mm,8,STR-OUTER STRUCTURES,Structural Foundation,,OS-CB.TY,34.755778,Standard,64 mm
16 mm,2027 mm,4890.21 cm³,2821,3103,24322 mm,12,STR-OUTER STRUCTURES,Structural Foundation,,OS-CB.BY,38.437044,Standard,64 mm
16 mm,2027 mm,4890.21 cm³,2821,3103,24322 mm,12,STR-OUTER STRUCTURES,Structural Foundation,,OS-CB.TY,38.437044,Standard,64 mm
16 mm,2748 mm,1657.85 cm³,2822,2857,8245 mm,3,STR-OUTER STRUCTURES,Structural Foundation,,OS-CB.BY,13.030662,Standard,64 mm
16 mm,2748 mm,1657.85 cm³,2822,2857,8245 mm,3,STR-OUTER STRUCTURES,Structural Foundation,,OS-CB.TY,13.030662,Standard,64 mm
16 mm,10036 mm,10089.55 cm³,2823,2858,50181 mm,5,STR-OUTER STRUCTURES,Structural Foundation,,OS-CB.BY,79.303895,Standard,64 mm
16 mm,10036 mm,10089.55 cm³,2823,2858,50181 mm,5,STR-OUTER STRUCTURES,Structural Foundation,,OS-CB.TY,79.303895,Standard,64 mm
16 mm,7952 mm,1598.78 cm³,2824,2859,7952 mm,1,STR-OUTER STRUCTURES,Structural Foundation,,OS-CB.BY,12.566386,Standard,64 mm
16 mm,7952 mm,1598.78 cm³,2824,2859,7952 mm,1,STR-OUTER STRUCTURES,Structural Foundation,,OS-CB.TY,12.566386,Standard,64 mm
16 mm,1452 mm,2043.12 cm³,2825,2860,10162 mm,7,STR-OUTER STRUCTURES,Structural Foundation,,OS-CB.BY,16.058924,Standard,64 mm
16 mm,1452 mm,2043.12 cm³,2825,2860,10162 mm,7,STR-OUTER STRUCTURES,Structural Foundation,,OS-CB.TY,16.058924,Standard,64 mm
16 mm,3546 mm,2851.75 cm³,2826,2861,14183 mm,4,STR-OUTER STRUCTURES,Structural Foundation,,OS-CB.BY,22.414726,Standard,64 mm
16 mm,3546 mm,2851.75 cm³,2826,2861,14183 mm,4,STR-OUTER STRUCTURES,Structural Foundation,,OS-CB.TY,22.414726,Standard,64 mm
16 mm,4694 mm,3775.52 cm³,2827,2862,18778 mm,4,STR-OUTER STRUCTURES,Structural Foundation,,OS-CB.BY,29.675561,Standard,64 mm
16 mm,4694 mm,3775.52 cm³,2827,2862,18778 mm,4,STR-OUTER STRUCTURES,Structural Foundation,,OS-CB.TY,29.675561,Standard,64 mm
16 mm,2598 mm,4701.29 cm³,2828,2863,23382 mm,9,STR-OUTER STRUCTURES,Structural Foundation,,OS-CB.BY,36.952132,Standard,64 mm
16 mm,1450 mm,4663.55 cm³,2829,2864,23195 mm,16,STR-OUTER STRUCTURES,Structural Foundation,,OS-CB.BY,36.655542,Standard,64 mm
16 mm,1450 mm,4663.55 cm³,2829,2864,23195 mm,16,STR-OUTER STRUCTURES,Structural Foundation,,OS-CB.TY,36.655542,Standard,64 mm
16 mm,2598 mm,4701.29 cm³,2828,2863,23382 mm,9,STR-OUTER STRUCTURES,Structural Foundation,,OS-CB.TY,36.952132,Standard,64 mm
16 mm,2401 mm,7722.91 cm³,3073,3118,38411 mm,16,STR-OUTER STRUCTURES,Wall,,OS-CABLEBUS FOUNDATION,60.702098,Standard,64 mm
16 mm,2401 mm,7722.91 cm³,3073,3118,38411 mm,16,STR-OUTER STRUCTURES,Wall,,OS-CABLEBUS FOUNDATION,60.702098,Standard,64 mm
16 mm,1601 mm,3861.99 cm³,3066,3111,19208 mm,12,STR-OUTER STRUCTURES,Structural Column,PC1 550X550,OS-CABLEBUS FOUNDATION,30.355245,Standard,64 mm
16 mm,1601 mm,3861.99 cm³,3066,3112,19208 mm,12,STR-OUTER STRUCTURES,Structural Column,PC1 550X550,OS-CABLEBUS FOUNDATION,30.355245,Standard,64 mm
16 mm,1626 mm,2614.80 cm³,3067,3113,13005 mm,8,STR-Model,Structural Foundation,,OS-CABLEBUS FOUNDATION,20.552337,Standard,64 mm
16 mm,2199 mm,3536.85 cm³,3070,3107,17591 mm,8,STR-OUTER STRUCTURES,Structural Framing,,OS-Stair,27.799673,Standard,64 mm
16 mm,8000 mm,48254.86 cm³,1797,2516,240000 mm,30,STR-Model,Floor,,ROOF ADD.-MESH TOP Y,379.283224,Standard,64 mm
16 mm,8000 mm,48254.86 cm³,1797,2516,240000 mm,30,STR-Model,Floor,,ROOF ADD.-MESH TOP X,379.283224,Standard,64 mm
16 mm,11415 mm,2295.13 cm³,2776,2811,11415 mm,1,STR-Model,Structural Foundation,,OS-CB.TX,18.039696,Standard,64 mm
16 mm,11435 mm,2299.18 cm³,3079,3124,11435 mm,1,STR-Model,Structural Foundation,,OS-CB.BX,18.07155,Standard,64 mm
16 mm,2533 mm,509.26 cm³,3097,3142,2533 mm,1,STR-Model,Structural Foundation,,OS-CB.BY,4.002811,Standard,64 mm
16 mm,3585 mm,720.76 cm³,3104,3149,3585 mm,1,STR-Model,Structural Foundation,,OS-CB.BY,5.66515,Standard,64 mm
16 mm,4617 mm,928.31 cm³,3105,3150,4617 mm,1,STR-Model,Structural Foundation,,OS-CB.BY,7.296542,Standard,64 mm
16 mm,5781 mm,1096.43 cm³,3175,3143,5453 mm,1,STR-Model,Structural Foundation,,OS-CB.BY,8.61794,Standard,64 mm
16 mm,5781 mm,1103.76 cm³,3176,3143,5490 mm,1,STR-Model,Structural Foundation,,OS-CB.BY,8.67553,Standard,64 mm
16 mm,5781 mm,1111.08 cm³,3177,3143,5526 mm,1,STR-Model,Structural Foundation,,OS-CB.BY,8.733119,Standard,64 mm
16 mm,5781 mm,1118.41 cm³,3178,3143,5563 mm,1,STR-Model,Structural Foundation,,OS-CB.BY,8.790709,Standard,64 mm
16 mm,5781 mm,1125.74 cm³,3179,3143,5599 mm,1,STR-Model,Structural Foundation,,OS-CB.BY,8.848298,Standard,64 mm
16 mm,5781 mm,1133.06 cm³,3180,3143,5635 mm,1,STR-Model,Structural Foundation,,OS-CB.BY,8.905887,Standard,64 mm
16 mm,5781 mm,1140.39 cm³,3181,3143,5672 mm,1,STR-Model,Structural Foundation,,OS-CB.BY,8.963477,Standard,64 mm
16 mm,5781 mm,1147.72 cm³,3182,3143,5708 mm,1,STR-Model,Structural Foundation,,OS-CB.BY,9.021066,Standard,64 mm
16 mm,5781 mm,1155.05 cm³,3183,3143,5745 mm,1,STR-Model,Structural Foundation,,OS-CB.BY,9.078656,Standard,64 mm
16 mm,5781 mm,1162.37 cm³,3184,3143,5781 mm,1,STR-Model,Structural Foundation,,OS-CB.BY,9.136245,Standard,64 mm
16 mm,4355 mm,875.72 cm³,3115,3160,4355 mm,1,STR-Model,Structural Foundation,,OS-CB.BY,6.883196,Standard,64 mm
16 mm,3831 mm,770.36 cm³,3116,3161,3831 mm,1,STR-Model,Structural Foundation,,OS-CB.BY,6.055041,Standard,64 mm
16 mm,2580 mm,518.64 cm³,3117,3162,2580 mm,1,STR-Model,Structural Foundation,,OS-CB.BY,4.07651,Standard,64 mm
16 mm,2323 mm,467.14 cm³,3165,3169,2323 mm,1,STR-Model,Structural Foundation,,OS-CB.BY,3.671707,Standard,64 mm
16 mm,2323 mm,461.41 cm³,3167,3169,2295 mm,1,STR-Model,Structural Foundation,,OS-CB.BY,3.626719,Standard,64 mm
16 mm,2323 mm,455.69 cm³,3169,3169,2266 mm,1,STR-Model,Structural Foundation,,OS-CB.BY,3.581731,Standard,64 mm
16 mm,2323 mm,449.97 cm³,3171,3169,2238 mm,1,STR-Model,Structural Foundation,,OS-CB.BY,3.536743,Standard,64 mm
16 mm,2323 mm,444.24 cm³,3172,3169,2209 mm,1,STR-Model,Structural Foundation,,OS-CB.BY,3.491756,Standard,64 mm
16 mm,2323 mm,438.52 cm³,3170,3169,2181 mm,1,STR-Model,Structural Foundation,,OS-CB.BY,3.446768,Standard,64 mm
16 mm,2323 mm,432.80 cm³,3173,3169,2153 mm,1,STR-Model,Structural Foundation,,OS-CB.BY,3.40178,Standard,64 mm
16 mm,2323 mm,427.07 cm³,3174,3169,2124 mm,1,STR-Model,Structural Foundation,,OS-CB.BY,3.356792,Standard,64 mm
16 mm,9029 mm,1782.88 cm³,3157,3170,8867 mm,1,STR-Model,Structural Foundation,,OS-CB.BY,14.013447,Standard,64 mm
16 mm,9029 mm,1788.31 cm³,3159,3170,8894 mm,1,STR-Model,Structural Foundation,,OS-CB.BY,14.056099,Standard,64 mm
16 mm,9029 mm,1793.73 cm³,3161,3170,8921 mm,1,STR-Model,Structural Foundation,,OS-CB.BY,14.098751,Standard,64 mm
16 mm,9029 mm,1799.16 cm³,3160,3170,8948 mm,1,STR-Model,Structural Foundation,,OS-CB.BY,14.141402,Standard,64 mm
16 mm,9029 mm,1804.59 cm³,3163,3170,8975 mm,1,STR-Model,Structural Foundation,,OS-CB.BY,14.184054,Standard,64 mm
16 mm,9029 mm,1810.01 cm³,3162,3170,9002 mm,1,STR-Model,Structural Foundation,,OS-CB.BY,14.226706,Standard,64 mm
16 mm,9029 mm,1815.44 cm³,3164,3170,9029 mm,1,STR-Model,Structural Foundation,,OS-CB.BY,14.269357,Standard,64 mm
16 mm,2888 mm,512.50 cm³,3142,3187,2549 mm,1,STR-Model,Structural Foundation,,OS-CB.BY,4.028281,Standard,64 mm
16 mm,2888 mm,518.71 cm³,3144,3187,2580 mm,1,STR-Model,Structural Foundation,,OS-CB.BY,4.07704,Standard,64 mm
16 mm,2888 mm,524.91 cm³,3146,3187,2611 mm,1,STR-Model,Structural Foundation,,OS-CB.BY,4.125799,Standard,64 mm
16 mm,2888 mm,531.11 cm³,3148,3187,2642 mm,1,STR-Model,Structural Foundation,,OS-CB.BY,4.174558,Standard,64 mm
16 mm,2888 mm,537.32 cm³,3150,3187,2672 mm,1,STR-Model,Structural Foundation,,OS-CB.BY,4.223317,Standard,64 mm
16 mm,2888 mm,543.52 cm³,3152,3187,2703 mm,1,STR-Model,Structural Foundation,,OS-CB.BY,4.272076,Standard,64 mm
16 mm,2888 mm,549.72 cm³,3154,3187,2734 mm,1,STR-Model,Structural Foundation,,OS-CB.BY,4.320835,Standard,64 mm
16 mm,2888 mm,555.93 cm³,3149,3187,2765 mm,1,STR-Model,Structural Foundation,,OS-CB.BY,4.369594,Standard,64 mm
16 mm,2888 mm,562.13 cm³,3155,3187,2796 mm,1,STR-Model,Structural Foundation,,OS-CB.BY,4.418353,Standard,64 mm
16 mm,2888 mm,568.33 cm³,3151,3187,2827 mm,1,STR-Model,Structural Foundation,,OS-CB.BY,4.467112,Standard,64 mm
16 mm,2888 mm,574.54 cm³,3156,3187,2858 mm,1,STR-Model,Structural Foundation,,OS-CB.BY,4.515871,Standard,64 mm
16 mm,2888 mm,580.74 cm³,3153,3187,2888 mm,1,STR-Model,Structural Foundation,,OS-CB.BY,4.56463,Standard,64 mm
16 mm,3287 mm,660.83 cm³,3201,3188,3287 mm,1,STR-Model,Structural Foundation,,OS-CB.BY,5.194126,Standard,64 mm
16 mm,2536 mm,509.90 cm³,3202,3189,2536 mm,1,STR-Model,Structural Foundation,,OS-CB.BY,4.007806,Standard,64 mm
16 mm,1238 mm,248.96 cm³,3203,3190,1238 mm,1,STR-Model,Structural Foundation,,OS-CB.BY,1.956817,Standard,64 mm
16 mm,3628 mm,703.60 cm³,3222,3198,3499 mm,1,STR-Model,Structural Foundation,,OS-CB.BY,5.530326,Standard,64 mm
16 mm,3628 mm,708.79 cm³,3223,3198,3525 mm,1,STR-Model,Structural Foundation,,OS-CB.BY,5.571098,Standard,64 mm
16 mm,3628 mm,713.98 cm³,3225,3198,3551 mm,1,STR-Model,Structural Foundation,,OS-CB.BY,5.611869,Standard,64 mm
16 mm,3628 mm,719.17 cm³,3224,3198,3577 mm,1,STR-Model,Structural Foundation,,OS-CB.BY,5.652641,Standard,64 mm
16 mm,3628 mm,724.35 cm³,3226,3198,3603 mm,1,STR-Model,Structural Foundation,,OS-CB.BY,5.693413,Standard,64 mm
16 mm,3628 mm,729.54 cm³,3221,3198,3628 mm,1,STR-Model,Structural Foundation,,OS-CB.BY,5.734184,Standard,64 mm
16 mm,7950 mm,11189.52 cm³,3103,3148,55652 mm,7,STR-Model,Structural Foundation,,OS-CB.TY,87.949599,Standard,64 mm
16 mm,4378 mm,805.59 cm³,3185,3186,4007 mm,1,STR-Model,Structural Foundation,,OS-CB.TY,6.331949,Standard,64 mm
16 mm,4378 mm,811.82 cm³,3187,3186,4038 mm,1,STR-Model,Structural Foundation,,OS-CB.TY,6.380891,Standard,64 mm
16 mm,4378 mm,818.05 cm³,3189,3186,4069 mm,1,STR-Model,Structural Foundation,,OS-CB.TY,6.429834,Standard,64 mm
16 mm,4378 mm,824.27 cm³,3191,3186,4100 mm,1,STR-Model,Structural Foundation,,OS-CB.TY,6.478776,Standard,64 mm
16 mm,4378 mm,830.50 cm³,3193,3186,4131 mm,1,STR-Model,Structural Foundation,,OS-CB.TY,6.527719,Standard,64 mm
16 mm,4378 mm,836.73 cm³,3195,3186,4162 mm,1,STR-Model,Structural Foundation,,OS-CB.TY,6.576661,Standard,64 mm
16 mm,4378 mm,842.95 cm³,3197,3186,4192 mm,1,STR-Model,Structural Foundation,,OS-CB.TY,6.625603,Standard,64 mm
16 mm,4378 mm,849.18 cm³,3192,3186,4223 mm,1,STR-Model,Structural Foundation,,OS-CB.TY,6.674546,Standard,64 mm
16 mm,4378 mm,855.41 cm³,3198,3186,4254 mm,1,STR-Model,Structural Foundation,,OS-CB.TY,6.723488,Standard,64 mm
16 mm,4378 mm,861.63 cm³,3194,3186,4285 mm,1,STR-Model,Structural Foundation,,OS-CB.TY,6.772431,Standard,64 mm
16 mm,4378 mm,867.86 cm³,3199,3186,4316 mm,1,STR-Model,Structural Foundation,,OS-CB.TY,6.821373,Standard,64 mm
16 mm,4378 mm,874.09 cm³,3196,3186,4347 mm,1,STR-Model,Structural Foundation,,OS-CB.TY,6.870316,Standard,64 mm
16 mm,4378 mm,880.31 cm³,3200,3186,4378 mm,1,STR-Model,Structural Foundation,,OS-CB.TY,6.919258,Standard,64 mm
16 mm,1444 mm,3485.05 cm³,2808,2843,17333 mm,12,STR-Model,Structural Foundation,,OS-CB.TY,27.392527,Standard,64 mm
16 mm,2533 mm,509.26 cm³,3097,3142,2533 mm,1,STR-Model,Structural Foundation,,OS-CB.TY,4.002811,Standard,64 mm
16 mm,3585 mm,720.76 cm³,3104,3149,3585 mm,1,STR-Model,Structural Foundation,,OS-CB.TY,5.66515,Standard,64 mm
16 mm,4617 mm,928.31 cm³,3105,3150,4617 mm,1,STR-Model,Structural Foundation,,OS-CB.TY,7.296542,Standard,64 mm
16 mm,5781 mm,1096.43 cm³,3175,3143,5453 mm,1,STR-Model,Structural Foundation,,OS-CB.TY,8.61794,Standard,64 mm
16 mm,5781 mm,1103.76 cm³,3176,3143,5490 mm,1,STR-Model,Structural Foundation,,OS-CB.TY,8.67553,Standard,64 mm
16 mm,5781 mm,1111.08 cm³,3177,3143,5526 mm,1,STR-Model,Structural Foundation,,OS-CB.TY,8.733119,Standard,64 mm
16 mm,5781 mm,1118.41 cm³,3178,3143,5563 mm,1,STR-Model,Structural Foundation,,OS-CB.TY,8.790709,Standard,64 mm
16 mm,5781 mm,1125.74 cm³,3179,3143,5599 mm,1,STR-Model,Structural Foundation,,OS-CB.TY,8.848298,Standard,64 mm
16 mm,5781 mm,1133.06 cm³,3180,3143,5635 mm,1,STR-Model,Structural Foundation,,OS-CB.TY,8.905887,Standard,64 mm
16 mm,5781 mm,1140.39 cm³,3181,3143,5672 mm,1,STR-Model,Structural Foundation,,OS-CB.TY,8.963477,Standard,64 mm
16 mm,5781 mm,1147.72 cm³,3182,3143,5708 mm,1,STR-Model,Structural Foundation,,OS-CB.TY,9.021066,Standard,64 mm
16 mm,5781 mm,1155.05 cm³,3183,3143,5745 mm,1,STR-Model,Structural Foundation,,OS-CB.TY,9.078656,Standard,64 mm
16 mm,5781 mm,1162.37 cm³,3184,3143,5781 mm,1,STR-Model,Structural Foundation,,OS-CB.TY,9.136245,Standard,64 mm
16 mm,4355 mm,875.72 cm³,3115,3160,4355 mm,1,STR-Model,Structural Foundation,,OS-CB.TY,6.883196,Standard,64 mm
16 mm,2580 mm,518.64 cm³,3117,3162,2580 mm,1,STR-Model,Structural Foundation,,OS-CB.TY,4.07651,Standard,64 mm
16 mm,2323 mm,467.14 cm³,3165,3169,2323 mm,1,STR-Model,Structural Foundation,,OS-CB.TY,3.671707,Standard,64 mm
16 mm,2323 mm,461.41 cm³,3167,3169,2295 mm,1,STR-Model,Structural Foundation,,OS-CB.TY,3.626719,Standard,64 mm
16 mm,2323 mm,455.69 cm³,3169,3169,2266 mm,1,STR-Model,Structural Foundation,,OS-CB.TY,3.581731,Standard,64 mm
16 mm,2323 mm,449.97 cm³,3171,3169,2238 mm,1,STR-Model,Structural Foundation,,OS-CB.TY,3.536743,Standard,64 mm
16 mm,2323 mm,444.24 cm³,3172,3169,2209 mm,1,STR-Model,Structural Foundation,,OS-CB.TY,3.491756,Standard,64 mm
16 mm,2323 mm,438.52 cm³,3170,3169,2181 mm,1,STR-Model,Structural Foundation,,OS-CB.TY,3.446768,Standard,64 mm
16 mm,2323 mm,432.80 cm³,3173,3169,2153 mm,1,STR-Model,Structural Foundation,,OS-CB.TY,3.40178,Standard,64 mm
16 mm,2323 mm,427.07 cm³,3174,3169,2124 mm,1,STR-Model,Structural Foundation,,OS-CB.TY,3.356792,Standard,64 mm
16 mm,9029 mm,1782.88 cm³,3157,3170,8867 mm,1,STR-Model,Structural Foundation,,OS-CB.TY,14.013447,Standard,64 mm
16 mm,9029 mm,1788.31 cm³,3159,3170,8894 mm,1,STR-Model,Structural Foundation,,OS-CB.TY,14.056099,Standard,64 mm
16 mm,9029 mm,1793.73 cm³,3161,3170,8921 mm,1,STR-Model,Structural Foundation,,OS-CB.TY,14.098751,Standard,64 mm
16 mm,9029 mm,1799.16 cm³,3160,3170,8948 mm,1,STR-Model,Structural Foundation,,OS-CB.TY,14.141402,Standard,64 mm
16 mm,9029 mm,1804.59 cm³,3163,3170,8975 mm,1,STR-Model,Structural Foundation,,OS-CB.TY,14.184054,Standard,64 mm
16 mm,9029 mm,1810.01 cm³,3162,3170,9002 mm,1,STR-Model,Structural Foundation,,OS-CB.TY,14.226706,Standard,64 mm
16 mm,9029 mm,1815.44 cm³,3164,3170,9029 mm,1,STR-Model,Structural Foundation,,OS-CB.TY,14.269357,Standard,64 mm
16 mm,2888 mm,512.50 cm³,3142,3187,2549 mm,1,STR-Model,Structural Foundation,,OS-CB.TY,4.028281,Standard,64 mm
16 mm,2888 mm,518.71 cm³,3144,3187,2580 mm,1,STR-Model,Structural Foundation,,OS-CB.TY,4.07704,Standard,64 mm
16 mm,2888 mm,524.91 cm³,3146,3187,2611 mm,1,STR-Model,Structural Foundation,,OS-CB.TY,4.125799,Standard,64 mm
16 mm,2888 mm,531.11 cm³,3148,3187,2642 mm,1,STR-Model,Structural Foundation,,OS-CB.TY,4.174558,Standard,64 mm
16 mm,2888 mm,537.32 cm³,3150,3187,2672 mm,1,STR-Model,Structural Foundation,,OS-CB.TY,4.223317,Standard,64 mm
16 mm,2888 mm,543.52 cm³,3152,3187,2703 mm,1,STR-Model,Structural Foundation,,OS-CB.TY,4.272076,Standard,64 mm
16 mm,2888 mm,549.72 cm³,3154,3187,2734 mm,1,STR-Model,Structural Foundation,,OS-CB.TY,4.320835,Standard,64 mm
16 mm,2888 mm,555.93 cm³,3149,3187,2765 mm,1,STR-Model,Structural Foundation,,OS-CB.TY,4.369594,Standard,64 mm
16 mm,2888 mm,562.13 cm³,3155,3187,2796 mm,1,STR-Model,Structural Foundation,,OS-CB.TY,4.418353,Standard,64 mm
16 mm,2888 mm,568.33 cm³,3151,3187,2827 mm,1,STR-Model,Structural Foundation,,OS-CB.TY,4.467112,Standard,64 mm
16 mm,2888 mm,574.54 cm³,3156,3187,2858 mm,1,STR-Model,Structural Foundation,,OS-CB.TY,4.515871,Standard,64 mm
16 mm,2888 mm,580.74 cm³,3153,3187,2888 mm,1,STR-Model,Structural Foundation,,OS-CB.TY,4.56463,Standard,64 mm
16 mm,3287 mm,660.83 cm³,3201,3188,3287 mm,1,STR-Model,Structural Foundation,,OS-CB.TY,5.194126,Standard,64 mm
16 mm,2536 mm,509.90 cm³,3202,3189,2536 mm,1,STR-Model,Structural Foundation,,OS-CB.TY,4.007806,Standard,64 mm
16 mm,1238 mm,248.96 cm³,3203,3190,1238 mm,1,STR-Model,Structural Foundation,,OS-CB.TY,1.956817,Standard,64 mm
16 mm,3831 mm,770.36 cm³,3116,3161,3831 mm,1,STR-Model,Structural Foundation,,OS-CB.TY,6.055041,Standard,64 mm
16 mm,3628 mm,703.00 cm³,3216,3197,3496 mm,1,STR-Model,Structural Foundation,,OS-CB.TY,5.525543,Standard,64 mm
16 mm,3628 mm,708.30 cm³,3217,3197,3523 mm,1,STR-Model,Structural Foundation,,OS-CB.TY,5.567272,Standard,64 mm
16 mm,3628 mm,713.61 cm³,3220,3197,3549 mm,1,STR-Model,Structural Foundation,,OS-CB.TY,5.609,Standard,64 mm
16 mm,3628 mm,718.92 cm³,3219,3197,3576 mm,1,STR-Model,Structural Foundation,,OS-CB.TY,5.650728,Standard,64 mm
16 mm,3628 mm,724.23 cm³,3227,3197,3602 mm,1,STR-Model,Structural Foundation,,OS-CB.TY,5.692456,Standard,64 mm
16 mm,3628 mm,729.54 cm³,3221,3197,3628 mm,1,STR-Model,Structural Foundation,,OS-CB.TY,5.734184,Standard,64 mm
16 mm,10337 mm,2045.23 cm³,3209,3196,10172 mm,1,STR-Model,Structural Foundation,,OS-CB.TY,16.07554,Standard,64 mm
16 mm,10337 mm,2050.75 cm³,3210,3196,10200 mm,1,STR-Model,Structural Foundation,,OS-CB.TY,16.118914,Standard,64 mm
16 mm,10337 mm,2056.27 cm³,3211,3196,10227 mm,1,STR-Model,Structural Foundation,,OS-CB.TY,16.162289,Standard,64 mm
16 mm,10337 mm,2061.79 cm³,3212,3196,10254 mm,1,STR-Model,Structural Foundation,,OS-CB.TY,16.205663,Standard,64 mm
16 mm,10337 mm,2067.31 cm³,3213,3196,10282 mm,1,STR-Model,Structural Foundation,,OS-CB.TY,16.249038,Standard,64 mm
16 mm,10337 mm,2072.83 cm³,3214,3196,10309 mm,1,STR-Model,Structural Foundation,,OS-CB.TY,16.292412,Standard,64 mm
16 mm,10337 mm,2078.34 cm³,3215,3196,10337 mm,1,STR-Model,Structural Foundation,,OS-CB.TY,16.335787,Standard,64 mm
16 mm,2506 mm,503.82 cm³,3231,3202,2506 mm,1,STR-Model,Structural Foundation,,OS-CB.BY,3.960003,Standard,64 mm
16 mm,1275 mm,256.27 cm³,3230,3201,1275 mm,1,STR-Model,Structural Foundation,,OS-CB.BY,2.01427,Standard,64 mm
16 mm,2506 mm,503.82 cm³,3231,3202,2506 mm,1,STR-Model,Structural Foundation,,OS-CB.TY,3.960003,Standard,64 mm
16 mm,1275 mm,256.27 cm³,3230,3201,1275 mm,1,STR-Model,Structural Foundation,,OS-CB.TY,2.01427,Standard,64 mm
16 mm,1500 mm,603.26 cm³,3234,3205,3000 mm,2,STR-OUTER STRUCTURES,Structural Column,PC1 550X550,OS-CABLEBUS FOUNDATION,4.741635,Standard,64 mm
16 mm,1500 mm,603.26 cm³,3234,3205,3000 mm,2,STR-OUTER STRUCTURES,Structural Column,PC1 550X550,OS-CABLEBUS FOUNDATION,4.741635,Standard,64 mm
16 mm,1500 mm,1206.56 cm³,3234,3205,6001 mm,4,STR-OUTER STRUCTURES,Structural Column,PC1 550X550,OS-CABLEBUS FOUNDATION,9.483565,Standard,64 mm
16 mm,1500 mm,1206.52 cm³,3234,3205,6001 mm,4,STR-OUTER STRUCTURES,Structural Column,PC1 550X550,OS-CABLEBUS FOUNDATION,9.483285,Standard,64 mm
16 mm,1500 mm,603.26 cm³,3234,3206,3000 mm,2,STR-OUTER STRUCTURES,Structural Column,PC1 550X550,OS-CABLEBUS FOUNDATION,4.741635,Standard,64 mm
16 mm,1500 mm,3619.68 cm³,3234,3207,18003 mm,12,STR-OUTER STRUCTURES,Structural Column,PC1 550X550,OS-CABLEBUS FOUNDATION,28.450696,Standard,64 mm
16 mm,1500 mm,3619.68 cm³,3234,3207,18003 mm,12,STR-OUTER STRUCTURES,Structural Column,PC1 550X550,OS-CABLEBUS FOUNDATION,28.450696,Standard,64 mm
16 mm,7000 mm,4222.32 cm³,3319,3291,21000 mm,3,STR-Model,Structural Foundation,,OS-CB.BX,33.187433,Standard,64 mm
16 mm,7201 mm,4343.50 cm³,3318,3293,21603 mm,3,STR-Model,Structural Foundation,,OS-CB.TX,34.139908,Standard,64 mm
16 mm,7000 mm,4222.32 cm³,3319,3291,21000 mm,3,STR-Model,Structural Foundation,,OS-CB.TX,33.187433,Standard,64 mm
16 mm,2342 mm,1412.38 cm³,3394,3331,7025 mm,3,STR-Model,Structural Framing,,OS-Stair,11.101308,Standard,64 mm
16 mm,2342 mm,1412.38 cm³,3394,3331,7025 mm,3,STR-Model,Structural Framing,,OS-Stair,11.101308,Standard,64 mm
16 mm,1626 mm,2614.80 cm³,3067,3113,13005 mm,8,STR-Model,Structural Foundation,,OS-CABLEBUS FOUNDATION,20.552337,Standard,64 mm
16 mm,1317 mm,264.76 cm³,3396,3333,1317 mm,1,STR-Model,Structural Foundation,,,2.081051,Standard,64 mm
16 mm,2634 mm,3177.18 cm³,3421,1948,15802 mm,6,STR-OUTER STRUCTURES,Structural Foundation,,,24.972612,Standard,64 mm
16 mm,2634 mm,3177.18 cm³,3421,1948,15802 mm,6,STR-OUTER STRUCTURES,Structural Foundation,,,24.972612,Standard,64 mm
16 mm,1388 mm,3348.16 cm³,3570,3512,16652 mm,12,STR-OUTER STRUCTURES,Structural Foundation,,,26.31652,Standard,64 mm
16 mm,1388 mm,3348.08 cm³,3570,3512,16652 mm,12,STR-OUTER STRUCTURES,Structural Foundation,,,26.315878,Standard,64 mm
16 mm,2534 mm,3056.54 cm³,3567,3343,15202 mm,6,STR-OUTER STRUCTURES,Structural Foundation,,,24.024404,Standard,64 mm
16 mm,2534 mm,3056.54 cm³,3567,3343,15202 mm,6,STR-OUTER STRUCTURES,Structural Foundation,,,24.024404,Standard,64 mm
16 mm,1388 mm,3348.24 cm³,3568,3512,16653 mm,12,STR-OUTER STRUCTURES,Structural Foundation,,,26.31719,Standard,64 mm
16 mm,1388 mm,3348.08 cm³,3568,3512,16652 mm,12,STR-OUTER STRUCTURES,Structural Foundation,,,26.315878,Standard,64 mm
16 mm,1434 mm,1729.53 cm³,3574,3515,8602 mm,6,STR-OUTER STRUCTURES,Structural Foundation,,,13.594115,Standard,64 mm
16 mm,1434 mm,1729.53 cm³,3574,3515,8602 mm,6,STR-OUTER STRUCTURES,Structural Foundation,,,13.594115,Standard,64 mm
16 mm,1388 mm,1674.04 cm³,3568,3512,8326 mm,6,STR-OUTER STRUCTURES,Structural Foundation,,,13.157939,Standard,64 mm
16 mm,1388 mm,1674.04 cm³,3568,3512,8326 mm,6,STR-OUTER STRUCTURES,Structural Foundation,,,13.157939,Standard,64 mm
16 mm,927 mm,559.05 cm³,3590,3518,2780 mm,3,STR-OUTER STRUCTURES,Structural Column,OS MEP SUPPORT,,4.394147,Standard,64 mm
16 mm,927 mm,559.05 cm³,3590,3518,2780 mm,3,STR-OUTER STRUCTURES,Structural Column,OS MEP SUPPORT,,4.394147,Standard,64 mm
16 mm,927 mm,372.70 cm³,3590,3518,1854 mm,2,STR-OUTER STRUCTURES,Structural Column,OS MEP SUPPORT,,2.929431,Standard,64 mm
16 mm,2134 mm,2144.99 cm³,1994,1994,10668 mm,5,STR-OUTER STRUCTURES,Structural Foundation,,,16.859643,Standard,64 mm
16 mm,2134 mm,2144.99 cm³,1994,1994,10668 mm,5,STR-OUTER STRUCTURES,Structural Foundation,,,16.859643,Standard,64 mm
16 mm,1088 mm,2186.88 cm³,3576,3467,10877 mm,10,STR-OUTER STRUCTURES,Structural Foundation,,,17.188858,Standard,64 mm
16 mm,1088 mm,2186.88 cm³,3576,3467,10877 mm,10,STR-OUTER STRUCTURES,Structural Foundation,,,17.188858,Standard,64 mm
16 mm,927 mm,559.05 cm³,3590,3518,2780 mm,3,STR-OUTER STRUCTURES,Structural Column,OS MEP SUPPORT,,4.394147,Standard,64 mm
16 mm,927 mm,559.05 cm³,3590,3518,2780 mm,3,STR-OUTER STRUCTURES,Structural Column,OS MEP SUPPORT,,4.394147,Standard,64 mm
16 mm,927 mm,372.70 cm³,3590,3518,1854 mm,2,STR-OUTER STRUCTURES,Structural Column,OS MEP SUPPORT,,2.929431,Standard,64 mm
16 mm,927 mm,559.05 cm³,3590,3518,2780 mm,3,STR-OUTER STRUCTURES,Structural Column,OS MEP SUPPORT,,4.394147,Standard,64 mm
16 mm,927 mm,559.05 cm³,3590,3518,2780 mm,3,STR-OUTER STRUCTURES,Structural Column,OS MEP SUPPORT,,4.394147,Standard,64 mm
16 mm,927 mm,372.70 cm³,3590,3518,1854 mm,2,STR-OUTER STRUCTURES,Structural Column,OS MEP SUPPORT,,2.929431,Standard,64 mm
16 mm,2984 mm,4199.31 cm³,3433,3363,20886 mm,7,STR-OUTER STRUCTURES,Structural Foundation,,,33.006563,Standard,64 mm
16 mm,2984 mm,4199.31 cm³,3433,3363,20886 mm,7,STR-OUTER STRUCTURES,Structural Foundation,,,33.006563,Standard,64 mm
16 mm,1588 mm,4469.06 cm³,3571,3513,22227 mm,14,STR-OUTER STRUCTURES,Structural Foundation,,,35.126829,Standard,64 mm
16 mm,1588 mm,4469.06 cm³,3571,3513,22227 mm,14,STR-OUTER STRUCTURES,Structural Foundation,,,35.126829,Standard,64 mm
16 mm,927 mm,559.05 cm³,3590,3518,2780 mm,3,STR-OUTER STRUCTURES,Structural Column,OS MEP SUPPORT,,4.394147,Standard,64 mm
16 mm,927 mm,559.05 cm³,3590,3518,2780 mm,3,STR-OUTER STRUCTURES,Structural Column,OS MEP SUPPORT,,4.394147,Standard,64 mm
16 mm,927 mm,372.70 cm³,3590,3518,1854 mm,2,STR-OUTER STRUCTURES,Structural Column,OS MEP SUPPORT,,2.929431,Standard,64 mm
16 mm,920 mm,1294.40 cm³,3622,3535,6438 mm,7,STR-OUTER STRUCTURES,Structural Column,OS MEP SUPPORT,,10.174019,Standard,64 mm
16 mm,920 mm,1294.60 cm³,3622,3536,6439 mm,7,STR-OUTER STRUCTURES,Structural Column,OS MEP SUPPORT,,10.175573,Standard,64 mm
16 mm,2363 mm,2850.76 cm³,3541,3486,14179 mm,6,STR-OUTER STRUCTURES,Structural Foundation,,OS-F16.CWS.BY,22.406988,Standard,64 mm
16 mm,2363 mm,2851.20 cm³,3464,3395,14181 mm,6,STR-OUTER STRUCTURES,Structural Foundation,,OS-F16.CWS.TY,22.410413,Standard,64 mm
16 mm,1434 mm,2017.79 cm³,3574,3515,10036 mm,7,STR-OUTER STRUCTURES,Structural Foundation,,OS-F16.CWS.BX,15.859801,Standard,64 mm
16 mm,1434 mm,2017.79 cm³,3574,3515,10036 mm,7,STR-OUTER STRUCTURES,Structural Foundation,,OS-F16.CWS.TX,15.859801,Standard,64 mm
16 mm,3023 mm,2430.97 cm³,3580,3397,12091 mm,4,STR-OUTER STRUCTURES,Structural Foundation,,OS-F16.CWS.BX,19.107427,Standard,64 mm
16 mm,3019 mm,2427.75 cm³,3581,3397,12075 mm,4,STR-OUTER STRUCTURES,Structural Foundation,,OS-F16.CWS.TX,19.082142,Standard,64 mm
16 mm,1013 mm,1629.58 cm³,3577,3516,8105 mm,8,STR-OUTER STRUCTURES,Structural Foundation,,OS-F16.CWS.BY,12.808479,Standard,64 mm
16 mm,1013 mm,1629.58 cm³,3577,3516,8105 mm,8,STR-OUTER STRUCTURES,Structural Foundation,,OS-F16.CWS.TY,12.808479,Standard,64 mm
16 mm,3424 mm,4130.68 cm³,3583,3399,20544 mm,6,STR-OUTER STRUCTURES,Structural Foundation,,OS-F15.CWS.BX,32.467178,Standard,64 mm
16 mm,3424 mm,4130.68 cm³,3583,3399,20544 mm,6,STR-OUTER STRUCTURES,Structural Foundation,,OS-F15.CWS.TX,32.467178,Standard,64 mm
16 mm,2603 mm,2616.48 cm³,3584,3400,13013 mm,5,STR-OUTER STRUCTURES,Structural Foundation,,OS-F15.CWS.BX,20.565556,Standard,64 mm
16 mm,2599 mm,2612.46 cm³,3585,3400,12993 mm,5,STR-OUTER STRUCTURES,Structural Foundation,,OS-F15.CWS.TX,20.533949,Standard,64 mm
16 mm,3428 mm,2067.75 cm³,3582,3399,10284 mm,3,STR-OUTER STRUCTURES,Structural Foundation,,OS-F15.CWS.BX,16.252553,Standard,64 mm
16 mm,3424 mm,2065.34 cm³,3583,3399,10272 mm,3,STR-OUTER STRUCTURES,Structural Foundation,,OS-F15.CWS.TX,16.233589,Standard,64 mm
16 mm,1863 mm,1872.55 cm³,3586,3401,9313 mm,5,STR-OUTER STRUCTURES,Structural Foundation,,OS-F15.CWS.BX,14.718273,Standard,64 mm
16 mm,1859 mm,1868.53 cm³,3587,3401,9293 mm,5,STR-OUTER STRUCTURES,Structural Foundation,,OS-F15.CWS.TX,14.686666,Standard,64 mm
16 mm,1413 mm,2272.58 cm³,3578,3404,11303 mm,8,STR-OUTER STRUCTURES,Structural Foundation,,OS-F15.CWS.BY,17.862517,Standard,64 mm
16 mm,1413 mm,2272.58 cm³,3578,3404,11303 mm,8,STR-OUTER STRUCTURES,Structural Foundation,,OS-F15.CWS.BY,17.862517,Standard,64 mm
16 mm,1415 mm,2276.45 cm³,3471,3403,11322 mm,8,STR-OUTER STRUCTURES,Structural Foundation,,OS-F15.CWS.TY,17.892887,Standard,64 mm
16 mm,1413 mm,2272.47 cm³,3578,3404,11302 mm,8,STR-OUTER STRUCTURES,Structural Foundation,,OS-F15.CWS.TY,17.861639,Standard,64 mm
16 mm,2575 mm,2588.74 cm³,3474,3406,12875 mm,5,STR-OUTER STRUCTURES,Structural Foundation,,OS-F15.CWS.BY,20.347496,Standard,64 mm
16 mm,2573 mm,2586.45 cm³,3473,3405,12864 mm,5,STR-OUTER STRUCTURES,Structural Foundation,,OS-F15.CWS.TY,20.329535,Standard,64 mm
16 mm,3312 mm,2663.85 cm³,3476,3407,13249 mm,4,STR-OUTER STRUCTURES,Structural Foundation,,OS-F15.CWS.BY,20.937862,Standard,64 mm
16 mm,3312 mm,2663.89 cm³,3475,3407,13249 mm,4,STR-OUTER STRUCTURES,Structural Foundation,,OS-F15.CWS.TY,20.938141,Standard,64 mm
16 mm,4497 mm,11755.51 cm³,3477,3409,58467 mm,13,STR-OUTER STRUCTURES,Structural Foundation,,OS-F14.CWS.BX,92.398288,Standard,64 mm
16 mm,4497 mm,11755.51 cm³,3477,3409,58467 mm,13,STR-OUTER STRUCTURES,Structural Foundation,,OS-F14.CWS.TX,92.398288,Standard,64 mm
16 mm,2494 mm,2506.90 cm³,3412,3435,12468 mm,5,STR-OUTER STRUCTURES,Structural Foundation,,OS-F14.CWS.BX,19.704267,Standard,64 mm
16 mm,2494 mm,2506.90 cm³,3412,3435,12468 mm,5,STR-OUTER STRUCTURES,Structural Foundation,,OS-F14.CWS.TX,19.704267,Standard,64 mm
16 mm,3415 mm,8239.07 cm³,3478,3410,40978 mm,12,STR-OUTER STRUCTURES,Structural Foundation,,OS-F14.CWS.BY,64.759072,Standard,64 mm
16 mm,3415 mm,8239.07 cm³,3478,3410,40978 mm,12,STR-OUTER STRUCTURES,Structural Foundation,,OS-F14.CWS.TY,64.759072,Standard,64 mm
16 mm,2662 mm,5888.56 cm³,3479,3411,29287 mm,11,STR-OUTER STRUCTURES,Structural Foundation,,OS-F14.CWS.BY,46.284043,Standard,64 mm
16 mm,2662 mm,5888.56 cm³,3479,3411,29287 mm,11,STR-OUTER STRUCTURES,Structural Foundation,,OS-F14.CWS.TY,46.284043,Standard,64 mm
16 mm,1500 mm,301.62 cm³,3491,3423,1500 mm,1,STR-OUTER STRUCTURES,Structural Foundation,,OS-CABLEBUS FOUNDATION,2.370738,Standard,64 mm
16 mm,1500 mm,301.62 cm³,3491,3423,1500 mm,1,STR-OUTER STRUCTURES,Structural Foundation,,OS-CABLEBUS FOUNDATION,2.370738,Standard,64 mm
16 mm,1500 mm,301.62 cm³,3491,3423,1500 mm,1,STR-OUTER STRUCTURES,Structural Foundation,,OS-CABLEBUS FOUNDATION,2.370738,Standard,64 mm
16 mm,1500 mm,301.62 cm³,3491,3423,1500 mm,1,STR-OUTER STRUCTURES,Structural Foundation,,OS-CABLEBUS FOUNDATION,2.370738,Standard,64 mm
16 mm,6234 mm,6266.76 cm³,3494,3424,31168 mm,5,STR-OUTER STRUCTURES,Structural Foundation,,,49.256751,Standard,64 mm
16 mm,6234 mm,6266.76 cm³,3494,3424,31168 mm,5,STR-OUTER STRUCTURES,Structural Foundation,,,49.256751,Standard,64 mm
16 mm,1088 mm,6560.63 cm³,3518,3467,32630 mm,30,STR-OUTER STRUCTURES,Structural Foundation,,,51.566575,Standard,64 mm
16 mm,1088 mm,6560.63 cm³,3518,3467,32630 mm,30,STR-OUTER STRUCTURES,Structural Foundation,,,51.566575,Standard,64 mm
16 mm,1654 mm,3990.70 cm³,3069,3115,19848 mm,12,STR-OUTER STRUCTURES,Structural Column,,OS-CABLEBUS FOUNDATION,31.366908,Standard,64 mm
16 mm,1654 mm,3990.70 cm³,3069,3115,19848 mm,12,STR-OUTER STRUCTURES,Structural Column,,OS-CABLEBUS FOUNDATION,31.366908,Standard,64 mm
16 mm,1654 mm,3990.70 cm³,3069,3115,19848 mm,12,STR-OUTER STRUCTURES,Structural Column,,OS-CABLEBUS FOUNDATION,31.366908,Standard,64 mm
16 mm,1654 mm,3990.70 cm³,3069,3115,19848 mm,12,STR-OUTER STRUCTURES,Structural Column,,OS-CABLEBUS FOUNDATION,31.366908,Standard,64 mm
16 mm,1850 mm,4462.81 cm³,1996,1996,22196 mm,12,STR-OUTER STRUCTURES,Structural Column,,OS-Stair,35.077701,Standard,64 mm
16 mm,1850 mm,4462.81 cm³,1996,1996,22196 mm,12,STR-OUTER STRUCTURES,Structural Column,,OS-Stair,35.077701,Standard,64 mm
16 mm,1874 mm,1883.61 cm³,1972,1972,9368 mm,5,STR-OUTER STRUCTURES,Structural Column,P2 650X400X1250,OS-Stair,14.805192,Standard,64 mm
16 mm,1874 mm,1883.61 cm³,1972,1972,9368 mm,5,STR-OUTER STRUCTURES,Structural Column,P2 650X400X1250,OS-Stair,14.805192,Standard,64 mm
16 mm,1874 mm,376.72 cm³,1972,1972,1874 mm,1,STR-OUTER STRUCTURES,Structural Column,P2 650X400X1250,OS-Stair,2.961045,Standard,64 mm
16 mm,1874 mm,376.72 cm³,1973,1826,1874 mm,1,STR-OUTER STRUCTURES,Structural Column,P2 650X400X1250,OS-Stair,2.961038,Standard,64 mm
16 mm,2394 mm,2406.37 cm³,1988,1988,11968 mm,5,STR-OUTER STRUCTURES,Structural Column,P2 650X400X1250,OS-Stair,18.914094,Standard,64 mm
16 mm,1874 mm,1883.61 cm³,1972,1972,9368 mm,5,STR-OUTER STRUCTURES,Structural Column,P2 650X400X1250,OS-Stair,14.805192,Standard,64 mm
16 mm,1874 mm,376.72 cm³,1972,1972,1874 mm,1,STR-OUTER STRUCTURES,Structural Column,P2 650X400X1250,OS-Stair,2.961041,Standard,64 mm
16 mm,1874 mm,376.72 cm³,1973,1826,1874 mm,1,STR-OUTER STRUCTURES,Structural Column,P2 650X400X1250,OS-Stair,2.961038,Standard,64 mm
16 mm,1874 mm,4520.67 cm³,1972,3430,22484 mm,12,STR-OUTER STRUCTURES,Structural Column,P2 650X400X1250,OS-RAMP,35.532461,Standard,64 mm
16 mm,1874 mm,3013.78 cm³,1972,3431,14989 mm,8,STR-OUTER STRUCTURES,Structural Column,P1 400X400X1250,OS-Stair,23.688307,Standard,64 mm
16 mm,1874 mm,376.72 cm³,1972,1972,1874 mm,1,STR-OUTER STRUCTURES,Structural Column,P1 400X400X1250,OS-Stair,2.961038,Standard,64 mm
16 mm,1822 mm,366.27 cm³,1989,1989,1822 mm,1,STR-OUTER STRUCTURES,Structural Column,P1 400X400X1250,OS-Stair,2.878858,Standard,64 mm
16 mm,1874 mm,1130.17 cm³,1972,1972,5621 mm,3,STR-OUTER STRUCTURES,Structural Column,P1 400X400X1250,OS-Stair,8.883115,Standard,64 mm
16 mm,1874 mm,1130.17 cm³,1972,1972,5621 mm,3,STR-OUTER STRUCTURES,Structural Column,P1 400X400X1250,OS-Stair,8.883115,Standard,64 mm
16 mm,2048 mm,4941.28 cm³,3058,3098,24576 mm,12,STR-OUTER STRUCTURES,Structural Column,AHU SHADE,OS-AHU,38.838483,Standard,64 mm
16 mm,2048 mm,4941.28 cm³,3058,3098,24576 mm,12,STR-OUTER STRUCTURES,Structural Column,AHU SHADE,OS-AHU,38.838483,Standard,64 mm
16 mm,2048 mm,4941.28 cm³,3058,3098,24576 mm,12,STR-OUTER STRUCTURES,Structural Column,AHU SHADE,OS-AHU,38.838483,Standard,64 mm
16 mm,2048 mm,4941.28 cm³,3058,3432,24576 mm,12,STR-OUTER STRUCTURES,Structural Column,AHU SHADE,OS-AHU,38.838483,Standard,64 mm
16 mm,2444 mm,2947.97 cm³,3511,3446,14662 mm,6,STR-OUTER STRUCTURES,Structural Foundation,,OS-F13.CWS.BX,23.171016,Standard,64 mm
16 mm,2444 mm,2947.97 cm³,3511,3446,14662 mm,6,STR-OUTER STRUCTURES,Structural Foundation,,OS-F13.CWS.TX,23.171016,Standard,64 mm
16 mm,1434 mm,1153.02 cm³,3574,3515,5735 mm,4,STR-OUTER STRUCTURES,Structural Foundation,,OS-F13.CWS.BX,9.062743,Standard,64 mm
16 mm,1434 mm,1153.02 cm³,3574,3515,5735 mm,4,STR-OUTER STRUCTURES,Structural Foundation,,OS-F13.CWS.TX,9.062743,Standard,64 mm
16 mm,2042 mm,2462.97 cm³,3512,3447,12250 mm,6,STR-OUTER STRUCTURES,Structural Foundation,,OS-F13.CWS.BY,19.358942,Standard,64 mm
16 mm,2042 mm,2462.97 cm³,3512,3447,12250 mm,6,STR-OUTER STRUCTURES,Structural Foundation,,OS-F13.CWS.TY,19.358942,Standard,64 mm
16 mm,1413 mm,1704.76 cm³,3579,3403,8479 mm,6,STR-OUTER STRUCTURES,Structural Foundation,,OS-F13.CWS.BY,13.399451,Standard,64 mm
16 mm,1413 mm,1704.76 cm³,3579,3403,8479 mm,6,STR-OUTER STRUCTURES,Structural Foundation,,OS-F13.CWS.TY,13.399451,Standard,64 mm
16 mm,927 mm,559.05 cm³,3590,3518,2780 mm,3,STR-OUTER STRUCTURES,Structural Column,OS MEP SUPPORT,,4.394147,Standard,64 mm
16 mm,927 mm,559.05 cm³,3590,3518,2780 mm,3,STR-OUTER STRUCTURES,Structural Column,OS MEP SUPPORT,,4.394147,Standard,64 mm
16 mm,927 mm,372.70 cm³,3590,3518,1854 mm,2,STR-OUTER STRUCTURES,Structural Column,OS MEP SUPPORT,,2.929431,Standard,64 mm
16 mm,927 mm,559.05 cm³,3590,3518,2780 mm,3,STR-OUTER STRUCTURES,Structural Column,OS MEP SUPPORT,,4.394147,Standard,64 mm
16 mm,927 mm,559.05 cm³,3590,3518,2780 mm,3,STR-OUTER STRUCTURES,Structural Column,OS MEP SUPPORT,,4.394147,Standard,64 mm
16 mm,927 mm,372.70 cm³,3590,3518,1854 mm,2,STR-OUTER STRUCTURES,Structural Column,OS MEP SUPPORT,,2.929431,Standard,64 mm
16 mm,927 mm,1490.80 cm³,3590,3518,7415 mm,8,STR-OUTER STRUCTURES,Structural Column,OS MEP SUPPORT,,11.717726,Standard,64 mm
16 mm,927 mm,1490.80 cm³,3590,3518,7415 mm,8,STR-OUTER STRUCTURES,Structural Column,OS MEP SUPPORT,,11.717726,Standard,64 mm
16 mm,1650 mm,3981.03 cm³,3553,3497,19800 mm,12,STR-OUTER STRUCTURES,Structural Foundation,,OS-FENCE,31.290866,Standard,64 mm
16 mm,850 mm,1367.22 cm³,3556,3500,6800 mm,8,STR-OUTER STRUCTURES,Structural Foundation,,OS-FENCE,10.746358,Standard,64 mm
16 mm,927 mm,372.70 cm³,3590,3518,1854 mm,2,STR-OUTER STRUCTURES,Structural Column,OS MEP SUPPORT,,2.929431,Standard,64 mm
16 mm,9998 mm,24122.01 cm³,3593,3521,119973 mm,12,STR-OUTER STRUCTURES,Structural Foundation,,OS-F12.CWS.BX,189.598988,Standard,64 mm
16 mm,10000 mm,22116.81 cm³,1796,1651,110000 mm,11,STR-OUTER STRUCTURES,Structural Foundation,,OS-F12.CWS.BX,173.838145,Standard,64 mm
16 mm,7773 mm,17191.91 cm³,3594,3522,85506 mm,11,STR-OUTER STRUCTURES,Structural Foundation,,OS-F12.CWS.BX,135.12842,Standard,64 mm
16 mm,5632 mm,6793.88 cm³,3595,3523,33790 mm,6,STR-OUTER STRUCTURES,Structural Foundation,,OS-F12.CWS.BX,53.399889,Standard,64 mm
16 mm,4207 mm,3383.20 cm³,3596,3524,16827 mm,4,STR-OUTER STRUCTURES,Structural Foundation,,OS-F12.CWS.BX,26.59195,Standard,64 mm
16 mm,5170 mm,2079.07 cm³,3597,3525,10340 mm,2,STR-OUTER STRUCTURES,Structural Foundation,,OS-F12.CWS.BX,16.341518,Standard,64 mm
16 mm,1784 mm,7889.79 cm³,2814,2850,39241 mm,22,STR-OUTER STRUCTURES,Structural Foundation,,OS-F12.CWS.BX,62.013758,Standard,64 mm
16 mm,8222 mm,4959.19 cm³,3598,3526,24665 mm,3,STR-OUTER STRUCTURES,Structural Foundation,,OS-F12.CWS.BX,38.979239,Standard,64 mm
16 mm,2565 mm,36105.22 cm³,3599,3527,179573 mm,70,STR-OUTER STRUCTURES,Structural Foundation,,OS-F12.CWS.BY,283.787003,Standard,64 mm
16 mm,2303 mm,8796.38 cm³,3600,3528,43750 mm,19,STR-OUTER STRUCTURES,Structural Foundation,,OS-F12.CWS.BY,69.139534,Standard,64 mm
16 mm,4284 mm,17225.42 cm³,3601,3529,85672 mm,20,STR-OUTER STRUCTURES,Structural Foundation,,OS-F12.CWS.BY,135.391824,Standard,64 mm
16 mm,3675 mm,5910.92 cm³,3602,3530,29398 mm,8,STR-OUTER STRUCTURES,Structural Foundation,,OS-F12.CWS.BY,46.459799,Standard,64 mm
16 mm,2706 mm,3264.58 cm³,3603,3531,16237 mm,6,STR-OUTER STRUCTURES,Structural Foundation,,OS-F12.CWS.BY,25.659619,Standard,64 mm
16 mm,7130 mm,1433.61 cm³,3604,3532,7130 mm,1,STR-OUTER STRUCTURES,Structural Foundation,,OS-F12.CWS.BY,11.268143,Standard,64 mm
16 mm,7130 mm,1428.74 cm³,3605,3532,7106 mm,1,STR-OUTER STRUCTURES,Structural Foundation,,OS-F12.CWS.BY,11.229902,Standard,64 mm
16 mm,7130 mm,1423.88 cm³,3606,3532,7082 mm,1,STR-OUTER STRUCTURES,Structural Foundation,,OS-F12.CWS.BY,11.191662,Standard,64 mm
16 mm,7130 mm,1419.01 cm³,3607,3532,7058 mm,1,STR-OUTER STRUCTURES,Structural Foundation,,OS-F12.CWS.BY,11.153421,Standard,64 mm
16 mm,7130 mm,1414.15 cm³,3608,3532,7033 mm,1,STR-OUTER STRUCTURES,Structural Foundation,,OS-F12.CWS.BY,11.115181,Standard,64 mm
16 mm,7130 mm,1409.28 cm³,3609,3532,7009 mm,1,STR-OUTER STRUCTURES,Structural Foundation,,OS-F12.CWS.BY,11.07694,Standard,64 mm
16 mm,7130 mm,1404.41 cm³,3610,3532,6985 mm,1,STR-OUTER STRUCTURES,Structural Foundation,,OS-F12.CWS.BY,11.038699,Standard,64 mm
16 mm,7130 mm,1399.55 cm³,3611,3532,6961 mm,1,STR-OUTER STRUCTURES,Structural Foundation,,OS-F12.CWS.BY,11.000459,Standard,64 mm
16 mm,9998 mm,24122.01 cm³,3593,3521,119973 mm,12,STR-OUTER STRUCTURES,Structural Foundation,,OS-F12.CWS.TX,189.598988,Standard,64 mm
16 mm,10000 mm,22116.81 cm³,1796,1651,110000 mm,11,STR-OUTER STRUCTURES,Structural Foundation,,OS-F12.CWS.TX,173.838145,Standard,64 mm
16 mm,7773 mm,17191.91 cm³,3594,3522,85506 mm,11,STR-OUTER STRUCTURES,Structural Foundation,,OS-F12.CWS.TX,135.12842,Standard,64 mm
16 mm,5170 mm,2079.07 cm³,3597,3525,10340 mm,2,STR-OUTER STRUCTURES,Structural Foundation,,OS-F12.CWS.TX,16.341518,Standard,64 mm
16 mm,8222 mm,4959.19 cm³,3598,3526,24665 mm,3,STR-OUTER STRUCTURES,Structural Foundation,,OS-F12.CWS.TX,38.979239,Standard,64 mm
16 mm,5632 mm,6793.88 cm³,3595,3523,33790 mm,6,STR-OUTER STRUCTURES,Structural Foundation,,OS-F12.CWS.TX,53.399889,Standard,64 mm
16 mm,4207 mm,3383.20 cm³,3596,3524,16827 mm,4,STR-OUTER STRUCTURES,Structural Foundation,,OS-F12.CWS.TX,26.59195,Standard,64 mm
16 mm,1784 mm,7889.79 cm³,2814,2850,39241 mm,22,STR-OUTER STRUCTURES,Structural Foundation,,OS-F12.CWS.TX,62.013758,Standard,64 mm
16 mm,2565 mm,36105.22 cm³,3599,3527,179573 mm,70,STR-OUTER STRUCTURES,Structural Foundation,,OS-F12.CWS.TY,283.787003,Standard,64 mm
16 mm,4284 mm,17225.42 cm³,3601,3529,85672 mm,20,STR-OUTER STRUCTURES,Structural Foundation,,OS-F12.CWS.TY,135.391824,Standard,64 mm
16 mm,2303 mm,8796.38 cm³,3600,3528,43750 mm,19,STR-OUTER STRUCTURES,Structural Foundation,,OS-F12.CWS.TY,69.139534,Standard,64 mm
16 mm,3675 mm,5910.92 cm³,3602,3530,29398 mm,8,STR-OUTER STRUCTURES,Structural Foundation,,OS-F12.CWS.TY,46.459799,Standard,64 mm
16 mm,7130 mm,1433.61 cm³,3604,3532,7130 mm,1,STR-OUTER STRUCTURES,Structural Foundation,,OS-F12.CWS.TY,11.268143,Standard,64 mm
16 mm,7130 mm,1428.74 cm³,3605,3532,7106 mm,1,STR-OUTER STRUCTURES,Structural Foundation,,OS-F12.CWS.TY,11.229902,Standard,64 mm
16 mm,7130 mm,1423.88 cm³,3606,3532,7082 mm,1,STR-OUTER STRUCTURES,Structural Foundation,,OS-F12.CWS.TY,11.191662,Standard,64 mm
16 mm,7130 mm,1419.01 cm³,3607,3532,7058 mm,1,STR-OUTER STRUCTURES,Structural Foundation,,OS-F12.CWS.TY,11.153421,Standard,64 mm
16 mm,7130 mm,1414.15 cm³,3608,3532,7033 mm,1,STR-OUTER STRUCTURES,Structural Foundation,,OS-F12.CWS.TY,11.115181,Standard,64 mm
16 mm,7130 mm,1409.28 cm³,3609,3532,7009 mm,1,STR-OUTER STRUCTURES,Structural Foundation,,OS-F12.CWS.TY,11.07694,Standard,64 mm
16 mm,7130 mm,1404.41 cm³,3610,3532,6985 mm,1,STR-OUTER STRUCTURES,Structural Foundation,,OS-F12.CWS.TY,11.038699,Standard,64 mm
16 mm,7130 mm,1399.55 cm³,3611,3532,6961 mm,1,STR-OUTER STRUCTURES,Structural Foundation,,OS-F12.CWS.TY,11.000459,Standard,64 mm
16 mm,2706 mm,3264.58 cm³,3603,3531,16237 mm,6,STR-OUTER STRUCTURES,Structural Foundation,,OS-F12.CWS.TY,25.659619,Standard,64 mm
16 mm,920 mm,369.89 cm³,3622,3536,1840 mm,2,STR-OUTER STRUCTURES,Structural Column,OS MEP SUPPORT,,2.907307,Standard,64 mm
20 mm,6500 mm,59220.18 cm³,4,4,188504 mm,29,STR-Model,Structural Foundation,F3,Footing,465.470633,Standard,140 mm
20 mm,6500 mm,59220.18 cm³,4,4,188504 mm,29,STR-Model,Structural Foundation,F3,Footing,465.470633,Standard,140 mm
20 mm,6500 mm,59220.18 cm³,4,4,188504 mm,29,STR-Model,Structural Foundation,F3,Footing,465.470633,Standard,140 mm
20 mm,6700 mm,63147.21 cm³,29,26,201004 mm,30,STR-Model,Structural Foundation,F3A,Footing,496.337096,Standard,140 mm
20 mm,6700 mm,61042.31 cm³,29,26,194304 mm,29,STR-Model,Structural Foundation,F3A,Footing,479.792526,Standard,140 mm
20 mm,3350 mm,4209.68 cm³,35,2408,13400 mm,4,STR-Model,Structural Column,PD1 300x300x2000,Footing,33.088061,Standard,140 mm
20 mm,2941 mm,11088.62 cm³,53,53,35296 mm,12,STR-Model,Structural Foundation,F6,Footing,87.156526,Standard,140 mm
20 mm,2894 mm,10911.93 cm³,36,33,34734 mm,12,STR-Model,Structural Foundation,F6,Footing,85.76777,Standard,140 mm
20 mm,6500 mm,59221.22 cm³,4,4,188507 mm,29,STR-Model,Structural Foundation,F3,Footing,465.478785,Standard,140 mm
20 mm,2400 mm,6031.94 cm³,66,60,19200 mm,8,STR-Model,Structural Foundation,F6,Footing,47.411013,Standard,140 mm
20 mm,3511 mm,16546.74 cm³,67,61,52670 mm,15,STR-Model,Structural Foundation,F12,Footing,130.057381,Standard,140 mm
20 mm,3470 mm,16352.60 cm³,68,62,52052 mm,15,STR-Model,Structural Foundation,F12,Footing,128.531473,Standard,140 mm
20 mm,2400 mm,6031.95 cm³,69,63,19200 mm,8,STR-Model,Structural Foundation,F12,Footing,47.411135,Standard,140 mm
20 mm,2400 mm,28650.89 cm³,98,73,91199 mm,38,STR-Model,Wall,W1,Footing,225.196009,Standard,140 mm
20 mm,3500 mm,4398.22 cm³,113,2502,14000 mm,4,STR-Model,Structural Column,PD1 300x300x2000,Footing,34.569998,Standard,140 mm
20 mm,3500 mm,4398.22 cm³,113,2502,14000 mm,4,STR-Model,Structural Column,PD1 300x300x2000,Footing,34.569998,Standard,140 mm
20 mm,4500 mm,28275.13 cm³,123,109,90003 mm,20,STR-Model,Structural Foundation,F6A,Footing,222.242557,Standard,140 mm
20 mm,4600 mm,28903.45 cm³,124,102,92003 mm,20,STR-Model,Structural Foundation,F6A,Footing,227.18114,Standard,140 mm
20 mm,2400 mm,9047.84 cm³,122,107,28800 mm,12,STR-Model,Structural Foundation,F6A,Footing,71.116009,Standard,140 mm
20 mm,2400 mm,7540.22 cm³,125,110,24001 mm,10,STR-Model,Structural Foundation,F6B,Footing,59.26615,Standard,140 mm
20 mm,2400 mm,7540.22 cm³,125,110,24001 mm,10,STR-Model,Structural Foundation,F6B,Footing,59.26615,Standard,140 mm
20 mm,2400 mm,6031.95 cm³,69,1649,19200 mm,8,STR-Model,Structural Foundation,F6B,Footing,47.411135,Standard,140 mm
20 mm,2400 mm,6031.77 cm³,154,154,19200 mm,8,STR-Model,Structural Column,C3 400x400x7500,Footing,47.409686,Standard,140 mm
20 mm,3500 mm,4398.22 cm³,113,2502,14000 mm,4,STR-Model,Structural Column,PD1 300x300x2000,Footing,34.569998,Standard,140 mm
20 mm,2400 mm,31662.82 cm³,195,195,100786 mm,42,STR-Model,Structural Foundation,F5,Footing,248.869739,Standard,140 mm
20 mm,2400 mm,6031.01 cm³,195,198,19197 mm,8,STR-Model,Structural Foundation,F5,Footing,47.40376,Standard,140 mm
20 mm,2400 mm,6031.01 cm³,195,198,19197 mm,8,STR-Model,Structural Foundation,F5,Footing,47.40376,Standard,140 mm
20 mm,4000 mm,15079.64 cm³,238,253,48000 mm,12,STR-Model,Structural Column,C4 500x500x10500,Column,118.525968,Standard,140 mm
20 mm,4000 mm,10053.17 cm³,250,268,32000 mm,8,STR-Model,Structural Column,C3 400x400x7500,Column,79.017915,Standard,140 mm
20 mm,5000 mm,12566.34 cm³,265,265,40000 mm,8,STR-Model,Structural Column,C3 400x400x7500,Column,98.771435,Standard,140 mm
20 mm,9190 mm,11548.45 cm³,278,292,36760 mm,4,STR-Model,Structural Column,C4 500x500x10500,Column,90.770798,Standard,140 mm
20 mm,9150 mm,22996.46 cm³,279,279,73200 mm,8,STR-Model,Structural Column,C4 500x500x10500,Column,180.752139,Standard,140 mm
20 mm,6000 mm,71628.76 cm³,293,305,228001 mm,38,STR-Model,Wall,W1,Wall,563.002049,Standard,140 mm
20 mm,6800 mm,81179.83 cm³,301,301,258403 mm,38,STR-Model,Wall,W1,Wall,638.073473,Standard,140 mm
20 mm,6000 mm,79168.07 cm³,359,359,252000 mm,42,STR-Model,Wall,W3,Wall,622.261015,Standard,140 mm
20 mm,6750 mm,89063.49 cm³,360,366,283498 mm,42,STR-Model,Wall,W3,Wall,700.039049,Standard,140 mm
20 mm,12001 mm,11310.36 cm³,629,629,36002 mm,3,STR-Model,Structural Framing,GB1,Ground Beam,88.899422,Standard,140 mm
20 mm,10001 mm,9425.40 cm³,622,625,30002 mm,3,STR-Model,Structural Framing,GB1,Ground Beam,74.083671,Standard,140 mm
20 mm,12000 mm,11309.73 cm³,624,624,36000 mm,3,STR-Model,Structural Framing,GB1,Ground Beam,88.894506,Standard,140 mm
20 mm,3998 mm,3768.36 cm³,630,630,11995 mm,3,STR-Model,Structural Framing,GB1,Ground Beam,29.619272,Standard,140 mm
20 mm,6000 mm,5654.87 cm³,631,631,18000 mm,3,STR-Model,Structural Framing,GB1,Ground Beam,44.447253,Standard,140 mm
20 mm,6000 mm,5654.87 cm³,631,631,18000 mm,3,STR-Model,Structural Framing,GB1,Ground Beam,44.447253,Standard,140 mm
20 mm,8000 mm,7539.82 cm³,633,649,24000 mm,3,STR-Model,Structural Framing,GB1,Ground Beam,59.263004,Standard,140 mm
20 mm,7500 mm,7068.58 cm³,634,634,22500 mm,3,STR-Model,Structural Framing,GB1,Ground Beam,55.559066,Standard,140 mm
20 mm,12000 mm,11309.73 cm³,624,624,36000 mm,3,STR-Model,Structural Framing,GB1,Ground Beam,88.894506,Standard,140 mm
20 mm,5998 mm,5653.30 cm³,635,635,17995 mm,3,STR-Model,Structural Framing,GB1,Ground Beam,44.434971,Standard,140 mm
20 mm,4000 mm,3769.91 cm³,643,644,12000 mm,3,STR-Model,Structural Framing,GB1,Ground Beam,29.631502,Standard,140 mm
20 mm,4000 mm,3769.91 cm³,643,644,12000 mm,3,STR-Model,Structural Framing,GB1,Ground Beam,29.631502,Standard,140 mm
20 mm,4000 mm,3769.91 cm³,643,644,12000 mm,3,STR-Model,Structural Framing,GB1,Ground Beam,29.631502,Standard,140 mm
20 mm,11999 mm,11308.41 cm³,1215,1215,35996 mm,3,STR-Model,Structural Framing,GB2,Ground Beam,88.88408,Standard,140 mm
20 mm,10001 mm,9425.40 cm³,657,656,30002 mm,3,STR-Model,Structural Framing,GB2,Ground Beam,74.083671,Standard,140 mm
20 mm,10500 mm,9896.02 cm³,650,652,31500 mm,3,STR-Model,Structural Framing,GB2,Ground Beam,77.782693,Standard,140 mm
20 mm,10000 mm,9424.78 cm³,648,648,30000 mm,3,STR-Model,Structural Framing,GB2,Ground Beam,74.078755,Standard,140 mm
20 mm,8502 mm,8012.56 cm³,649,651,25505 mm,3,STR-Model,Structural Framing,GB2,Ground Beam,62.97874,Standard,140 mm
20 mm,8000 mm,7539.82 cm³,633,649,24000 mm,3,STR-Model,Structural Framing,GB2,Ground Beam,59.263004,Standard,140 mm
20 mm,7000 mm,6597.34 cm³,656,655,21000 mm,3,STR-Model,Structural Framing,GB2,Ground Beam,51.855128,Standard,140 mm
20 mm,12000 mm,11309.73 cm³,624,624,36000 mm,3,STR-Model,Structural Framing,GB2,Ground Beam,88.894506,Standard,140 mm
20 mm,5000 mm,4712.37 cm³,647,647,15000 mm,3,STR-Model,Structural Framing,GB2,Ground Beam,37.039221,Standard,140 mm
20 mm,11999 mm,11308.38 cm³,662,663,35996 mm,3,STR-Model,Structural Framing,GB3,Ground Beam,88.883866,Standard,140 mm
20 mm,9500 mm,8953.54 cm³,659,673,28500 mm,3,STR-Model,Structural Framing,GB3,Ground Beam,70.374817,Standard,140 mm
20 mm,11000 mm,10367.26 cm³,660,660,33000 mm,3,STR-Model,Structural Framing,GB3,Ground Beam,81.48663,Standard,140 mm
20 mm,10000 mm,9424.78 cm³,648,648,30000 mm,3,STR-Model,Structural Framing,GB3,Ground Beam,74.078755,Standard,140 mm
20 mm,11502 mm,10840.33 cm³,661,661,34506 mm,3,STR-Model,Structural Framing,GB3,Ground Beam,85.204972,Standard,140 mm
20 mm,10000 mm,9424.93 cm³,663,664,30000 mm,3,STR-Model,Structural Framing,GB3,Ground Beam,74.079913,Standard,140 mm
20 mm,8500 mm,8011.06 cm³,664,665,25500 mm,3,STR-Model,Structural Framing,GB3,Ground Beam,62.966942,Standard,140 mm
20 mm,12000 mm,11309.73 cm³,624,624,36000 mm,3,STR-Model,Structural Framing,GB3,Ground Beam,88.894506,Standard,140 mm
20 mm,7500 mm,7068.58 cm³,634,634,22500 mm,3,STR-Model,Structural Framing,GB3,Ground Beam,55.559066,Standard,140 mm
20 mm,12000 mm,11309.73 cm³,624,624,36000 mm,3,STR-Model,Structural Framing,GB3,Ground Beam,88.894506,Standard,140 mm
20 mm,5000 mm,4712.79 cm³,665,666,15001 mm,3,STR-Model,Structural Framing,GB2A,Ground Beam,37.042544,Standard,140 mm
20 mm,11999 mm,11308.38 cm³,779,788,35996 mm,3,STR-Model,Structural Framing,GB2,Ground Beam,88.883866,Standard,140 mm
20 mm,8501 mm,8011.87 cm³,780,789,25503 mm,3,STR-Model,Structural Framing,GB2,Ground Beam,62.973281,Standard,140 mm
20 mm,10001 mm,9425.41 cm³,668,669,30002 mm,3,STR-Model,Structural Framing,GB2,Ground Beam,74.083757,Standard,140 mm
20 mm,10978 mm,10346.17 cm³,778,778,32933 mm,3,STR-Model,Structural Framing,GB2,Ground Beam,81.320897,Standard,140 mm
20 mm,3501 mm,3299.63 cm³,1271,2394,10503 mm,3,STR-Model,Structural Framing,GB2,Ground Beam,25.935103,Standard,140 mm
20 mm,3501 mm,3299.44 cm³,671,672,10502 mm,3,STR-Model,Structural Framing,GB2,Ground Beam,25.933633,Standard,140 mm
20 mm,3502 mm,3300.35 cm³,672,674,10505 mm,3,STR-Model,Structural Framing,GB2,Ground Beam,25.94076,Standard,140 mm
20 mm,3501 mm,3299.44 cm³,671,672,10502 mm,3,STR-Model,Structural Framing,GB2,Ground Beam,25.933633,Standard,140 mm
20 mm,3486 mm,3285.52 cm³,1203,1101,10458 mm,3,STR-Model,Structural Framing,GB2,Ground Beam,25.824199,Standard,140 mm
20 mm,3501 mm,3299.44 cm³,671,672,10502 mm,3,STR-Model,Structural Framing,GB2,Ground Beam,25.933633,Standard,140 mm
20 mm,7500 mm,7068.73 cm³,1272,2395,22500 mm,3,STR-Model,Structural Framing,GB3,Ground Beam,55.560224,Standard,140 mm
20 mm,7481 mm,7050.55 cm³,674,676,22443 mm,3,STR-Model,Structural Framing,GB3,Ground Beam,55.417361,Standard,140 mm
20 mm,7486 mm,7055.56 cm³,1209,1105,22459 mm,3,STR-Model,Structural Framing,GB3,Ground Beam,55.456728,Standard,140 mm
20 mm,7481 mm,7050.55 cm³,674,676,22443 mm,3,STR-Model,Structural Framing,GB3,Ground Beam,55.417361,Standard,140 mm
20 mm,3500 mm,3298.85 cm³,670,671,10501 mm,3,STR-Model,Structural Framing,GB2,Ground Beam,25.928962,Standard,140 mm
20 mm,3391 mm,3195.77 cm³,2044,2044,10172 mm,3,STR-Model,Structural Framing,GB2,Ground Beam,25.118766,Standard,140 mm
20 mm,3500 mm,3298.85 cm³,670,671,10501 mm,3,STR-Model,Structural Framing,GB2,Ground Beam,25.928962,Standard,140 mm
20 mm,3501 mm,3299.44 cm³,671,672,10502 mm,3,STR-Model,Structural Framing,GB2,Ground Beam,25.933633,Standard,140 mm
20 mm,3486 mm,3285.52 cm³,1203,1101,10458 mm,3,STR-Model,Structural Framing,GB2,Ground Beam,25.824199,Standard,140 mm
20 mm,3501 mm,3299.44 cm³,671,672,10502 mm,3,STR-Model,Structural Framing,GB2,Ground Beam,25.933633,Standard,140 mm
20 mm,11999 mm,11308.41 cm³,1215,1215,35996 mm,3,STR-Model,Structural Framing,GB2,Ground Beam,88.88408,Standard,140 mm
20 mm,10001 mm,9425.40 cm³,657,656,30002 mm,3,STR-Model,Structural Framing,GB2,Ground Beam,74.083671,Standard,140 mm
20 mm,10000 mm,9424.78 cm³,648,648,30000 mm,3,STR-Model,Structural Framing,GB2,Ground Beam,74.078755,Standard,140 mm
20 mm,10000 mm,9424.78 cm³,648,648,30000 mm,3,STR-Model,Structural Framing,GB2,Ground Beam,74.078755,Standard,140 mm
20 mm,7500 mm,7068.58 cm³,634,634,22500 mm,3,STR-Model,Structural Framing,GB2,Ground Beam,55.559066,Standard,140 mm
20 mm,7000 mm,6597.34 cm³,656,655,21000 mm,3,STR-Model,Structural Framing,GB2,Ground Beam,51.855128,Standard,140 mm
20 mm,12000 mm,11309.73 cm³,624,624,36000 mm,3,STR-Model,Structural Framing,GB2,Ground Beam,88.894506,Standard,140 mm
20 mm,11494 mm,10832.44 cm³,666,667,34481 mm,3,STR-Model,Structural Framing,GB2,Ground Beam,85.142974,Standard,140 mm
20 mm,8983 mm,8466.73 cm³,667,668,26950 mm,3,STR-Model,Structural Framing,GB2,Ground Beam,66.548488,Standard,140 mm
20 mm,10001 mm,9425.41 cm³,668,669,30002 mm,3,STR-Model,Structural Framing,GB2,Ground Beam,74.083757,Standard,140 mm
20 mm,10958 mm,10327.28 cm³,669,670,32873 mm,3,STR-Model,Structural Framing,GB2,Ground Beam,81.172438,Standard,140 mm
20 mm,7505 mm,7073.60 cm³,673,675,22516 mm,3,STR-Model,Structural Framing,GB3,Ground Beam,55.598531,Standard,140 mm
20 mm,7481 mm,7050.55 cm³,674,676,22443 mm,3,STR-Model,Structural Framing,GB3,Ground Beam,55.417361,Standard,140 mm
20 mm,6992 mm,6589.95 cm³,1208,1208,20976 mm,3,STR-Model,Structural Framing,GB2,Ground Beam,51.797024,Standard,140 mm
20 mm,6991 mm,6589.17 cm³,676,1115,20974 mm,3,STR-Model,Structural Framing,GB2,Ground Beam,51.790883,Standard,140 mm
20 mm,8499 mm,8009.71 cm³,677,677,25496 mm,3,STR-Model,Structural Framing,GB2A,Ground Beam,62.956302,Standard,140 mm
20 mm,11499 mm,10837.14 cm³,678,678,34496 mm,3,STR-Model,Structural Framing,GB2A,Ground Beam,85.179928,Standard,140 mm
20 mm,10500 mm,9896.39 cm³,679,679,31501 mm,3,STR-Model,Structural Framing,GB2A,Ground Beam,77.785644,Standard,140 mm
20 mm,9501 mm,8954.22 cm³,680,680,28502 mm,3,STR-Model,Structural Framing,GB2A,Ground Beam,70.380206,Standard,140 mm
20 mm,10500 mm,9896.02 cm³,650,652,31500 mm,3,STR-Model,Structural Framing,GB2,Ground Beam,77.782693,Standard,140 mm
20 mm,10499 mm,9894.95 cm³,681,681,31497 mm,3,STR-Model,Structural Framing,GB2,Ground Beam,77.774275,Standard,140 mm
20 mm,9000 mm,8482.30 cm³,682,682,27000 mm,3,STR-Model,Structural Framing,GB2,Ground Beam,66.670879,Standard,140 mm
20 mm,8501 mm,8011.70 cm³,683,683,25502 mm,3,STR-Model,Structural Framing,GB2,Ground Beam,62.971924,Standard,140 mm
20 mm,6525 mm,6149.48 cm³,1205,1205,19574 mm,3,STR-Model,Structural Framing,GB2A,Ground Beam,48.334923,Standard,140 mm
20 mm,7301 mm,6880.71 cm³,1834,2396,21902 mm,3,STR-Model,Structural Framing,GB2A,Ground Beam,54.082408,Standard,140 mm
20 mm,5001 mm,4713.01 cm³,1225,1225,15002 mm,3,STR-Model,Structural Framing,GB2A,Ground Beam,37.044294,Standard,140 mm
20 mm,8812 mm,8304.80 cm³,1833,1690,26435 mm,3,STR-Model,Structural Framing,GB2A,Ground Beam,65.275707,Standard,140 mm
20 mm,6002 mm,5656.57 cm³,1206,1206,18005 mm,3,STR-Model,Structural Framing,GB2A,Ground Beam,44.460604,Standard,140 mm
20 mm,7501 mm,7069.39 cm³,685,685,22503 mm,3,STR-Model,Structural Framing,GB2A,Ground Beam,55.56544,Standard,140 mm
20 mm,5001 mm,4713.64 cm³,686,690,15004 mm,3,STR-Model,Structural Framing,GB2A,Ground Beam,37.049211,Standard,140 mm
20 mm,9000 mm,8482.64 cm³,687,691,27001 mm,3,STR-Model,Structural Framing,GB2A,Ground Beam,66.673549,Standard,140 mm
20 mm,5715 mm,5385.79 cm³,1772,1772,17144 mm,3,STR-Model,Structural Framing,GB2A,Ground Beam,42.332322,Standard,140 mm
20 mm,7788 mm,7340.17 cm³,1769,1769,23364 mm,3,STR-Model,Structural Framing,GB2A,Ground Beam,57.693722,Standard,140 mm
20 mm,4714 mm,4442.87 cm³,1770,1624,14142 mm,3,STR-Model,Structural Framing,GB2A,Ground Beam,34.920928,Standard,140 mm
20 mm,9288 mm,8753.41 cm³,1771,1771,27863 mm,3,STR-Model,Structural Framing,GB2A,Ground Beam,68.801832,Standard,140 mm
20 mm,6006 mm,5660.20 cm³,776,776,18017 mm,3,STR-Model,Structural Framing,GB2A,Ground Beam,44.489209,Standard,140 mm
20 mm,7501 mm,7069.39 cm³,685,685,22503 mm,3,STR-Model,Structural Framing,GB2A,Ground Beam,55.56544,Standard,140 mm
20 mm,5001 mm,4713.64 cm³,686,690,15004 mm,3,STR-Model,Structural Framing,GB2A,Ground Beam,37.049211,Standard,140 mm
20 mm,9000 mm,8482.64 cm³,687,691,27001 mm,3,STR-Model,Structural Framing,GB2A,Ground Beam,66.673549,Standard,140 mm
20 mm,6001 mm,5655.49 cm³,688,688,18002 mm,3,STR-Model,Structural Framing,GB3,Ground Beam,44.45217,Standard,140 mm
20 mm,8002 mm,7541.30 cm³,689,689,24005 mm,3,STR-Model,Structural Framing,GB3,Ground Beam,59.274588,Standard,140 mm
20 mm,5001 mm,4713.01 cm³,690,694,15002 mm,3,STR-Model,Structural Framing,GB3,Ground Beam,37.044294,Standard,140 mm
20 mm,8501 mm,8011.69 cm³,683,683,25502 mm,3,STR-Model,Structural Framing,GB3,Ground Beam,62.971858,Standard,140 mm
20 mm,5498 mm,5182.11 cm³,691,695,16495 mm,3,STR-Model,Structural Framing,GB2,Ground Beam,40.731408,Standard,140 mm
20 mm,6501 mm,6127.11 cm³,692,692,19503 mm,3,STR-Model,Structural Framing,GB2,Ground Beam,48.15907,Standard,140 mm
20 mm,3998 mm,3768.44 cm³,1229,2398,11995 mm,3,STR-Model,Structural Framing,GB2,Ground Beam,29.619907,Standard,140 mm
20 mm,8001 mm,7540.45 cm³,694,698,24002 mm,3,STR-Model,Structural Framing,GB2,Ground Beam,59.26792,Standard,140 mm
20 mm,4998 mm,4710.40 cm³,1273,2399,14994 mm,3,STR-Model,Structural Framing,GB2,Ground Beam,37.023766,Standard,140 mm
20 mm,6999 mm,6596.19 cm³,1237,2400,20996 mm,3,STR-Model,Structural Framing,GB2,Ground Beam,51.846044,Standard,140 mm
20 mm,3992 mm,3762.03 cm³,1017,1102,11975 mm,3,STR-Model,Structural Framing,GB2,Ground Beam,29.569533,Standard,140 mm
20 mm,8001 mm,7540.45 cm³,694,698,24002 mm,3,STR-Model,Structural Framing,GB2,Ground Beam,59.267902,Standard,140 mm
20 mm,4983 mm,4696.27 cm³,695,699,14949 mm,3,STR-Model,Structural Framing,GB2,Ground Beam,36.912648,Standard,140 mm
20 mm,6994 mm,6591.47 cm³,1233,1233,20981 mm,3,STR-Model,Structural Framing,GB2,Ground Beam,51.808987,Standard,140 mm
20 mm,3991 mm,3761.18 cm³,698,705,11972 mm,3,STR-Model,Structural Framing,GB2,Ground Beam,29.562866,Standard,140 mm
20 mm,8001 mm,7540.45 cm³,694,698,24002 mm,3,STR-Model,Structural Framing,GB2,Ground Beam,59.26792,Standard,140 mm
20 mm,5494 mm,5178.42 cm³,1231,1128,16483 mm,3,STR-Model,Structural Framing,GB2,Ground Beam,40.702355,Standard,140 mm
20 mm,4999 mm,4711.16 cm³,704,704,14996 mm,3,STR-Model,Structural Framing,GB2,Ground Beam,37.029693,Standard,140 mm
20 mm,4001 mm,3770.50 cm³,707,714,12002 mm,3,STR-Model,Structural Framing,GB2,Ground Beam,29.63615,Standard,140 mm
20 mm,6501 mm,6126.73 cm³,705,712,19502 mm,3,STR-Model,Structural Framing,GB2,Ground Beam,48.156107,Standard,140 mm
20 mm,6502 mm,6127.67 cm³,701,701,19505 mm,3,STR-Model,Structural Framing,GB3,Ground Beam,48.163515,Standard,140 mm
20 mm,8001 mm,7540.61 cm³,703,710,24003 mm,3,STR-Model,Structural Framing,GB3,Ground Beam,59.269201,Standard,140 mm
20 mm,4501 mm,4242.37 cm³,700,700,13504 mm,3,STR-Model,Structural Framing,GB3,Ground Beam,33.345003,Standard,140 mm
20 mm,10001 mm,9425.40 cm³,699,706,30002 mm,3,STR-Model,Structural Framing,GB3,Ground Beam,74.08365,Standard,140 mm
20 mm,10500 mm,9895.83 cm³,1202,722,31499 mm,3,STR-Model,Structural Framing,GB1,Ground Beam,77.781208,Standard,140 mm
20 mm,8000 mm,7539.72 cm³,717,723,24000 mm,3,STR-Model,Structural Framing,GB1,Ground Beam,59.262197,Standard,140 mm
20 mm,5866 mm,5528.26 cm³,773,773,17597 mm,3,STR-Model,Structural Framing,GB2,Ground Beam,43.452106,Standard,140 mm
20 mm,9496 mm,8949.45 cm³,720,721,28487 mm,3,STR-Model,Structural Framing,GB2,Ground Beam,70.342694,Standard,140 mm
20 mm,3996 mm,3765.82 cm³,999,2401,11987 mm,3,STR-Model,Structural Framing,GB2,Ground Beam,29.599379,Standard,140 mm
20 mm,11501 mm,10839.12 cm³,710,717,34502 mm,3,STR-Model,Structural Framing,GB2,Ground Beam,85.195485,Standard,140 mm
20 mm,5498 mm,5182.21 cm³,1232,1232,16495 mm,3,STR-Model,Structural Framing,GB2,Ground Beam,40.732149,Standard,140 mm
20 mm,8498 mm,8009.45 cm³,712,719,25495 mm,3,STR-Model,Structural Framing,GB2,Ground Beam,62.954294,Standard,140 mm
20 mm,4000 mm,3770.22 cm³,719,714,12001 mm,3,STR-Model,Structural Framing,GB2,Ground Beam,29.633927,Standard,140 mm
20 mm,9999 mm,9423.52 cm³,711,711,29996 mm,3,STR-Model,Structural Framing,GB2,Ground Beam,74.068856,Standard,140 mm
20 mm,9500 mm,8953.54 cm³,659,673,28500 mm,3,STR-Model,Structural Framing,GB1,Ground Beam,70.374817,Standard,140 mm
20 mm,9000 mm,8482.30 cm³,682,682,27000 mm,3,STR-Model,Structural Framing,GB1,Ground Beam,66.670879,Standard,140 mm
20 mm,9302 mm,8766.60 cm³,721,724,27905 mm,3,STR-Model,Structural Framing,GB1,Ground Beam,68.905512,Standard,140 mm
20 mm,4500 mm,4241.15 cm³,722,725,13500 mm,3,STR-Model,Structural Framing,GB1,Ground Beam,33.33544,Standard,140 mm
20 mm,5500 mm,5183.63 cm³,723,726,16500 mm,3,STR-Model,Structural Framing,GB1,Ground Beam,40.743315,Standard,140 mm
20 mm,5500 mm,5183.63 cm³,723,726,16500 mm,3,STR-Model,Structural Framing,GB1,Ground Beam,40.743315,Standard,140 mm
20 mm,5500 mm,5183.63 cm³,723,726,16500 mm,3,STR-Model,Structural Framing,GB1,Ground Beam,40.743315,Standard,140 mm
20 mm,10016 mm,9440.00 cm³,724,727,30048 mm,3,STR-Model,Structural Framing,GB1,Ground Beam,74.198431,Standard,140 mm
20 mm,4000 mm,3769.91 cm³,643,644,12000 mm,3,STR-Model,Structural Framing,GB1,Ground Beam,29.631502,Standard,140 mm
20 mm,4000 mm,3769.91 cm³,643,644,12000 mm,3,STR-Model,Structural Framing,GB1,Ground Beam,29.631502,Standard,140 mm
20 mm,9000 mm,8482.30 cm³,682,682,27000 mm,3,STR-Model,Structural Framing,GB1,Ground Beam,66.670879,Standard,140 mm
20 mm,7000 mm,6597.63 cm³,725,655,21001 mm,3,STR-Model,Structural Framing,GB1,Ground Beam,51.857333,Standard,140 mm
20 mm,7000 mm,6597.63 cm³,725,655,21001 mm,3,STR-Model,Structural Framing,GB1,Ground Beam,51.857333,Standard,140 mm
20 mm,8556 mm,8063.39 cm³,726,728,25667 mm,3,STR-Model,Structural Framing,GB1,Ground Beam,63.378211,Standard,140 mm
20 mm,4000 mm,3769.91 cm³,643,644,12000 mm,3,STR-Model,Structural Framing,GB1,Ground Beam,29.631502,Standard,140 mm
20 mm,7400 mm,6974.34 cm³,727,729,22200 mm,3,STR-Model,Structural Framing,GB1,Ground Beam,54.818279,Standard,140 mm
20 mm,6701 mm,6315.82 cm³,730,730,20104 mm,3,STR-Model,Structural Framing,GB2,Ground Beam,49.642341,Standard,140 mm
20 mm,6500 mm,6126.11 cm³,731,731,19500 mm,3,STR-Model,Structural Framing,GB2,Ground Beam,48.151191,Standard,140 mm
20 mm,7998 mm,7538.14 cm³,732,732,23995 mm,3,STR-Model,Structural Framing,GB2,Ground Beam,59.249812,Standard,140 mm
20 mm,6988 mm,6586.38 cm³,733,735,20965 mm,3,STR-Model,Structural Framing,GB2,Ground Beam,51.768928,Standard,140 mm
20 mm,9000 mm,8482.30 cm³,682,682,27000 mm,3,STR-Model,Structural Framing,GB2,Ground Beam,66.670879,Standard,140 mm
20 mm,5113 mm,4818.57 cm³,734,734,15338 mm,3,STR-Model,Structural Framing,GB2,Ground Beam,37.873976,Standard,140 mm
20 mm,6499 mm,6124.75 cm³,735,737,19496 mm,3,STR-Model,Structural Framing,GB2,Ground Beam,48.140551,Standard,140 mm
20 mm,3991 mm,3761.21 cm³,1274,2402,11972 mm,3,STR-Model,Structural Framing,GB2,Ground Beam,29.563081,Standard,140 mm
20 mm,7501 mm,7069.21 cm³,737,739,22502 mm,3,STR-Model,Structural Framing,GB2,Ground Beam,55.563983,Standard,140 mm
20 mm,4999 mm,4711.04 cm³,738,738,14996 mm,3,STR-Model,Structural Framing,GB2,Ground Beam,37.028737,Standard,140 mm
20 mm,6499 mm,6124.78 cm³,739,741,19496 mm,3,STR-Model,Structural Framing,GB2,Ground Beam,48.140765,Standard,140 mm
20 mm,3991 mm,3761.11 cm³,740,740,11972 mm,3,STR-Model,Structural Framing,GB2,Ground Beam,29.56234,Standard,140 mm
20 mm,7491 mm,7059.78 cm³,2010,1858,22472 mm,3,STR-Model,Structural Framing,GB2,Ground Beam,55.489904,Standard,140 mm
20 mm,4998 mm,4710.75 cm³,775,775,14995 mm,3,STR-Model,Structural Framing,GB2,Ground Beam,37.026461,Standard,140 mm
20 mm,10501 mm,9896.64 cm³,716,716,31502 mm,3,STR-Model,Structural Framing,GB1,Ground Beam,77.787609,Standard,140 mm
20 mm,8011 mm,7549.87 cm³,1835,1835,24032 mm,3,STR-Model,Structural Framing,GB1,Ground Beam,59.341999,Standard,140 mm
20 mm,4500 mm,4241.15 cm³,722,725,13500 mm,3,STR-Model,Structural Framing,GB1,Ground Beam,33.33544,Standard,140 mm
20 mm,4000 mm,3769.91 cm³,643,644,12000 mm,3,STR-Model,Structural Framing,GB1,Ground Beam,29.631502,Standard,140 mm
20 mm,10000 mm,9424.78 cm³,648,648,30000 mm,3,STR-Model,Structural Framing,GB1,Ground Beam,74.078755,Standard,140 mm
20 mm,10500 mm,9896.02 cm³,650,652,31500 mm,3,STR-Model,Structural Framing,GB1,Ground Beam,77.782693,Standard,140 mm
20 mm,10000 mm,9424.78 cm³,648,648,30000 mm,3,STR-Model,Structural Framing,GB1,Ground Beam,74.078755,Standard,140 mm
20 mm,9501 mm,8954.16 cm³,743,743,28502 mm,3,STR-Model,Structural Framing,GB1,Ground Beam,70.379734,Standard,140 mm
20 mm,5500 mm,5183.63 cm³,723,726,16500 mm,3,STR-Model,Structural Framing,GB1,Ground Beam,40.743315,Standard,140 mm
20 mm,5500 mm,5183.63 cm³,723,726,16500 mm,3,STR-Model,Structural Framing,GB1,Ground Beam,40.743315,Standard,140 mm
20 mm,6000 mm,5654.87 cm³,631,631,18000 mm,3,STR-Model,Structural Framing,GB1,Ground Beam,44.447253,Standard,140 mm
20 mm,5500 mm,5183.63 cm³,723,726,16500 mm,3,STR-Model,Structural Framing,GB1,Ground Beam,40.743315,Standard,140 mm
20 mm,5500 mm,5183.63 cm³,723,726,16500 mm,3,STR-Model,Structural Framing,GB1,Ground Beam,40.743315,Standard,140 mm
20 mm,5500 mm,5183.63 cm³,723,726,16500 mm,3,STR-Model,Structural Framing,GB1,Ground Beam,40.743315,Standard,140 mm
20 mm,4000 mm,3769.91 cm³,643,644,12000 mm,3,STR-Model,Structural Framing,GB1,Ground Beam,29.631502,Standard,140 mm
20 mm,7500 mm,7068.58 cm³,634,634,22500 mm,3,STR-Model,Structural Framing,GB1,Ground Beam,55.559066,Standard,140 mm
20 mm,7500 mm,7068.58 cm³,634,634,22500 mm,3,STR-Model,Structural Framing,GB1,Ground Beam,55.559066,Standard,140 mm
20 mm,7500 mm,7068.58 cm³,634,634,22500 mm,3,STR-Model,Structural Framing,GB1,Ground Beam,55.559066,Standard,140 mm
20 mm,7500 mm,7068.58 cm³,634,634,22500 mm,3,STR-Model,Structural Framing,GB1,Ground Beam,55.559066,Standard,140 mm
20 mm,7500 mm,7068.58 cm³,634,634,22500 mm,3,STR-Model,Structural Framing,GB1,Ground Beam,55.559066,Standard,140 mm
20 mm,7991 mm,7531.02 cm³,744,744,23972 mm,3,STR-Model,Structural Framing,GB1,Ground Beam,59.193842,Standard,140 mm
20 mm,4000 mm,3769.91 cm³,643,644,12000 mm,3,STR-Model,Structural Framing,GB1,Ground Beam,29.631502,Standard,140 mm
20 mm,3600 mm,3392.92 cm³,745,745,10800 mm,3,STR-Model,Structural Framing,GB1,Ground Beam,26.668352,Standard,140 mm
20 mm,3600 mm,3392.92 cm³,745,745,10800 mm,3,STR-Model,Structural Framing,GB1,Ground Beam,26.668352,Standard,140 mm
20 mm,4000 mm,3769.91 cm³,643,644,12000 mm,3,STR-Model,Structural Framing,GB1,Ground Beam,29.631502,Standard,140 mm
20 mm,4000 mm,3769.91 cm³,643,644,12000 mm,3,STR-Model,Structural Framing,GB1,Ground Beam,29.631502,Standard,140 mm
20 mm,3500 mm,3298.67 cm³,746,746,10500 mm,3,STR-Model,Structural Framing,GB1,Ground Beam,25.927564,Standard,140 mm
20 mm,8498 mm,8009.30 cm³,747,770,25494 mm,3,STR-Model,Structural Framing,GB2,Ground Beam,62.95307,Standard,140 mm
20 mm,8500 mm,8011.21 cm³,748,748,25500 mm,3,STR-Model,Structural Framing,GB2,Ground Beam,62.968092,Standard,140 mm
20 mm,6499 mm,6124.78 cm³,749,795,19496 mm,3,STR-Model,Structural Framing,GB2,Ground Beam,48.140765,Standard,140 mm
20 mm,10501 mm,9896.64 cm³,750,750,31502 mm,3,STR-Model,Structural Framing,GB2,Ground Beam,77.787609,Standard,140 mm
20 mm,5501 mm,5184.69 cm³,751,751,16503 mm,3,STR-Model,Structural Framing,GB2,Ground Beam,40.751667,Standard,140 mm
20 mm,6001 mm,5655.48 cm³,752,755,18002 mm,3,STR-Model,Structural Framing,GB2,Ground Beam,44.452104,Standard,140 mm
20 mm,11001 mm,10367.88 cm³,753,753,33002 mm,3,STR-Model,Structural Framing,GB2,Ground Beam,81.491547,Standard,140 mm
20 mm,9500 mm,8953.85 cm³,754,754,28501 mm,3,STR-Model,Structural Framing,GB2,Ground Beam,70.377242,Standard,140 mm
20 mm,8501 mm,8011.69 cm³,758,758,25502 mm,3,STR-Model,Structural Framing,GB2,Ground Beam,62.971858,Standard,140 mm
20 mm,6999 mm,6596.02 cm³,759,759,20996 mm,3,STR-Model,Structural Framing,GB2,Ground Beam,51.844703,Standard,140 mm
20 mm,5318 mm,5012.10 cm³,760,760,15954 mm,3,STR-Model,Structural Framing,GB2A,Ground Beam,39.395083,Standard,140 mm
20 mm,5304 mm,4999.16 cm³,761,761,15913 mm,3,STR-Model,Structural Framing,GB2A,Ground Beam,39.29336,Standard,140 mm
20 mm,7001 mm,6598.18 cm³,762,762,21003 mm,3,STR-Model,Structural Framing,GB2A,Ground Beam,51.861692,Standard,140 mm
20 mm,7020 mm,6616.60 cm³,763,763,21061 mm,3,STR-Model,Structural Framing,GB2A,Ground Beam,52.006473,Standard,140 mm
20 mm,6002 mm,5656.57 cm³,1206,1206,18005 mm,3,STR-Model,Structural Framing,GB2A,Ground Beam,44.460604,Standard,140 mm
20 mm,7476 mm,7045.83 cm³,1773,1626,22428 mm,3,STR-Model,Structural Framing,GB2A,Ground Beam,55.380243,Standard,140 mm
20 mm,5001 mm,4713.64 cm³,686,686,15004 mm,3,STR-Model,Structural Framing,GB2A,Ground Beam,37.049211,Standard,140 mm
20 mm,8995 mm,8477.93 cm³,1774,1627,26986 mm,3,STR-Model,Structural Framing,GB2A,Ground Beam,66.63651,Standard,140 mm
20 mm,11999 mm,11308.38 cm³,785,785,35996 mm,3,STR-Model,Structural Framing,GB2,Ground Beam,88.883866,Standard,140 mm
20 mm,10001 mm,9425.40 cm³,786,786,30002 mm,3,STR-Model,Structural Framing,GB2,Ground Beam,74.083671,Standard,140 mm
20 mm,9500 mm,8953.54 cm³,659,673,28500 mm,3,STR-Model,Structural Framing,GB2,Ground Beam,70.374817,Standard,140 mm
20 mm,7500 mm,7068.58 cm³,634,634,22500 mm,3,STR-Model,Structural Framing,GB2,Ground Beam,55.559066,Standard,140 mm
20 mm,5343 mm,50355.00 cm³,792,803,160285 mm,30,STR-OUTER STRUCTURES,Structural Foundation,,VaCh1-REBAR,395.790331,Standard,20 mm
20 mm,5343 mm,50355.00 cm³,792,803,160285 mm,30,STR-OUTER STRUCTURES,Structural Foundation,,VaCh1-REBAR,395.790331,Standard,20 mm
20 mm,5153 mm,48564.30 cm³,793,793,154585 mm,30,STR-OUTER STRUCTURES,Structural Foundation,,VaCh1-REBAR,381.715367,Standard,20 mm
20 mm,5193 mm,48941.29 cm³,794,794,155785 mm,30,STR-OUTER STRUCTURES,Structural Foundation,,VaCh1-REBAR,384.678517,Standard,20 mm
20 mm,6443 mm,4048.15 cm³,845,845,12886 mm,2,STR-OUTER STRUCTURES,Wall,,VaCh1-REBAR,31.818464,Standard,20 mm
20 mm,5000 mm,3141.59 cm³,846,239,10000 mm,2,STR-OUTER STRUCTURES,Wall,,VaCh1-REBAR,24.692916,Standard,20 mm
20 mm,2741 mm,2583.53 cm³,847,847,8224 mm,3,STR-OUTER STRUCTURES,Wall,,VaCh1-REBAR,20.306553,Standard,20 mm
20 mm,2020 mm,1903.81 cm³,848,848,6060 mm,3,STR-OUTER STRUCTURES,Wall,,VaCh1-REBAR,14.963911,Standard,20 mm
20 mm,3241 mm,3054.96 cm³,849,849,9724 mm,3,STR-OUTER STRUCTURES,Wall,,VaCh1-REBAR,24.012006,Standard,20 mm
20 mm,2520 mm,2375.04 cm³,850,243,7560 mm,3,STR-OUTER STRUCTURES,Wall,,VaCh1-REBAR,18.667841,Standard,20 mm
20 mm,3688 mm,3475.41 cm³,851,244,11063 mm,3,STR-OUTER STRUCTURES,Wall,,VaCh1-REBAR,27.316719,Standard,20 mm
20 mm,2966 mm,2795.49 cm³,852,245,8898 mm,3,STR-OUTER STRUCTURES,Wall,,VaCh1-REBAR,21.972546,Standard,20 mm
20 mm,2507 mm,2362.48 cm³,853,246,7520 mm,3,STR-OUTER STRUCTURES,Wall,,VaCh1-REBAR,18.569056,Standard,20 mm
20 mm,1786 mm,1683.07 cm³,854,247,5357 mm,3,STR-OUTER STRUCTURES,Wall,,VaCh1-REBAR,13.228958,Standard,20 mm
20 mm,1291 mm,1217.13 cm³,855,248,3874 mm,3,STR-OUTER STRUCTURES,Wall,,VaCh1-REBAR,9.566648,Standard,20 mm
20 mm,1291 mm,1217.13 cm³,855,248,3874 mm,3,STR-OUTER STRUCTURES,Wall,,VaCh1-REBAR,9.566648,Standard,20 mm
20 mm,3526 mm,3323.64 cm³,856,249,10579 mm,3,STR-OUTER STRUCTURES,Wall,,VaCh1-REBAR,26.123835,Standard,20 mm
20 mm,3538 mm,3334.84 cm³,857,857,10615 mm,3,STR-OUTER STRUCTURES,Wall,,VaCh1-REBAR,26.211868,Standard,20 mm
20 mm,1863 mm,1170.40 cm³,858,825,3726 mm,2,STR-OUTER STRUCTURES,Wall,,VaCh1-REBAR,9.199372,Standard,20 mm
20 mm,1863 mm,1170.40 cm³,858,825,3726 mm,2,STR-OUTER STRUCTURES,Wall,,VaCh1-REBAR,9.199372,Standard,20 mm
20 mm,3177 mm,1995.86 cm³,859,859,6353 mm,2,STR-OUTER STRUCTURES,Wall,,VaCh1-REBAR,15.687495,Standard,20 mm
20 mm,3175 mm,1994.79 cm³,860,827,6350 mm,2,STR-OUTER STRUCTURES,Wall,,VaCh1-REBAR,15.67902,Standard,20 mm
20 mm,6443 mm,2024.08 cm³,845,845,6443 mm,1,STR-OUTER STRUCTURES,Wall,,VaCh1-REBAR,15.909232,Standard,20 mm
20 mm,6443 mm,2024.08 cm³,845,845,6443 mm,1,STR-OUTER STRUCTURES,Wall,,VaCh1-REBAR,15.909232,Standard,20 mm
20 mm,6443 mm,2024.08 cm³,845,845,6443 mm,1,STR-OUTER STRUCTURES,Wall,,VaCh1-REBAR,15.909232,Standard,20 mm
20 mm,6443 mm,2024.08 cm³,845,845,6443 mm,1,STR-OUTER STRUCTURES,Wall,,VaCh1-REBAR,15.909232,Standard,20 mm
20 mm,6443 mm,2024.01 cm³,924,924,6443 mm,1,STR-OUTER STRUCTURES,Wall,,VaCh1-REBAR,15.908727,Standard,20 mm
20 mm,6443 mm,2024.08 cm³,845,845,6443 mm,1,STR-OUTER STRUCTURES,Wall,,VaCh1-REBAR,15.909232,Standard,20 mm
20 mm,6443 mm,2024.08 cm³,845,845,6443 mm,1,STR-OUTER STRUCTURES,Wall,,VaCh1-REBAR,15.909232,Standard,20 mm
20 mm,6443 mm,2024.08 cm³,845,845,6443 mm,1,STR-OUTER STRUCTURES,Wall,,VaCh1-REBAR,15.909232,Standard,20 mm
20 mm,6443 mm,2024.08 cm³,845,845,6443 mm,1,STR-OUTER STRUCTURES,Wall,,VaCh1-REBAR,15.909232,Standard,20 mm
20 mm,6443 mm,2024.08 cm³,845,845,6443 mm,1,STR-OUTER STRUCTURES,Wall,,VaCh1-REBAR,15.909232,Standard,20 mm
20 mm,6443 mm,2024.08 cm³,845,845,6443 mm,1,STR-OUTER STRUCTURES,Wall,,VaCh1-REBAR,15.909232,Standard,20 mm
20 mm,6443 mm,2024.01 cm³,924,924,6443 mm,1,STR-OUTER STRUCTURES,Wall,,VaCh1-REBAR,15.908727,Standard,20 mm
20 mm,6443 mm,2024.08 cm³,845,845,6443 mm,1,STR-OUTER STRUCTURES,Wall,,VaCh1-REBAR,15.909232,Standard,20 mm
20 mm,6443 mm,2024.08 cm³,845,845,6443 mm,1,STR-OUTER STRUCTURES,Wall,,VaCh1-REBAR,15.909232,Standard,20 mm
20 mm,6443 mm,2024.08 cm³,845,845,6443 mm,1,STR-OUTER STRUCTURES,Wall,,VaCh1-REBAR,15.909232,Standard,20 mm
20 mm,6443 mm,2024.01 cm³,925,871,6443 mm,1,STR-OUTER STRUCTURES,Wall,,VaCh1-REBAR,15.908727,Standard,20 mm
20 mm,6443 mm,2024.08 cm³,845,845,6443 mm,1,STR-OUTER STRUCTURES,Wall,,VaCh1-REBAR,15.909232,Standard,20 mm
20 mm,6443 mm,2024.08 cm³,845,845,6443 mm,1,STR-OUTER STRUCTURES,Wall,,VaCh1-REBAR,15.909232,Standard,20 mm
20 mm,5843 mm,1835.58 cm³,926,872,5843 mm,1,STR-OUTER STRUCTURES,Wall,,VaCh1-REBAR,14.427657,Standard,20 mm
20 mm,5443 mm,1709.92 cm³,927,254,5443 mm,1,STR-OUTER STRUCTURES,Wall,,VaCh1-REBAR,13.43994,Standard,20 mm
20 mm,1971 mm,14864.13 cm³,930,255,47314 mm,24,STR-OUTER STRUCTURES,Wall,,VaCh1-REBAR,116.83203,Standard,20 mm
20 mm,1971 mm,14864.13 cm³,930,255,47314 mm,24,STR-OUTER STRUCTURES,Wall,,VaCh1-REBAR,116.83203,Standard,20 mm
20 mm,3256 mm,12276.40 cm³,939,418,39077 mm,12,STR-OUTER STRUCTURES,Wall,,VaCh1-REBAR,96.492495,Standard,20 mm
20 mm,3023 mm,11397.69 cm³,940,881,36280 mm,12,STR-OUTER STRUCTURES,Wall,,VaCh1-REBAR,89.585805,Standard,20 mm
20 mm,3256 mm,3069.10 cm³,939,418,9769 mm,3,STR-OUTER STRUCTURES,Wall,,VaCh1-REBAR,24.123124,Standard,20 mm
20 mm,3018 mm,2844.02 cm³,941,941,9053 mm,3,STR-OUTER STRUCTURES,Wall,,VaCh1-REBAR,22.354023,Standard,20 mm
20 mm,3056 mm,13442.82 cm³,942,942,42790 mm,14,STR-OUTER STRUCTURES,Wall,,VaCh1-REBAR,105.66056,Standard,20 mm
20 mm,3053 mm,13426.72 cm³,943,883,42739 mm,14,STR-OUTER STRUCTURES,Wall,,VaCh1-REBAR,105.533989,Standard,20 mm
20 mm,3246 mm,12238.70 cm³,944,944,38957 mm,12,STR-OUTER STRUCTURES,Wall,,VaCh1-REBAR,96.19618,Standard,20 mm
20 mm,3027 mm,11409.84 cm³,945,945,36319 mm,12,STR-OUTER STRUCTURES,Wall,,VaCh1-REBAR,89.681373,Standard,20 mm
20 mm,3246 mm,3059.67 cm³,944,944,9739 mm,3,STR-OUTER STRUCTURES,Wall,,VaCh1-REBAR,24.049045,Standard,20 mm
20 mm,3031 mm,2857.12 cm³,946,946,9094 mm,3,STR-OUTER STRUCTURES,Wall,,VaCh1-REBAR,22.456937,Standard,20 mm
20 mm,3046 mm,13398.84 cm³,947,947,42650 mm,14,STR-OUTER STRUCTURES,Wall,,VaCh1-REBAR,105.314859,Standard,20 mm
20 mm,3042 mm,13381.01 cm³,948,275,42593 mm,14,STR-OUTER STRUCTURES,Wall,,VaCh1-REBAR,105.174737,Standard,20 mm
20 mm,4103 mm,67032.40 cm³,949,887,213371 mm,52,STR-OUTER STRUCTURES,Wall,,VaCh1-REBAR,526.874665,Standard,20 mm
20 mm,5062 mm,15902.43 cm³,950,950,50619 mm,10,STR-OUTER STRUCTURES,Wall,,VaCh1-REBAR,124.993083,Standard,20 mm
20 mm,5062 mm,15902.43 cm³,950,950,50619 mm,10,STR-OUTER STRUCTURES,Wall,,VaCh1-REBAR,124.993083,Standard,20 mm
20 mm,5000 mm,31415.92 cm³,968,239,100000 mm,20,STR-OUTER STRUCTURES,Wall,,VaCh1-REBAR,246.929164,Standard,20 mm
20 mm,5343 mm,3357.00 cm³,792,803,10686 mm,2,STR-OUTER STRUCTURES,Structural Foundation,,VaCh1-REBAR,26.386022,Standard,20 mm
20 mm,4613 mm,2898.54 cm³,979,900,9226 mm,2,STR-OUTER STRUCTURES,Structural Foundation,,VaCh1-REBAR,22.782516,Standard,20 mm
20 mm,5303 mm,3331.87 cm³,980,901,10606 mm,2,STR-OUTER STRUCTURES,Structural Foundation,,VaCh1-REBAR,26.188479,Standard,20 mm
20 mm,4551 mm,2859.74 cm³,981,981,9103 mm,2,STR-OUTER STRUCTURES,Structural Foundation,,VaCh1-REBAR,22.477548,Standard,20 mm
20 mm,4433 mm,2785.53 cm³,982,903,8867 mm,2,STR-OUTER STRUCTURES,Structural Foundation,,VaCh1-REBAR,21.894302,Standard,20 mm
20 mm,5193 mm,3262.75 cm³,794,794,10386 mm,2,STR-OUTER STRUCTURES,Structural Foundation,,VaCh1-REBAR,25.645234,Standard,20 mm
20 mm,4413 mm,2772.97 cm³,983,983,8827 mm,2,STR-OUTER STRUCTURES,Structural Foundation,,VaCh1-REBAR,21.79553,Standard,20 mm
20 mm,5153 mm,3237.62 cm³,793,793,10306 mm,2,STR-OUTER STRUCTURES,Structural Foundation,,VaCh1-REBAR,25.447691,Standard,20 mm
20 mm,5291 mm,49869.59 cm³,1036,1036,158740 mm,30,STR-OUTER STRUCTURES,Structural Foundation,,VaCh2-REBAR,391.974946,Standard,140 mm
20 mm,5291 mm,49869.59 cm³,1036,1036,158740 mm,30,STR-OUTER STRUCTURES,Structural Foundation,,VaCh2-REBAR,391.974946,Standard,140 mm
20 mm,5136 mm,48410.02 cm³,1037,1037,154094 mm,30,STR-OUTER STRUCTURES,Structural Foundation,,VaCh2-REBAR,380.502768,Standard,140 mm
20 mm,5136 mm,48408.75 cm³,1037,1037,154090 mm,30,STR-OUTER STRUCTURES,Structural Foundation,,VaCh2-REBAR,380.492739,Standard,140 mm
20 mm,6391 mm,4015.79 cm³,1054,1054,12783 mm,2,STR-OUTER STRUCTURES,Wall,,VaCh2-REBAR,31.564105,Standard,140 mm
20 mm,5000 mm,3141.59 cm³,1055,1055,10000 mm,2,STR-OUTER STRUCTURES,Wall,,VaCh2-REBAR,24.692916,Standard,140 mm
20 mm,2715 mm,2559.26 cm³,1056,1056,8146 mm,3,STR-OUTER STRUCTURES,Wall,,VaCh2-REBAR,20.115783,Standard,140 mm
20 mm,2020 mm,1903.81 cm³,1057,1057,6060 mm,3,STR-OUTER STRUCTURES,Wall,,VaCh2-REBAR,14.963911,Standard,140 mm
20 mm,3216 mm,3030.69 cm³,1058,1058,9647 mm,3,STR-OUTER STRUCTURES,Wall,,VaCh2-REBAR,23.821236,Standard,140 mm
20 mm,2520 mm,2375.04 cm³,1059,1059,7560 mm,3,STR-OUTER STRUCTURES,Wall,,VaCh2-REBAR,18.667841,Standard,140 mm
20 mm,3662 mm,3451.14 cm³,1060,1060,10985 mm,3,STR-OUTER STRUCTURES,Wall,,VaCh2-REBAR,27.12595,Standard,140 mm
20 mm,2966 mm,2795.49 cm³,1061,1061,8898 mm,3,STR-OUTER STRUCTURES,Wall,,VaCh2-REBAR,21.972546,Standard,140 mm
20 mm,2481 mm,2338.20 cm³,1062,1062,7443 mm,3,STR-OUTER STRUCTURES,Wall,,VaCh2-REBAR,18.378287,Standard,140 mm
20 mm,1786 mm,1683.07 cm³,1063,1063,5357 mm,3,STR-OUTER STRUCTURES,Wall,,VaCh2-REBAR,13.228958,Standard,140 mm
20 mm,1266 mm,1192.86 cm³,1064,1064,3797 mm,3,STR-OUTER STRUCTURES,Wall,,VaCh2-REBAR,9.375879,Standard,140 mm
20 mm,1266 mm,1192.86 cm³,1064,1064,3797 mm,3,STR-OUTER STRUCTURES,Wall,,VaCh2-REBAR,9.375879,Standard,140 mm
20 mm,3112 mm,2932.71 cm³,1065,1065,9335 mm,3,STR-OUTER STRUCTURES,Wall,,VaCh2-REBAR,23.051136,Standard,140 mm
20 mm,3124 mm,2943.90 cm³,1066,1066,9371 mm,3,STR-OUTER STRUCTURES,Wall,,VaCh2-REBAR,23.139065,Standard,140 mm
20 mm,1837 mm,1154.22 cm³,1067,1067,3674 mm,2,STR-OUTER STRUCTURES,Wall,,VaCh2-REBAR,9.072193,Standard,140 mm
20 mm,1837 mm,1154.22 cm³,1067,1067,3674 mm,2,STR-OUTER STRUCTURES,Wall,,VaCh2-REBAR,9.072193,Standard,140 mm
20 mm,2762 mm,1735.24 cm³,1068,1068,5523 mm,2,STR-OUTER STRUCTURES,Wall,,VaCh2-REBAR,13.638959,Standard,140 mm
20 mm,2760 mm,1734.16 cm³,1069,1069,5520 mm,2,STR-OUTER STRUCTURES,Wall,,VaCh2-REBAR,13.630484,Standard,140 mm
20 mm,6391 mm,2007.89 cm³,1054,1054,6391 mm,1,STR-OUTER STRUCTURES,Wall,,VaCh2-REBAR,15.782053,Standard,140 mm
20 mm,6391 mm,2007.89 cm³,1054,1054,6391 mm,1,STR-OUTER STRUCTURES,Wall,,VaCh2-REBAR,15.782053,Standard,140 mm
20 mm,6391 mm,2007.89 cm³,1054,1054,6391 mm,1,STR-OUTER STRUCTURES,Wall,,VaCh2-REBAR,15.782053,Standard,140 mm
20 mm,6391 mm,2007.89 cm³,1054,1054,6391 mm,1,STR-OUTER STRUCTURES,Wall,,VaCh2-REBAR,15.782053,Standard,140 mm
20 mm,6391 mm,2007.83 cm³,1127,1127,6391 mm,1,STR-OUTER STRUCTURES,Wall,,VaCh2-REBAR,15.781547,Standard,140 mm
20 mm,6391 mm,2007.89 cm³,1054,1054,6391 mm,1,STR-OUTER STRUCTURES,Wall,,VaCh2-REBAR,15.782053,Standard,140 mm
20 mm,6391 mm,2007.89 cm³,1054,1054,6391 mm,1,STR-OUTER STRUCTURES,Wall,,VaCh2-REBAR,15.782053,Standard,140 mm
20 mm,6391 mm,2007.89 cm³,1054,1054,6391 mm,1,STR-OUTER STRUCTURES,Wall,,VaCh2-REBAR,15.782053,Standard,140 mm
20 mm,6391 mm,2007.89 cm³,1054,1054,6391 mm,1,STR-OUTER STRUCTURES,Wall,,VaCh2-REBAR,15.782053,Standard,140 mm
20 mm,6391 mm,2007.89 cm³,1054,1054,6391 mm,1,STR-OUTER STRUCTURES,Wall,,VaCh2-REBAR,15.782053,Standard,140 mm
20 mm,6391 mm,2007.89 cm³,1054,1054,6391 mm,1,STR-OUTER STRUCTURES,Wall,,VaCh2-REBAR,15.782053,Standard,140 mm
20 mm,6391 mm,2007.83 cm³,1127,1127,6391 mm,1,STR-OUTER STRUCTURES,Wall,,VaCh2-REBAR,15.781547,Standard,140 mm
20 mm,6391 mm,2007.89 cm³,1054,1054,6391 mm,1,STR-OUTER STRUCTURES,Wall,,VaCh2-REBAR,15.782053,Standard,140 mm
20 mm,6391 mm,2007.89 cm³,1054,1054,6391 mm,1,STR-OUTER STRUCTURES,Wall,,VaCh2-REBAR,15.782053,Standard,140 mm
20 mm,6391 mm,2007.89 cm³,1054,1054,6391 mm,1,STR-OUTER STRUCTURES,Wall,,VaCh2-REBAR,15.782053,Standard,140 mm
20 mm,6391 mm,2007.83 cm³,1128,1127,6391 mm,1,STR-OUTER STRUCTURES,Wall,,VaCh2-REBAR,15.781547,Standard,140 mm
20 mm,6391 mm,2007.89 cm³,1054,1054,6391 mm,1,STR-OUTER STRUCTURES,Wall,,VaCh2-REBAR,15.782053,Standard,140 mm
20 mm,5491 mm,1725.15 cm³,1129,1129,5491 mm,1,STR-OUTER STRUCTURES,Wall,,VaCh2-REBAR,13.55969,Standard,140 mm
20 mm,1946 mm,14058.71 cm³,1132,1132,44750 mm,23,STR-OUTER STRUCTURES,Wall,,VaCh2-REBAR,110.501464,Standard,140 mm
20 mm,1946 mm,14058.71 cm³,1132,1132,44750 mm,23,STR-OUTER STRUCTURES,Wall,,VaCh2-REBAR,110.501464,Standard,140 mm
20 mm,3231 mm,12179.32 cm³,1140,1140,38768 mm,12,STR-OUTER STRUCTURES,Wall,,VaCh2-REBAR,95.729418,Standard,140 mm
20 mm,2609 mm,9833.92 cm³,1141,1141,31302 mm,12,STR-OUTER STRUCTURES,Wall,,VaCh2-REBAR,77.294592,Standard,140 mm
20 mm,3231 mm,3044.83 cm³,1140,1140,9692 mm,3,STR-OUTER STRUCTURES,Wall,,VaCh2-REBAR,23.932354,Standard,140 mm
20 mm,2603 mm,2453.08 cm³,1142,1142,7808 mm,3,STR-OUTER STRUCTURES,Wall,,VaCh2-REBAR,19.28122,Standard,140 mm
20 mm,3031 mm,13329.56 cm³,1143,1143,42429 mm,14,STR-OUTER STRUCTURES,Wall,,VaCh2-REBAR,104.770304,Standard,140 mm
20 mm,2638 mm,11602.32 cm³,1144,1144,36931 mm,14,STR-OUTER STRUCTURES,Wall,,VaCh2-REBAR,91.19424,Standard,140 mm
20 mm,3221 mm,12141.62 cm³,1145,1145,38648 mm,12,STR-OUTER STRUCTURES,Wall,,VaCh2-REBAR,95.433103,Standard,140 mm
20 mm,2612 mm,9846.08 cm³,1146,1146,31341 mm,12,STR-OUTER STRUCTURES,Wall,,VaCh2-REBAR,77.39016,Standard,140 mm
20 mm,3221 mm,3035.40 cm³,1145,1145,9662 mm,3,STR-OUTER STRUCTURES,Wall,,VaCh2-REBAR,23.858276,Standard,140 mm
20 mm,2617 mm,2466.17 cm³,1147,1147,7850 mm,3,STR-OUTER STRUCTURES,Wall,,VaCh2-REBAR,19.384134,Standard,140 mm
20 mm,3021 mm,13285.57 cm³,1148,1148,42289 mm,14,STR-OUTER STRUCTURES,Wall,,VaCh2-REBAR,104.424603,Standard,140 mm
20 mm,2628 mm,11556.61 cm³,1149,1149,36786 mm,14,STR-OUTER STRUCTURES,Wall,,VaCh2-REBAR,90.834989,Standard,140 mm
20 mm,4000 mm,32674.81 cm³,1150,1150,104007 mm,26,STR-OUTER STRUCTURES,Wall,,VaCh2-REBAR,256.823999,Standard,140 mm
20 mm,5000 mm,15707.96 cm³,1151,1055,50000 mm,10,STR-OUTER STRUCTURES,Wall,,VaCh2-REBAR,123.464591,Standard,140 mm
20 mm,5000 mm,15707.96 cm³,1151,1055,50000 mm,10,STR-OUTER STRUCTURES,Wall,,VaCh2-REBAR,123.464591,Standard,140 mm
20 mm,5000 mm,28274.33 cm³,1151,1055,90000 mm,18,STR-OUTER STRUCTURES,Wall,,VaCh2-REBAR,222.236248,Standard,140 mm
20 mm,5291 mm,3324.64 cm³,1036,1036,10583 mm,2,STR-OUTER STRUCTURES,Structural Foundation,,VaCh2-REBAR,26.131663,Standard,140 mm
20 mm,5251 mm,3299.51 cm³,1160,1160,10503 mm,2,STR-OUTER STRUCTURES,Structural Foundation,,VaCh2-REBAR,25.93412,Standard,140 mm
20 mm,5141 mm,3230.39 cm³,1161,1161,10283 mm,2,STR-OUTER STRUCTURES,Structural Foundation,,VaCh2-REBAR,25.390876,Standard,140 mm
20 mm,5121 mm,3217.82 cm³,1162,1162,10243 mm,2,STR-OUTER STRUCTURES,Structural Foundation,,VaCh2-REBAR,25.292104,Standard,140 mm
20 mm,4553 mm,2860.88 cm³,1199,1098,9106 mm,2,STR-OUTER STRUCTURES,Structural Foundation,,VaCh2-REBAR,22.486494,Standard,140 mm
20 mm,4553 mm,2860.88 cm³,1199,1098,9106 mm,2,STR-OUTER STRUCTURES,Structural Foundation,,VaCh2-REBAR,22.486494,Standard,140 mm
20 mm,4703 mm,2955.12 cm³,1200,1099,9406 mm,2,STR-OUTER STRUCTURES,Structural Foundation,,VaCh2-REBAR,23.227282,Standard,140 mm
20 mm,4728 mm,2970.60 cm³,1201,1100,9456 mm,2,STR-OUTER STRUCTURES,Structural Foundation,,VaCh2-REBAR,23.34893,Standard,140 mm
20 mm,2400 mm,6031.95 cm³,69,1649,19200 mm,8,STR-Model,Structural Column,C3 400x400x7500,Footing,47.411135,Standard,140 mm
20 mm,3702 mm,2326.14 cm³,1843,1699,7404 mm,2,STR-Model,Structural Framing,B25,Beam,18.283438,Standard,140 mm
20 mm,3218 mm,2021.84 cm³,1696,1554,6436 mm,2,STR-Model,Structural Framing,B25,Beam,15.89166,Standard,140 mm
20 mm,3258 mm,2046.97 cm³,1692,1692,6516 mm,2,STR-Model,Structural Framing,B25,Beam,16.089204,Standard,140 mm
20 mm,4326 mm,2717.89 cm³,1693,1551,8651 mm,2,STR-Model,Structural Framing,B25,Beam,21.362638,Standard,140 mm
20 mm,3702 mm,2326.14 cm³,1694,1552,7404 mm,2,STR-Model,Structural Framing,B25,Beam,18.283438,Standard,140 mm
20 mm,3782 mm,2376.40 cm³,1690,1548,7564 mm,2,STR-Model,Structural Framing,B25,Beam,18.678525,Standard,140 mm
20 mm,3802 mm,2388.97 cm³,1841,1697,7604 mm,2,STR-Model,Structural Framing,B25,Beam,18.777297,Standard,140 mm
20 mm,3238 mm,2034.41 cm³,1695,1553,6476 mm,2,STR-Model,Structural Framing,B25,Beam,15.990432,Standard,140 mm
20 mm,3258 mm,2046.97 cm³,1692,1692,6516 mm,2,STR-Model,Structural Framing,B25,Beam,16.089204,Standard,140 mm
20 mm,4518 mm,2838.82 cm³,1698,1556,9036 mm,2,STR-Model,Structural Framing,SB4,Beam,22.313142,Standard,140 mm
20 mm,4622 mm,2904.38 cm³,1699,1557,9245 mm,2,STR-Model,Structural Framing,SB4,Beam,22.828454,Standard,140 mm
20 mm,3501 mm,2199.95 cm³,1700,1700,7003 mm,2,STR-Model,Structural Framing,SB4,Beam,17.291598,Standard,140 mm
20 mm,3524 mm,2213.93 cm³,1701,1701,7047 mm,2,STR-Model,Structural Framing,SB4,Beam,17.401516,Standard,140 mm
20 mm,3388 mm,2128.90 cm³,1704,1704,6776 mm,2,STR-Model,Structural Framing,SB4,Beam,16.733145,Standard,140 mm
20 mm,3500 mm,2199.41 cm³,1705,1563,7001 mm,2,STR-Model,Structural Framing,SB4,Beam,17.287351,Standard,140 mm
20 mm,6501 mm,4084.49 cm³,1708,1708,13001 mm,2,STR-Model,Structural Framing,SB3,Beam,32.104072,Standard,140 mm
20 mm,8496 mm,5337.98 cm³,1706,1706,16991 mm,2,STR-Model,Structural Framing,SB2,Beam,41.956546,Standard,140 mm
20 mm,9987 mm,6275.21 cm³,1910,1754,19975 mm,2,STR-Model,Structural Framing,SB2,Beam,49.323116,Standard,140 mm
20 mm,10000 mm,6283.19 cm³,648,648,20000 mm,2,STR-Model,Structural Framing,SB2,Beam,49.385837,Standard,140 mm
20 mm,10000 mm,6283.19 cm³,648,648,20000 mm,2,STR-Model,Structural Framing,SB2,Beam,49.385837,Standard,140 mm
20 mm,12001 mm,7540.24 cm³,1711,1711,24001 mm,2,STR-Model,Structural Framing,SB2,Beam,59.266282,Standard,140 mm
20 mm,10000 mm,6283.19 cm³,648,648,20000 mm,2,STR-Model,Structural Framing,SB3,Beam,49.385837,Standard,140 mm
20 mm,8050 mm,5057.96 cm³,1911,1757,16100 mm,2,STR-Model,Structural Framing,SB2,Beam,39.755598,Standard,140 mm
20 mm,12000 mm,7539.82 cm³,624,624,24000 mm,2,STR-Model,Structural Framing,SB2,Beam,59.263004,Standard,140 mm
20 mm,8476 mm,5325.42 cm³,1712,1712,16951 mm,2,STR-Model,Structural Framing,SB1,Beam,41.857774,Standard,140 mm
20 mm,7514 mm,4721.23 cm³,1733,1733,15028 mm,2,STR-Model,Structural Framing,SB3,Beam,37.108867,Standard,140 mm
20 mm,10496 mm,6594.62 cm³,1731,1731,20991 mm,2,STR-Model,Structural Framing,SB3,Beam,51.833713,Standard,140 mm
20 mm,12000 mm,7539.82 cm³,624,624,24000 mm,2,STR-Model,Structural Framing,SB3,Beam,59.263004,Standard,140 mm
20 mm,12000 mm,7539.82 cm³,624,624,24000 mm,2,STR-Model,Structural Framing,SB3,Beam,59.263004,Standard,140 mm
20 mm,6000 mm,3769.91 cm³,631,631,12000 mm,2,STR-Model,Structural Framing,SB1,Beam,29.631502,Standard,140 mm
20 mm,9002 mm,5655.87 cm³,1732,1681,18003 mm,2,STR-Model,Structural Framing,SB1,Beam,44.45512,Standard,140 mm
20 mm,11000 mm,6911.50 cm³,660,660,22000 mm,2,STR-Model,Structural Framing,SB2,Beam,54.32442,Standard,140 mm
20 mm,6965 mm,4376.06 cm³,1734,1734,13929 mm,2,STR-Model,Structural Framing,SB1,Beam,34.39582,Standard,140 mm
20 mm,1500 mm,942.48 cm³,640,640,3000 mm,2,STR-Model,Structural Framing,B25,Beam,7.407875,Standard,140 mm
20 mm,2000 mm,1256.64 cm³,1741,1741,4000 mm,2,STR-Model,Structural Framing,B25,Beam,9.877167,Standard,140 mm
20 mm,1500 mm,942.48 cm³,640,640,3000 mm,2,STR-Model,Structural Framing,B25,Beam,7.407875,Standard,140 mm
20 mm,2000 mm,1256.64 cm³,1741,1741,4000 mm,2,STR-Model,Structural Framing,B25,Beam,9.877167,Standard,140 mm
20 mm,4500 mm,2827.43 cm³,722,725,9000 mm,2,STR-Model,Structural Framing,B23,Beam,22.223626,Standard,140 mm
20 mm,4500 mm,2827.43 cm³,722,725,9000 mm,2,STR-Model,Structural Framing,B23,Beam,22.223626,Standard,140 mm
20 mm,12000 mm,15079.64 cm³,624,624,48000 mm,4,STR-Model,Structural Framing,B24,Beam,118.526008,Standard,140 mm
20 mm,12000 mm,15079.64 cm³,624,624,48000 mm,4,STR-Model,Structural Framing,B23,Beam,118.526008,Standard,140 mm
20 mm,12000 mm,275203.52 cm³,624,624,876000 mm,73,STR-Model,Floor,,ROOF ADD.-MESH BOTTOM X,2163.099639,Standard,140 mm
20 mm,11400 mm,261454.29 cm³,1826,1683,832235 mm,73,STR-Model,Floor,,ROOF ADD.-MESH BOTTOM X,2055.030752,Standard,140 mm
20 mm,12000 mm,456159.25 cm³,624,624,1452000 mm,121,STR-Model,Floor,,ROOF ADD.-MESH BOTTOM Y,3585.411731,Standard,140 mm
20 mm,12000 mm,456159.25 cm³,624,624,1452000 mm,121,STR-Model,Floor,,ROOF ADD.-MESH BOTTOM Y,3585.411731,Standard,140 mm
20 mm,7500 mm,47126.13 cm³,2888,2926,150007 mm,20,STR-Model,Floor,,ROOF ADD.-MESH TOP Y,370.411355,Standard,140 mm
20 mm,7500 mm,47126.13 cm³,2888,2926,150007 mm,20,STR-Model,Floor,,ROOF ADD.-MESH TOP Y,370.411355,Standard,140 mm
20 mm,7500 mm,73045.50 cm³,2888,2926,232511 mm,31,STR-Model,Floor,,ROOF ADD.-MESH TOP Y,574.1376,Standard,140 mm
20 mm,7500 mm,73045.50 cm³,2888,2926,232511 mm,31,STR-Model,Floor,,ROOF ADD.-MESH TOP Y,574.1376,Standard,140 mm
20 mm,7500 mm,73045.50 cm³,2888,2926,232511 mm,31,STR-Model,Floor,,ROOF ADD.-MESH TOP Y,574.1376,Standard,140 mm
20 mm,8000 mm,50267.72 cm³,2889,2927,160007 mm,20,STR-Model,Floor,,ROOF ADD.-MESH TOP Y,395.104273,Standard,140 mm
20 mm,8000 mm,77914.96 cm³,2886,2924,248011 mm,31,STR-Model,Floor,,ROOF ADD.-MESH TOP Y,612.411624,Standard,140 mm
20 mm,8000 mm,80424.77 cm³,633,633,256000 mm,32,STR-Model,Floor,,ROOF ADD.-MESH TOP X,632.138707,Standard,140 mm
20 mm,8000 mm,50267.72 cm³,2889,2927,160007 mm,20,STR-Model,Floor,,ROOF ADD.-MESH TOP Y,395.104273,Standard,140 mm
20 mm,8000 mm,77914.96 cm³,2886,2924,248011 mm,31,STR-Model,Floor,,ROOF ADD.-MESH TOP Y,612.411624,Standard,140 mm
20 mm,8000 mm,77914.96 cm³,2886,2924,248011 mm,31,STR-Model,Floor,,ROOF ADD.-MESH TOP Y,612.411624,Standard,140 mm
20 mm,5506 mm,3459.37 cm³,1912,1758,11012 mm,2,STR-Model,Structural Framing,SB4,Beam,27.19064,Standard,140 mm
20 mm,5506 mm,3459.37 cm³,1912,1758,11012 mm,2,STR-Model,Structural Framing,SB4,Beam,27.19064,Standard,140 mm
20 mm,6800 mm,4272.57 cm³,1913,1759,13600 mm,2,STR-Model,Structural Framing,SB2,Beam,33.582369,Standard,140 mm
20 mm,8000 mm,70371.68 cm³,633,633,224000 mm,28,STR-Model,Floor,,ROOF ADD.-MESH TOP X,553.121369,Standard,140 mm
20 mm,8000 mm,77911.50 cm³,633,649,248000 mm,31,STR-Model,Floor,,ROOF ADD.-MESH TOP Y,612.384373,Standard,140 mm
20 mm,8000 mm,77911.50 cm³,633,649,248000 mm,31,STR-Model,Floor,,ROOF ADD.-MESH TOP X,612.384373,Standard,140 mm
20 mm,8000 mm,80424.77 cm³,633,633,256000 mm,32,STR-Model,Floor,,ROOF ADD.-MESH TOP X,632.138707,Standard,140 mm
20 mm,8000 mm,80424.77 cm³,633,633,256000 mm,32,STR-Model,Floor,,ROOF ADD.-MESH TOP X,632.138707,Standard,140 mm
20 mm,1330 mm,1253.50 cm³,3235,1794,3990 mm,3,STR-OUTER STRUCTURES,Structural Framing,,OS-RAMP,9.852474,Standard,140 mm
20 mm,1330 mm,1253.50 cm³,3235,1794,3990 mm,3,STR-Model,Wall,,OS-RAMP,9.852474,Standard,140 mm
20 mm,3500 mm,4398.22 cm³,113,2502,14000 mm,4,STR-Model,Structural Column,PD1 300x300x2000,Footing,34.569998,Standard,140 mm
20 mm,3500 mm,4398.22 cm³,113,2502,14000 mm,4,STR-Model,Structural Column,PD1 300x300x2000,Footing,34.569998,Standard,140 mm
20 mm,3500 mm,4398.22 cm³,113,2409,14000 mm,4,STR-Model,Structural Column,PD1 300x300x2000,Footing,34.569998,Standard,140 mm
20 mm,3500 mm,4398.22 cm³,113,2409,14000 mm,4,STR-Model,Structural Column,PD1 300x300x2000,Footing,34.569998,Standard,140 mm
20 mm,3500 mm,4398.22 cm³,113,2502,14000 mm,4,STR-Model,Structural Column,PD1 300x300x2000,Footing,34.569998,Standard,140 mm
20 mm,3500 mm,4398.22 cm³,113,2409,14000 mm,4,STR-Model,Structural Column,PD1 300x300x2000,Footing,34.569998,Standard,140 mm
20 mm,3350 mm,4209.68 cm³,35,2408,13400 mm,4,STR-Model,Structural Column,PD1 300x300x2000,Footing,33.088061,Standard,140 mm
20 mm,3350 mm,4209.68 cm³,35,2408,13400 mm,4,STR-Model,Structural Column,PD1 300x300x2000,Footing,33.088061,Standard,140 mm
20 mm,3350 mm,4209.68 cm³,35,2408,13400 mm,4,STR-Model,Structural Column,PD1 300x300x2000,Footing,33.088061,Standard,140 mm
20 mm,3350 mm,4209.68 cm³,35,2408,13400 mm,4,STR-Model,Structural Column,PD1 300x300x2000,Footing,33.088061,Standard,140 mm
20 mm,3500 mm,4398.22 cm³,113,2502,14000 mm,4,STR-Model,Structural Column,PD1 300x300x2000,Footing,34.569998,Standard,140 mm
20 mm,3500 mm,4398.22 cm³,113,2502,14000 mm,4,STR-Model,Structural Column,PD1 300x300x2000,Footing,34.569998,Standard,140 mm
20 mm,3500 mm,4398.22 cm³,113,2502,14000 mm,4,STR-Model,Structural Column,PD1 300x300x2000,Footing,34.569998,Standard,140 mm
20 mm,3500 mm,4398.22 cm³,113,2502,14000 mm,4,STR-Model,Structural Column,PD1 300x300x2000,Footing,34.569998,Standard,140 mm
20 mm,3500 mm,4398.22 cm³,113,2502,14000 mm,4,STR-Model,Structural Column,PD1 300x300x2000,Footing,34.569998,Standard,140 mm
20 mm,3500 mm,4398.22 cm³,113,2502,14000 mm,4,STR-Model,Structural Column,PD1 300x300x2000,Footing,34.569998,Standard,140 mm
20 mm,3500 mm,4398.22 cm³,113,2502,14000 mm,4,STR-Model,Structural Column,PD1 300x300x2000,Footing,34.569998,Standard,140 mm
20 mm,3500 mm,4398.22 cm³,113,2502,14000 mm,4,STR-Model,Structural Column,PD1 300x300x2000,Footing,34.569998,Standard,140 mm
20 mm,3500 mm,4398.22 cm³,113,2502,14000 mm,4,STR-Model,Structural Column,PD1 300x300x2000,Footing,34.569998,Standard,140 mm
20 mm,3500 mm,4398.22 cm³,113,2502,14000 mm,4,STR-Model,Structural Column,PD1 300x300x2000,Footing,34.569998,Standard,140 mm
20 mm,3500 mm,4398.22 cm³,113,2502,14000 mm,4,STR-Model,Structural Column,PD1 300x300x2000,Footing,34.569998,Standard,140 mm
20 mm,3500 mm,4398.22 cm³,113,2502,14000 mm,4,STR-Model,Structural Column,PD1 300x300x2000,Footing,34.569998,Standard,140 mm
20 mm,3500 mm,4398.22 cm³,113,2502,14000 mm,4,STR-Model,Structural Column,PD1 300x300x2000,Footing,34.569998,Standard,140 mm
20 mm,3500 mm,4398.22 cm³,113,2502,14000 mm,4,STR-Model,Structural Column,PD1 300x300x2000,Footing,34.569998,Standard,140 mm
20 mm,3500 mm,4398.22 cm³,113,2502,14000 mm,4,STR-Model,Structural Column,PD1 300x300x2000,Footing,34.569998,Standard,140 mm
20 mm,3294 mm,1034.70 cm³,2019,1868,3294 mm,1,STR-Model,Structural Column,PD1 300x300x2000,Footing,8.132747,Standard,140 mm
20 mm,3294 mm,1034.95 cm³,2020,1859,3294 mm,1,STR-Model,Structural Column,PD1 300x300x2000,Footing,8.134716,Standard,140 mm
20 mm,3298 mm,1035.97 cm³,2017,2017,3298 mm,1,STR-Model,Structural Column,PD1 300x300x2000,Footing,8.142736,Standard,140 mm
20 mm,3297 mm,1035.78 cm³,2018,1867,3297 mm,1,STR-Model,Structural Column,PD1 300x300x2000,Footing,8.141247,Standard,140 mm
20 mm,3450 mm,2167.69 cm³,2024,1873,6900 mm,2,STR-Model,Structural Column,PD1 300x300x2000,Footing,17.038005,Standard,140 mm
20 mm,3450 mm,2167.63 cm³,2024,1873,6900 mm,2,STR-Model,Structural Column,PD1 300x300x2000,Footing,17.037548,Standard,140 mm
20 mm,3412 mm,2143.58 cm³,2025,1875,6823 mm,2,STR-Model,Structural Column,PD1 300x300x2000,Footing,16.848559,Standard,140 mm
20 mm,3500 mm,2199.11 cm³,113,1869,7000 mm,2,STR-Model,Structural Column,PD1 300x300x2000,Footing,17.284999,Standard,140 mm
20 mm,3374 mm,1060.09 cm³,2027,1878,3374 mm,1,STR-Model,Structural Column,PD1 300x300x2000,Footing,8.332333,Standard,140 mm
20 mm,3374 mm,1060.11 cm³,2027,1878,3374 mm,1,STR-Model,Structural Column,PD1 300x300x2000,Footing,8.332438,Standard,140 mm
20 mm,3357 mm,1054.63 cm³,2028,1879,3357 mm,1,STR-Model,Structural Column,PD1 300x300x2000,Footing,8.28942,Standard,140 mm
20 mm,3357 mm,1054.65 cm³,2028,1879,3357 mm,1,STR-Model,Structural Column,PD1 300x300x2000,Footing,8.289511,Standard,140 mm
20 mm,3350 mm,1052.42 cm³,35,32,3350 mm,1,STR-Model,Structural Column,PD1 300x300x2000,Footing,8.272015,Standard,140 mm
20 mm,3350 mm,1052.42 cm³,35,32,3350 mm,1,STR-Model,Structural Column,PD1 300x300x2000,Footing,8.272015,Standard,140 mm
20 mm,3363 mm,1056.45 cm³,2030,1882,3363 mm,1,STR-Model,Structural Column,PD1 300x300x2000,Footing,8.303707,Standard,140 mm
20 mm,3363 mm,1056.45 cm³,2030,1882,3363 mm,1,STR-Model,Structural Column,PD1 300x300x2000,Footing,8.303707,Standard,140 mm
20 mm,8729 mm,8227.20 cm³,2057,2057,26188 mm,3,STR-Model,Structural Framing,B22 (B400X750),HCS-BEAM,64.66577,Standard,140 mm
20 mm,8813 mm,8306.37 cm³,2293,2293,26440 mm,3,STR-Model,Structural Framing,B22 (B400X750),HCS-BEAM,65.288032,Standard,140 mm
20 mm,5000 mm,12566.34 cm³,265,265,40000 mm,8,STR-Model,Structural Column,C3 400x400x7500,Column,98.771435,Standard,140 mm
20 mm,8400 mm,7916.81 cm³,2291,2291,25200 mm,3,STR-Model,Structural Framing,B7 (B400X500),HCS-BEAM,62.226154,Standard,140 mm
20 mm,5799 mm,5465.49 cm³,2064,1913,17397 mm,3,STR-Model,Structural Framing,B7 (B400X500),HCS-BEAM,42.958739,Standard,140 mm
20 mm,8501 mm,8011.69 cm³,2066,2066,25502 mm,3,STR-Model,Structural Framing,B7 (B400X500),HCS-BEAM,62.971858,Standard,140 mm
20 mm,5700 mm,5372.12 cm³,2067,2067,17100 mm,3,STR-Model,Structural Framing,B7 (B400X500),HCS-BEAM,42.22489,Standard,140 mm
20 mm,5501 mm,5184.25 cm³,2108,2108,16502 mm,3,STR-Model,Structural Framing,B15T (B400X750T),HCS-BEAM,40.748232,Standard,140 mm
20 mm,4000 mm,2513.27 cm³,643,644,8000 mm,2,STR-Model,Structural Framing,B15T (B400X750T),HCS-BEAM,19.754335,Standard,140 mm
20 mm,12001 mm,11310.98 cm³,2083,2083,36004 mm,3,STR-Model,Structural Framing,B5 (B400X650),HCS-BEAM,88.904339,Standard,140 mm
20 mm,3998 mm,3767.71 cm³,2462,2499,11993 mm,3,STR-Model,Structural Framing,B5 (B400X650),HCS-BEAM,29.614195,Standard,140 mm
20 mm,3998 mm,3767.71 cm³,2462,2499,11993 mm,3,STR-Model,Structural Framing,B5 (B400X650),HCS-BEAM,29.614195,Standard,140 mm
20 mm,10000 mm,9424.74 cm³,2095,1942,30000 mm,3,STR-Model,Structural Framing,B6 (B400X500),HCS-BEAM,74.078486,Standard,140 mm
20 mm,5500 mm,5183.63 cm³,723,726,16500 mm,3,STR-Model,Structural Framing,B10 (B400X650),HCS-BEAM,40.743315,Standard,140 mm
20 mm,4001 mm,3770.54 cm³,2093,1940,12002 mm,3,STR-Model,Structural Framing,B10 (B400X650),HCS-BEAM,29.636419,Standard,140 mm
20 mm,9501 mm,8954.16 cm³,2094,2094,28502 mm,3,STR-Model,Structural Framing,B10 (B400X650),HCS-BEAM,70.379734,Standard,140 mm
20 mm,8000 mm,7539.79 cm³,2091,2091,24000 mm,3,STR-Model,Structural Framing,B6 (B400X500),HCS-BEAM,59.262735,Standard,140 mm
20 mm,12000 mm,11309.73 cm³,624,624,36000 mm,3,STR-Model,Structural Framing,B9 (B400X500),HCS-BEAM,88.894506,Standard,140 mm
20 mm,7256 mm,6838.30 cm³,2096,2096,21767 mm,3,STR-Model,Structural Framing,B10 (B400X650),HCS-BEAM,53.749053,Standard,140 mm
20 mm,8000 mm,7539.82 cm³,633,633,24000 mm,3,STR-Model,Structural Framing,B11 (B400X600),HCS-BEAM,59.263004,Standard,140 mm
20 mm,6300 mm,5937.58 cm³,2114,2114,18900 mm,3,STR-Model,Structural Framing,B13 (B400X650),HCS-BEAM,46.669348,Standard,140 mm
20 mm,11114 mm,10474.38 cm³,2116,1963,33341 mm,3,STR-Model,Structural Framing,B13 (B400X650),HCS-BEAM,82.328637,Standard,140 mm
20 mm,9330 mm,5862.21 cm³,2117,1964,18660 mm,2,STR-Model,Structural Framing,B13 (B400X650),HCS-BEAM,46.076985,Standard,140 mm
20 mm,7000 mm,6597.34 cm³,656,655,21000 mm,3,STR-Model,Structural Framing,B11 (B400X600),HCS-BEAM,51.855128,Standard,140 mm
20 mm,10000 mm,9424.78 cm³,648,648,30000 mm,3,STR-Model,Structural Framing,B13 (B400X650),HCS-BEAM,74.078755,Standard,140 mm
20 mm,8000 mm,7539.82 cm³,633,633,24000 mm,3,STR-Model,Structural Framing,B13 (B400X650),HCS-BEAM,59.263004,Standard,140 mm
20 mm,3600 mm,2261.96 cm³,745,745,7200 mm,2,STR-Model,Structural Framing,B12 (B400X600),HCS-BEAM,17.779024,Standard,140 mm
20 mm,5000 mm,3141.59 cm³,2119,1966,10000 mm,2,STR-Model,Floor,,HCS-BEAM,24.692918,Standard,140 mm
20 mm,10680 mm,6710.44 cm³,2123,1976,21360 mm,2,STR-Model,Structural Framing,B3 (B400X750),HCS-BEAM,52.744073,Standard,140 mm
20 mm,4301 mm,4053.19 cm³,2413,2416,12902 mm,3,STR-Model,Structural Framing,B15T (B400X750T),HCS-BEAM,31.85804,Standard,140 mm
20 mm,7601 mm,7163.46 cm³,2414,2436,22802 mm,3,STR-Model,Structural Framing,B15T (B400X750T),HCS-BEAM,56.30477,Standard,140 mm
20 mm,6501 mm,6126.64 cm³,2124,2124,19502 mm,3,STR-Model,Structural Framing,B15T (B400X750T),HCS-BEAM,48.155366,Standard,140 mm
20 mm,6800 mm,4272.57 cm³,1913,1759,13600 mm,2,STR-Model,Structural Framing,B15T (B400X750T),HCS-BEAM,33.582369,Standard,140 mm
20 mm,4000 mm,2513.27 cm³,643,644,8000 mm,2,STR-Model,Structural Framing,B4L (B400X750L),HCS-BEAM,19.754335,Standard,140 mm
20 mm,3880 mm,2437.88 cm³,2136,1978,7760 mm,2,STR-Model,Structural Framing,B4L (B400X750L),HCS-BEAM,19.161705,Standard,140 mm
20 mm,5500 mm,5183.63 cm³,723,726,16500 mm,3,STR-Model,Structural Framing,B14TA (B400X750T),HCS-BEAM,40.743315,Standard,140 mm
20 mm,8000 mm,7539.82 cm³,633,633,24000 mm,3,STR-Model,Structural Framing,B14TA (B400X750T),HCS-BEAM,59.263004,Standard,140 mm
20 mm,3450 mm,3251.55 cm³,2155,2001,10350 mm,3,STR-Model,Structural Framing,B14TA (B400X750T),HCS-BEAM,25.55717,Standard,140 mm
20 mm,6500 mm,4084.07 cm³,731,731,13000 mm,2,STR-Model,Structural Framing,B14TA (B400X750T),HCS-BEAM,32.100794,Standard,140 mm
20 mm,5000 mm,3141.59 cm³,2119,1966,10000 mm,2,STR-Model,Structural Framing,B14TA (B400X750T),HCS-BEAM,24.692918,Standard,140 mm
20 mm,10000 mm,6283.19 cm³,648,648,20000 mm,2,STR-Model,Structural Framing,B19L (B500X850L),HCS-BEAM,49.385837,Standard,140 mm
20 mm,8450 mm,5309.29 cm³,2417,2018,16900 mm,2,STR-Model,Structural Framing,B21L (B500X850L),HCS-BEAM,41.731032,Standard,140 mm
20 mm,11850 mm,7445.88 cm³,2431,2451,23701 mm,2,STR-Model,Structural Framing,B21L (B500X850L),HCS-BEAM,58.524629,Standard,140 mm
20 mm,7702 mm,7259.27 cm³,2182,2182,23107 mm,3,STR-Model,Structural Framing,GB2,Ground Beam,57.057882,Standard,140 mm
20 mm,7162 mm,6750.33 cm³,2221,2221,21487 mm,3,STR-Model,Structural Framing,GB2,Ground Beam,53.05763,Standard,140 mm
20 mm,6000 mm,5654.83 cm³,2237,2237,18000 mm,3,STR-Model,Structural Framing,B16L (B400X750L),HCS-BEAM,44.446984,Standard,140 mm
20 mm,3500 mm,3298.64 cm³,2238,2238,10500 mm,3,STR-Model,Floor,,HCS-BEAM,25.927295,Standard,140 mm
20 mm,7000 mm,6597.34 cm³,656,655,21000 mm,3,STR-Model,Floor,,HCS-BEAM,51.855128,Standard,140 mm
20 mm,12000 mm,11309.73 cm³,624,624,36000 mm,3,STR-Model,Structural Framing,B17L (B400X750L),HCS-BEAM,88.894506,Standard,140 mm
20 mm,10000 mm,9424.78 cm³,648,648,30000 mm,3,STR-Model,Structural Framing,B17LA (B400X850L),HCS-BEAM,74.078755,Standard,140 mm
20 mm,8000 mm,7539.92 cm³,633,633,24000 mm,3,STR-Model,Floor,,HCS-BEAM,59.263752,Standard,140 mm
20 mm,8000 mm,7539.86 cm³,633,633,24000 mm,3,STR-Model,Floor,,HCS-BEAM,59.263299,Standard,140 mm
20 mm,5599 mm,5276.52 cm³,2242,2242,16796 mm,3,STR-Model,Floor,,HCS-BEAM,41.473463,Standard,140 mm
20 mm,8646 mm,8148.76 cm³,2245,2245,25938 mm,3,STR-Model,Structural Column,C3 400x400x7500,HCS-BEAM,64.049232,Standard,140 mm
20 mm,5300 mm,4995.37 cm³,2257,2438,15901 mm,3,STR-Model,Floor,,HCS-BEAM,39.263575,Standard,140 mm
20 mm,12000 mm,7539.82 cm³,624,624,24000 mm,2,STR-Model,Structural Framing,B17L (B400X750L),HCS-BEAM,59.263004,Standard,140 mm
20 mm,12000 mm,7539.82 cm³,624,624,24000 mm,2,STR-Model,Structural Framing,B17LA (B400X850L),HCS-BEAM,59.263004,Standard,140 mm
20 mm,8000 mm,5026.55 cm³,633,633,16000 mm,2,STR-Model,Structural Framing,B17LA (B400X850L),HCS-BEAM,39.508719,Standard,140 mm
20 mm,10000 mm,6283.19 cm³,648,648,20000 mm,2,STR-Model,Structural Framing,B18L (B400X850L),HCS-BEAM,49.385837,Standard,140 mm
20 mm,10000 mm,9424.74 cm³,2301,2301,30000 mm,3,STR-Model,Floor,,HCS-BEAM,74.078486,Standard,140 mm
20 mm,8000 mm,7539.79 cm³,2300,2300,24000 mm,3,STR-Model,Structural Framing,B1 (B400X650),HCS-BEAM,59.262735,Standard,140 mm
20 mm,12000 mm,11309.73 cm³,624,624,36000 mm,3,STR-Model,Structural Framing,B1 (B400X650),HCS-BEAM,88.894506,Standard,140 mm
20 mm,6725 mm,4225.44 cm³,2422,2441,13450 mm,2,STR-Model,Structural Framing,B1 (B400X650),HCS-BEAM,33.211975,Standard,140 mm
20 mm,10000 mm,6283.19 cm³,648,648,20000 mm,2,STR-Model,Structural Framing,B1 (B400X650),HCS-BEAM,49.385837,Standard,140 mm
20 mm,5000 mm,4712.45 cm³,2372,2372,15000 mm,3,STR-Model,Structural Framing,B15L (B400X750L),HCS-BEAM,37.039849,Standard,140 mm
20 mm,4000 mm,3769.97 cm³,2418,2439,12000 mm,3,STR-Model,Structural Framing,B15L (B400X750L),HCS-BEAM,29.631974,Standard,140 mm
20 mm,5300 mm,4995.13 cm³,2385,2385,15900 mm,3,STR-Model,Structural Framing,B14L (B400X750L),HCS-BEAM,39.26174,Standard,140 mm
20 mm,6300 mm,5937.61 cm³,2114,2440,18900 mm,3,STR-Model,Floor,,HCS-BEAM,46.669616,Standard,140 mm
20 mm,8000 mm,5026.55 cm³,633,633,16000 mm,2,STR-Model,Structural Framing,B15L (B400X750L),HCS-BEAM,39.508669,Standard,140 mm
20 mm,2700 mm,11026.69 cm³,310,311,35099 mm,13,STR-Model,Structural Foundation,F10,CT-ISOLATED FOOTING,86.669813,Standard,140 mm
20 mm,2700 mm,11027.51 cm³,311,311,35102 mm,13,STR-Model,Structural Foundation,F10,CT-ISOLATED FOOTING,86.676233,Standard,140 mm
20 mm,2700 mm,11026.69 cm³,310,311,35099 mm,13,STR-Model,Structural Foundation,F10,CT-ISOLATED FOOTING,86.669813,Standard,140 mm
20 mm,2700 mm,11027.51 cm³,311,311,35102 mm,13,STR-Model,Structural Foundation,F10,CT-ISOLATED FOOTING,86.676233,Standard,140 mm
20 mm,2700 mm,11026.69 cm³,310,311,35099 mm,13,STR-Model,Structural Foundation,F10,CT-ISOLATED FOOTING,86.669813,Standard,140 mm
20 mm,2700 mm,11027.51 cm³,311,311,35102 mm,13,STR-Model,Structural Foundation,F10,CT-ISOLATED FOOTING,86.676233,Standard,140 mm
20 mm,4000 mm,2513.39 cm³,391,391,8000 mm,2,STR-Model,Structural Column,PD4 400x900x2900,CT-COLUMN,19.755278,Standard,140 mm
20 mm,4001 mm,17595.24 cm³,365,365,56007 mm,14,STR-Model,Structural Column,PD4 400x900x2900,CT-COLUMN,138.298575,Standard,140 mm
20 mm,4000 mm,2513.39 cm³,391,391,8000 mm,2,STR-Model,Structural Column,PD4 400x900x2900,CT-COLUMN,19.755278,Standard,140 mm
20 mm,4001 mm,17595.24 cm³,365,365,56007 mm,14,STR-Model,Structural Column,PD4 400x900x2900,CT-COLUMN,138.298575,Standard,140 mm
20 mm,4000 mm,2513.39 cm³,391,391,8000 mm,2,STR-Model,Structural Column,PD4 400x900x2900,CT-COLUMN,19.755278,Standard,140 mm
20 mm,4001 mm,17595.24 cm³,365,365,56007 mm,14,STR-Model,Structural Column,PD4 400x900x2900,CT-COLUMN,138.298575,Standard,140 mm
20 mm,1686 mm,529.80 cm³,2554,2593,1686 mm,1,STR-Model,Wall,STW1,CT-WALL,4.16421,Standard,140 mm
20 mm,1507 mm,473.53 cm³,2556,2595,1507 mm,1,STR-Model,Wall,STW1,CT-WALL,3.721944,Standard,140 mm
20 mm,1619 mm,508.54 cm³,413,413,1619 mm,1,STR-Model,Wall,STW1,CT-WALL,3.997115,Standard,140 mm
20 mm,1495 mm,469.58 cm³,2557,2596,1495 mm,1,STR-Model,Wall,STW1,CT-WALL,3.690889,Standard,140 mm
20 mm,1580 mm,496.40 cm³,787,800,1580 mm,1,STR-Model,Wall,STW1,CT-WALL,3.901728,Standard,140 mm
20 mm,1489 mm,467.90 cm³,2566,420,1489 mm,1,STR-Model,Wall,STW1,CT-WALL,3.677704,Standard,140 mm
20 mm,1532 mm,481.25 cm³,2568,2606,1532 mm,1,STR-Model,Wall,STW1,CT-WALL,3.782587,Standard,140 mm
20 mm,1563 mm,491.13 cm³,415,399,1563 mm,1,STR-Model,Wall,STW1,CT-WALL,3.86025,Standard,140 mm
20 mm,1487 mm,467.07 cm³,414,608,1487 mm,1,STR-Model,Wall,STW1,CT-WALL,3.671186,Standard,140 mm
20 mm,4800 mm,13571.10 cm³,598,600,43198 mm,9,STR-Model,Wall,STW1,CT-WALL,106.66884,Standard,140 mm
20 mm,4800 mm,58808.10 cm³,598,600,187192 mm,39,STR-Model,Wall,STW1,CT-WALL,462.231639,Standard,140 mm
20 mm,4800 mm,45237.00 cm³,598,600,143994 mm,30,STR-Model,Wall,STW1,CT-WALL,355.562799,Standard,140 mm
20 mm,1850 mm,581.18 cm³,453,453,1850 mm,1,STR-Model,Wall,STW1,CT-WALL,4.5681,Standard,140 mm
20 mm,4800 mm,18094.80 cm³,598,600,57598 mm,12,STR-Model,Wall,STW1,CT-WALL,142.22512,Standard,140 mm
20 mm,4800 mm,21110.60 cm³,598,600,67197 mm,14,STR-Model,Wall,STW1,CT-WALL,165.929306,Standard,140 mm
20 mm,1546 mm,485.54 cm³,445,445,1546 mm,1,STR-Model,Wall,STW1,CT-WALL,3.816338,Standard,140 mm
20 mm,1486 mm,466.96 cm³,608,612,1486 mm,1,STR-Model,Wall,STW1,CT-WALL,3.67029,Standard,140 mm
20 mm,1549 mm,486.63 cm³,2540,2581,1549 mm,1,STR-Model,Wall,STW1,CT-WALL,3.82492,Standard,140 mm
20 mm,4800 mm,13571.10 cm³,598,600,43198 mm,9,STR-Model,Wall,STW1,CT-WALL,106.66884,Standard,140 mm
20 mm,4800 mm,1507.90 cm³,598,600,4800 mm,1,STR-Model,Wall,STW1,CT-WALL,11.852093,Standard,140 mm
20 mm,4800 mm,25634.30 cm³,598,600,81597 mm,17,STR-Model,Wall,STW1,CT-WALL,201.485586,Standard,140 mm
20 mm,1850 mm,581.21 cm³,453,453,1850 mm,1,STR-Model,Wall,STW1,CT-WALL,4.568347,Standard,140 mm
20 mm,4800 mm,15079.04 cm³,598,600,47998 mm,10,STR-Model,Wall,STW1,CT-WALL,118.521222,Standard,140 mm
20 mm,1509 mm,474.05 cm³,2508,2549,1509 mm,1,STR-Model,Wall,STW1,CT-WALL,3.726006,Standard,140 mm
20 mm,1494 mm,469.41 cm³,2510,2551,1494 mm,1,STR-Model,Wall,STW1,CT-WALL,3.689595,Standard,140 mm
20 mm,1614 mm,507.14 cm³,464,464,1614 mm,1,STR-Model,Wall,STW1,CT-WALL,3.986106,Standard,140 mm
20 mm,4800 mm,9047.40 cm³,598,600,28799 mm,6,STR-Model,Wall,STW1,CT-WALL,71.11256,Standard,140 mm
20 mm,4800 mm,36189.60 cm³,598,600,115195 mm,24,STR-Model,Wall,STW1,CT-WALL,284.450239,Standard,140 mm
20 mm,1850 mm,581.20 cm³,453,453,1850 mm,1,STR-Model,Wall,STW1,CT-WALL,4.568265,Standard,140 mm
20 mm,4800 mm,4523.74 cm³,598,600,14400 mm,3,STR-Model,Wall,STW1,CT-WALL,35.556586,Standard,140 mm
20 mm,1701 mm,534.28 cm³,2503,2544,1701 mm,1,STR-Model,Wall,STW1,CT-WALL,4.199446,Standard,140 mm
20 mm,1510 mm,474.36 cm³,2501,2542,1510 mm,1,STR-Model,Wall,STW1,CT-WALL,3.728454,Standard,140 mm
20 mm,1595 mm,501.14 cm³,2491,2463,1595 mm,1,STR-Model,Wall,STW1,CT-WALL,3.938972,Standard,140 mm
20 mm,1494 mm,469.24 cm³,2490,2531,1494 mm,1,STR-Model,Wall,STW1,CT-WALL,3.688242,Standard,140 mm
20 mm,4800 mm,9047.40 cm³,598,600,28799 mm,6,STR-Model,Wall,STW1,CT-WALL,71.11256,Standard,140 mm
20 mm,4800 mm,6031.60 cm³,598,600,19199 mm,4,STR-Model,Wall,STW1,CT-WALL,47.408373,Standard,140 mm
20 mm,4800 mm,3015.80 cm³,598,600,9600 mm,2,STR-Model,Wall,STW1,CT-WALL,23.704187,Standard,140 mm
20 mm,4800 mm,67855.50 cm³,598,600,215991 mm,45,STR-Model,Wall,STW1,CT-WALL,533.344198,Standard,140 mm
20 mm,4800 mm,67855.50 cm³,598,600,215991 mm,45,STR-Model,Wall,STW1,CT-WALL,533.344198,Standard,140 mm
20 mm,2300 mm,2167.66 cm³,568,567,6900 mm,3,STR-Model,Wall,STW2,CT-WALL,17.037773,Standard,140 mm
20 mm,4500 mm,4241.11 cm³,569,569,13500 mm,3,STR-Model,Wall,STW2,CT-WALL,33.335113,Standard,140 mm
20 mm,2300 mm,12283.38 cm³,568,567,39099 mm,17,STR-Model,Wall,STW2,CT-WALL,96.547381,Standard,140 mm
20 mm,4500 mm,24032.95 cm³,569,569,76499 mm,17,STR-Model,Wall,STW2,CT-WALL,188.898971,Standard,140 mm
20 mm,2300 mm,12283.38 cm³,568,567,39099 mm,17,STR-Model,Wall,STW2,CT-WALL,96.547381,Standard,140 mm
20 mm,4500 mm,24032.95 cm³,569,569,76499 mm,17,STR-Model,Wall,STW2,CT-WALL,188.898971,Standard,140 mm
20 mm,2300 mm,2167.66 cm³,568,567,6900 mm,3,STR-Model,Wall,STW2,CT-WALL,17.037773,Standard,140 mm
20 mm,4500 mm,4241.11 cm³,569,569,13500 mm,3,STR-Model,Wall,STW2,CT-WALL,33.335113,Standard,140 mm
20 mm,2300 mm,12283.38 cm³,568,567,39099 mm,17,STR-Model,Wall,STW2,CT-WALL,96.547381,Standard,140 mm
20 mm,4500 mm,24032.95 cm³,569,569,76499 mm,17,STR-Model,Wall,STW2,CT-WALL,188.898971,Standard,140 mm
20 mm,2300 mm,12283.38 cm³,568,567,39099 mm,17,STR-Model,Wall,STW2,CT-WALL,96.547381,Standard,140 mm
20 mm,4500 mm,24032.95 cm³,569,569,76499 mm,17,STR-Model,Wall,STW2,CT-WALL,188.898971,Standard,140 mm
20 mm,2300 mm,2167.66 cm³,568,567,6900 mm,3,STR-Model,Wall,STW2,CT-WALL,17.037773,Standard,140 mm
20 mm,4500 mm,4241.11 cm³,569,569,13500 mm,3,STR-Model,Wall,STW2,CT-WALL,33.335113,Standard,140 mm
20 mm,2300 mm,12283.38 cm³,568,567,39099 mm,17,STR-Model,Wall,STW2,CT-WALL,96.547381,Standard,140 mm
20 mm,4500 mm,24032.95 cm³,569,569,76499 mm,17,STR-Model,Wall,STW2,CT-WALL,188.898971,Standard,140 mm
20 mm,2300 mm,12283.38 cm³,568,567,39099 mm,17,STR-Model,Wall,STW2,CT-WALL,96.547381,Standard,140 mm
20 mm,4500 mm,24032.95 cm³,569,569,76499 mm,17,STR-Model,Wall,STW2,CT-WALL,188.898971,Standard,140 mm
20 mm,2300 mm,2167.66 cm³,568,567,6900 mm,3,STR-Model,Wall,STW2,CT-WALL,17.037773,Standard,140 mm
20 mm,4500 mm,4241.11 cm³,569,569,13500 mm,3,STR-Model,Wall,STW2,CT-WALL,33.335113,Standard,140 mm
20 mm,2300 mm,12283.38 cm³,568,567,39099 mm,17,STR-Model,Wall,STW2,CT-WALL,96.547381,Standard,140 mm
20 mm,4500 mm,24032.95 cm³,569,569,76499 mm,17,STR-Model,Wall,STW2,CT-WALL,188.898971,Standard,140 mm
20 mm,2300 mm,12283.38 cm³,568,567,39099 mm,17,STR-Model,Wall,STW2,CT-WALL,96.547381,Standard,140 mm
20 mm,4500 mm,24032.95 cm³,569,569,76499 mm,17,STR-Model,Wall,STW2,CT-WALL,188.898971,Standard,140 mm
20 mm,2600 mm,816.82 cm³,595,597,2600 mm,1,STR-Model,Wall,STW1,CT-WALL,6.420216,Standard,140 mm
20 mm,4353 mm,1367.44 cm³,612,590,4353 mm,1,STR-Model,Wall,STW1,CT-WALL,10.748085,Standard,140 mm
20 mm,4429 mm,1391.39 cm³,591,596,4429 mm,1,STR-Model,Wall,STW1,CT-WALL,10.936335,Standard,140 mm
20 mm,2664 mm,837.07 cm³,592,592,2664 mm,1,STR-Model,Wall,STW1,CT-WALL,6.579389,Standard,140 mm
20 mm,2661 mm,835.96 cm³,2543,2583,2661 mm,1,STR-Model,Wall,STW1,CT-WALL,6.57062,Standard,140 mm
20 mm,2602 mm,817.40 cm³,2541,599,2602 mm,1,STR-Model,Wall,STW1,CT-WALL,6.42479,Standard,140 mm
20 mm,2600 mm,816.82 cm³,595,597,2600 mm,1,STR-Model,Wall,STW1,CT-WALL,6.420237,Standard,140 mm
20 mm,2730 mm,857.58 cm³,594,594,2730 mm,1,STR-Model,Wall,STW1,CT-WALL,6.740606,Standard,140 mm
20 mm,2610 mm,819.86 cm³,2504,2545,2610 mm,1,STR-Model,Wall,STW1,CT-WALL,6.444095,Standard,140 mm
20 mm,2624 mm,824.49 cm³,2506,2547,2624 mm,1,STR-Model,Wall,STW1,CT-WALL,6.480506,Standard,140 mm
20 mm,4413 mm,1386.24 cm³,2527,2568,4413 mm,1,STR-Model,Wall,STW1,CT-WALL,10.895814,Standard,140 mm
20 mm,2600 mm,816.81 cm³,595,597,2600 mm,1,STR-Model,Wall,STW1,CT-WALL,6.420157,Standard,140 mm
20 mm,2816 mm,884.73 cm³,2499,2540,2816 mm,1,STR-Model,Wall,STW1,CT-WALL,6.953945,Standard,140 mm
20 mm,2632 mm,826.73 cm³,2494,2534,2632 mm,1,STR-Model,Wall,STW1,CT-WALL,6.498104,Standard,140 mm
20 mm,2732 mm,858.24 cm³,2497,2538,2732 mm,1,STR-Model,Wall,STW1,CT-WALL,6.745766,Standard,140 mm
20 mm,2609 mm,819.69 cm³,2496,2536,2609 mm,1,STR-Model,Wall,STW1,CT-WALL,6.442742,Standard,140 mm
20 mm,4443 mm,1395.73 cm³,2522,2563,4443 mm,1,STR-Model,Wall,STW1,CT-WALL,10.970443,Standard,140 mm
20 mm,4335 mm,1361.82 cm³,2519,2560,4335 mm,1,STR-Model,Wall,STW1,CT-WALL,10.703893,Standard,140 mm
20 mm,2639 mm,828.96 cm³,2560,2599,2639 mm,1,STR-Model,Wall,STW1,CT-WALL,6.515596,Standard,140 mm
20 mm,4800 mm,57300.20 cm³,598,600,182392 mm,38,STR-Model,Wall,STW1,CT-WALL,450.379545,Standard,140 mm
20 mm,2605 mm,818.28 cm³,2562,2601,2605 mm,1,STR-Model,Wall,STW1,CT-WALL,6.431651,Standard,140 mm
20 mm,2696 mm,847.04 cm³,789,797,2696 mm,1,STR-Model,Wall,STW1,CT-WALL,6.657711,Standard,140 mm
20 mm,2648 mm,831.83 cm³,602,602,2648 mm,1,STR-Model,Wall,STW1,CT-WALL,6.538167,Standard,140 mm
20 mm,2681 mm,842.29 cm³,2570,2608,2681 mm,1,STR-Model,Wall,STW1,CT-WALL,6.620361,Standard,140 mm
20 mm,2603 mm,817.74 cm³,601,601,2603 mm,1,STR-Model,Wall,STW1,CT-WALL,6.427465,Standard,140 mm
20 mm,2735 mm,859.15 cm³,2552,2591,2735 mm,1,STR-Model,Wall,STW1,CT-WALL,6.752906,Standard,140 mm
20 mm,2800 mm,879.65 cm³,603,603,2800 mm,1,STR-Model,Wall,STW1,CT-WALL,6.914058,Standard,140 mm
20 mm,2623 mm,824.14 cm³,2549,2588,2623 mm,1,STR-Model,Wall,STW1,CT-WALL,6.477769,Standard,140 mm
20 mm,2611 mm,820.22 cm³,2550,2589,2611 mm,1,STR-Model,Wall,STW1,CT-WALL,6.446911,Standard,140 mm
20 mm,1523 mm,478.34 cm³,2565,2604,1523 mm,1,STR-Model,Wall,STW1,CT-WALL,3.759771,Standard,140 mm
20 mm,2500 mm,10995.57 cm³,639,639,35000 mm,14,STR-Model,Floor,CT - FLOOR,ADDITIONAL Top X,86.425214,Standard,140 mm
20 mm,2500 mm,10995.57 cm³,639,639,35000 mm,14,STR-Model,Floor,CT - FLOOR,ADDITIONAL Top X,86.425214,Standard,140 mm
20 mm,2500 mm,10995.57 cm³,639,639,35000 mm,14,STR-Model,Floor,CT - FLOOR,ADDITIONAL Top X,86.425214,Standard,140 mm
20 mm,2500 mm,10995.57 cm³,639,639,35000 mm,14,STR-Model,Floor,CT - FLOOR,ADDITIONAL Top X,86.425214,Standard,140 mm
20 mm,2500 mm,10995.57 cm³,639,639,35000 mm,14,STR-Model,Floor,CT - FLOOR,ADDITIONAL Top X,86.425214,Standard,140 mm
20 mm,1500 mm,6597.34 cm³,640,640,21000 mm,14,STR-Model,Floor,CT - FLOOR,ADDITIONAL Top X,51.855128,Standard,140 mm
20 mm,1500 mm,6597.34 cm³,640,640,21000 mm,14,STR-Model,Floor,CT - FLOOR,ADDITIONAL Top X,51.855128,Standard,140 mm
20 mm,1500 mm,6597.34 cm³,640,640,21000 mm,14,STR-Model,Floor,CT - FLOOR,ADDITIONAL Top X,51.855128,Standard,140 mm
20 mm,2500 mm,10995.57 cm³,639,639,35000 mm,14,STR-Model,Floor,CT - FLOOR,ADDITIONAL Top X,86.425214,Standard,140 mm
20 mm,2500 mm,10995.57 cm³,639,639,35000 mm,14,STR-Model,Floor,CT - FLOOR,ADDITIONAL Top X,86.425214,Standard,140 mm
20 mm,2500 mm,10995.57 cm³,639,639,35000 mm,14,STR-Model,Floor,CT - FLOOR,ADDITIONAL Top X,86.425214,Standard,140 mm
20 mm,2500 mm,10995.57 cm³,639,639,35000 mm,14,STR-Model,Floor,CT - FLOOR,ADDITIONAL Top X,86.425214,Standard,140 mm
20 mm,2500 mm,10995.57 cm³,639,639,35000 mm,14,STR-Model,Floor,CT - FLOOR,ADDITIONAL Top X,86.425214,Standard,140 mm
20 mm,2500 mm,7068.58 cm³,639,639,22500 mm,9,STR-Model,Floor,CT - FLOOR,ADDITIONAL Top X,55.559066,Standard,140 mm
20 mm,2500 mm,7068.58 cm³,639,639,22500 mm,9,STR-Model,Floor,CT - FLOOR,ADDITIONAL Top X,55.559066,Standard,140 mm
20 mm,5700 mm,25071.23 cm³,771,771,79804 mm,14,STR-Model,Structural Column,PD4 400x900x4400,CT-COLUMN,197.0599,Standard,140 mm
20 mm,5700 mm,3581.60 cm³,772,772,11401 mm,2,STR-Model,Structural Column,PD4 400x900x4400,CT-COLUMN,28.151414,Standard,140 mm
20 mm,5700 mm,25071.23 cm³,771,771,79804 mm,14,STR-Model,Structural Column,PD4 400x900x4400,CT-COLUMN,197.0599,Standard,140 mm
20 mm,5700 mm,3581.60 cm³,772,772,11401 mm,2,STR-Model,Structural Column,PD4 400x900x4400,CT-COLUMN,28.151414,Standard,140 mm
20 mm,12000 mm,452389.34 cm³,624,624,1440000 mm,120,STR-Model,Floor,,ROOF ADD.-MESH BOTTOM Y,3555.780229,Standard,140 mm
20 mm,12000 mm,452389.34 cm³,624,624,1440000 mm,120,STR-Model,Floor,,ROOF ADD.-MESH BOTTOM Y,3555.780229,Standard,140 mm
20 mm,10000 mm,6283.19 cm³,648,648,20000 mm,2,STR-Model,Structural Framing,B18L (B400X850L),HCS-BEAM,49.385837,Standard,140 mm
20 mm,1500 mm,1413.72 cm³,640,640,4500 mm,3,STR-Model,Wall,STW2,CT-WALL,11.111813,Standard,140 mm
20 mm,1500 mm,1413.72 cm³,640,640,4500 mm,3,STR-Model,Wall,STW2,CT-WALL,11.111813,Standard,140 mm
20 mm,1500 mm,8011.06 cm³,640,640,25500 mm,17,STR-Model,Wall,STW2,CT-WALL,62.966942,Standard,140 mm
20 mm,1500 mm,8011.06 cm³,640,640,25500 mm,17,STR-Model,Wall,STW2,CT-WALL,62.966942,Standard,140 mm
20 mm,1500 mm,8011.06 cm³,640,640,25500 mm,17,STR-Model,Wall,STW2,CT-WALL,62.966942,Standard,140 mm
20 mm,1500 mm,8011.06 cm³,640,640,25500 mm,17,STR-Model,Wall,STW2,CT-WALL,62.966942,Standard,140 mm
20 mm,4141 mm,19514.01 cm³,2951,3004,62115 mm,15,STR-OUTER STRUCTURES,Structural Foundation,,OS-Tr,153.380085,Standard,140 mm
20 mm,4141 mm,19514.01 cm³,2951,3004,62115 mm,15,STR-OUTER STRUCTURES,Structural Foundation,,OS-Tr,153.380085,Standard,140 mm
20 mm,4141 mm,19514.01 cm³,2951,3004,62115 mm,15,STR-OUTER STRUCTURES,Structural Foundation,,OS-Tr,153.380085,Standard,140 mm
20 mm,4141 mm,19514.01 cm³,2951,3004,62115 mm,15,STR-OUTER STRUCTURES,Structural Foundation,,OS-Tr,153.380085,Standard,140 mm
20 mm,3501 mm,19799.54 cm³,2952,3005,63024 mm,18,STR-OUTER STRUCTURES,Structural Foundation,,OS-Tr,155.624385,Standard,140 mm
20 mm,3501 mm,19799.54 cm³,2952,3005,63024 mm,18,STR-OUTER STRUCTURES,Structural Foundation,,OS-Tr,155.624385,Standard,140 mm
20 mm,3501 mm,19799.54 cm³,2952,3005,63024 mm,18,STR-OUTER STRUCTURES,Structural Foundation,,OS-Tr,155.624385,Standard,140 mm
20 mm,3501 mm,19799.54 cm³,2952,3005,63024 mm,18,STR-OUTER STRUCTURES,Structural Foundation,,OS-Tr,155.624385,Standard,140 mm
20 mm,4141 mm,16912.14 cm³,2951,3004,53833 mm,13,STR-OUTER STRUCTURES,Structural Foundation,,OS-Tr,132.929406,Standard,140 mm
20 mm,4141 mm,16912.14 cm³,2951,3004,53833 mm,13,STR-OUTER STRUCTURES,Structural Foundation,,OS-Tr,132.929406,Standard,140 mm
20 mm,3501 mm,8799.80 cm³,2952,3005,28011 mm,8,STR-OUTER STRUCTURES,Structural Foundation,,OS-Tr,69.166393,Standard,140 mm
20 mm,3501 mm,8799.80 cm³,2952,3005,28011 mm,8,STR-OUTER STRUCTURES,Structural Foundation,,OS-Tr,69.166393,Standard,140 mm
20 mm,1500 mm,1413.72 cm³,640,640,4500 mm,3,STR-Model,Wall,STW2,CT-WALL,11.111813,Standard,140 mm
20 mm,1500 mm,1413.72 cm³,640,640,4500 mm,3,STR-Model,Wall,STW2,CT-WALL,11.111813,Standard,140 mm
20 mm,1500 mm,8011.06 cm³,640,640,25500 mm,17,STR-Model,Wall,STW2,CT-WALL,62.966942,Standard,140 mm
20 mm,1500 mm,8011.06 cm³,640,640,25500 mm,17,STR-Model,Wall,STW2,CT-WALL,62.966942,Standard,140 mm
20 mm,1500 mm,8011.06 cm³,640,640,25500 mm,17,STR-Model,Wall,STW2,CT-WALL,62.966942,Standard,140 mm
20 mm,1500 mm,8011.06 cm³,640,640,25500 mm,17,STR-Model,Wall,STW2,CT-WALL,62.966942,Standard,140 mm
20 mm,4000 mm,15079.64 cm³,238,253,48000 mm,12,STR-Model,Structural Column,C4 500x500x10500,Column,118.525968,Standard,140 mm
20 mm,9190 mm,11548.45 cm³,278,292,36760 mm,4,STR-Model,Structural Column,C4 500x500x10500,Column,90.770798,Standard,140 mm
20 mm,9150 mm,22996.46 cm³,279,279,73200 mm,8,STR-Model,Structural Column,C4 500x500x10500,Column,180.752139,Standard,140 mm
20 mm,3541 mm,20023.89 cm³,3034,3078,63738 mm,18,STR-OUTER STRUCTURES,Structural Foundation,,OS-Tr,157.38775,Standard,140 mm
20 mm,3541 mm,20023.89 cm³,3034,3078,63738 mm,18,STR-OUTER STRUCTURES,Structural Foundation,,OS-Tr,157.38775,Standard,140 mm
20 mm,4141 mm,19515.55 cm³,3036,3004,62120 mm,15,STR-OUTER STRUCTURES,Structural Foundation,,OS-Tr,153.392189,Standard,140 mm
20 mm,4141 mm,19515.55 cm³,3036,3004,62120 mm,15,STR-OUTER STRUCTURES,Structural Foundation,,OS-Tr,153.392189,Standard,140 mm
20 mm,3501 mm,8799.80 cm³,2952,3005,28011 mm,8,STR-Model,Structural Foundation,,OS-Tr,69.166393,Standard,140 mm
20 mm,3501 mm,8799.80 cm³,2952,3005,28011 mm,8,STR-Model,Structural Foundation,,OS-Tr,69.166393,Standard,140 mm
20 mm,3001 mm,2828.61 cm³,3326,3300,9004 mm,3,STR-Model,Structural Foundation,,OS-Tr,22.232903,Standard,140 mm
20 mm,3001 mm,2828.61 cm³,3326,3300,9004 mm,3,STR-Model,Structural Foundation,,OS-Tr,22.232903,Standard,140 mm
20 mm,2141 mm,2017.86 cm³,3334,3302,6423 mm,3,STR-Model,Structural Foundation,,OS-Tr,15.86036,Standard,140 mm
20 mm,2141 mm,2018.14 cm³,3333,3301,6424 mm,3,STR-Model,Structural Foundation,,OS-Tr,15.862592,Standard,140 mm
20 mm,2176 mm,2051.26 cm³,3327,3301,6529 mm,3,STR-Model,Structural Foundation,,OS-Tr,16.122866,Standard,140 mm
20 mm,2176 mm,2050.96 cm³,3328,3302,6528 mm,3,STR-Model,Structural Foundation,,OS-Tr,16.120517,Standard,140 mm
20 mm,1707 mm,2144.58 cm³,3391,3328,6826 mm,4,STR-Model,Structural Column,PD0 300x300x1070,CT-STAIR FOUNDATION,16.856427,Standard,140 mm
20 mm,1707 mm,2144.58 cm³,3391,3328,6826 mm,4,STR-Model,Structural Column,PD0 300x300x1070,CT-STAIR FOUNDATION,16.856427,Standard,140 mm
20 mm,1707 mm,2144.58 cm³,3391,3328,6826 mm,4,STR-Model,Structural Column,PD0 300x300x1070,CT-STAIR FOUNDATION,16.856427,Standard,140 mm
20 mm,1707 mm,2144.58 cm³,3391,3328,6826 mm,4,STR-Model,Structural Column,PD0 300x300x1070,CT-STAIR FOUNDATION,16.856427,Standard,140 mm
20 mm,1707 mm,2144.58 cm³,3391,3328,6826 mm,4,STR-Model,Structural Column,PD0 300x300x1070,CT-STAIR FOUNDATION,16.856427,Standard,140 mm
20 mm,1707 mm,2144.58 cm³,3391,3328,6826 mm,4,STR-Model,Structural Column,PD0 300x300x1070,CT-STAIR FOUNDATION,16.856427,Standard,140 mm
20 mm,1707 mm,2144.58 cm³,3391,3328,6826 mm,4,STR-Model,Structural Column,PD0 300x300x1070,CT-STAIR FOUNDATION,16.856427,Standard,140 mm
20 mm,1707 mm,2144.58 cm³,3391,3328,6826 mm,4,STR-Model,Structural Column,PD0 300x300x1070,CT-STAIR FOUNDATION,16.856427,Standard,140 mm
20 mm,1707 mm,2144.58 cm³,3391,3328,6826 mm,4,STR-Model,Structural Column,PD0 300x300x1070,CT-STAIR FOUNDATION,16.856427,Standard,140 mm
20 mm,1707 mm,2144.58 cm³,3391,3328,6826 mm,4,STR-Model,Structural Column,PD0 300x300x1070,CT-STAIR FOUNDATION,16.856427,Standard,140 mm
20 mm,1707 mm,2144.58 cm³,3391,3328,6826 mm,4,STR-Model,Structural Column,PD0 300x300x1070,CT-STAIR FOUNDATION,16.856427,Standard,140 mm
20 mm,1707 mm,2144.58 cm³,3391,3328,6826 mm,4,STR-Model,Structural Column,PD0 300x300x1070,CT-STAIR FOUNDATION,16.856427,Standard,140 mm
20 mm,5000 mm,12566.34 cm³,265,,40000 mm,8,STR-Model,Structural Column,,Column,98.771435,Standard,140 mm
20 mm,5000 mm,12566.34 cm³,265,NA,40000 mm,8,STR-Model,Structural Column,,Column,98.771435,Standard,140 mm
20 mm,2333 mm,1465.58 cm³,3490,3422,4665 mm,2,STR-OUTER STRUCTURES,Structural Column,,OS-CABLEBUS FOUNDATION,11.519423,Standard,140 mm
20 mm,2349 mm,7378.14 cm³,3492,3419,23485 mm,10,STR-Model,Structural Column,,OS-CABLEBUS FOUNDATION,57.9922,Standard,140 mm
20 mm,2000 mm,8796.42 cm³,3027,3433,28000 mm,14,STR-OUTER STRUCTURES,Structural Column,PC2 550X1300X1050,OS-CABLEBUS FOUNDATION,69.139864,Standard,140 mm
20 mm,2000 mm,5026.53 cm³,3029,3434,16000 mm,8,STR-OUTER STRUCTURES,Structural Column,PC2 550X1300X1050,OS-CABLEBUS FOUNDATION,39.508494,Standard,140 mm
20 mm,2000 mm,8796.42 cm³,3027,3433,28000 mm,14,STR-OUTER STRUCTURES,Structural Column,PC2 550X1300X1050,OS-CABLEBUS FOUNDATION,69.139864,Standard,140 mm
20 mm,2000 mm,5026.53 cm³,3029,3434,16000 mm,8,STR-OUTER STRUCTURES,Structural Column,PC2 550X1300X1050,OS-CABLEBUS FOUNDATION,39.508494,Standard,140 mm
25 mm,6500 mm,95719.80 cm³,1,1,194999 mm,30,STR-Model,Structural Foundation,F3,Footing,752.357638,Standard,175 mm
25 mm,6500 mm,95719.80 cm³,1,1,194999 mm,30,STR-Model,Structural Foundation,F3,Footing,752.357638,Standard,175 mm
25 mm,3500 mm,41233.28 cm³,17,17,84000 mm,24,STR-Model,Structural Foundation,F3,Footing,324.093585,Standard,175 mm
25 mm,6500 mm,95719.80 cm³,1,1,194999 mm,30,STR-Model,Structural Foundation,F3,Footing,752.357638,Standard,175 mm
25 mm,6700 mm,101953.88 cm³,28,25,207699 mm,31,STR-Model,Structural Foundation,F3A,Footing,801.357491,Standard,175 mm
25 mm,6700 mm,98665.04 cm³,28,25,200999 mm,30,STR-Model,Structural Foundation,F3A,Footing,775.507249,Standard,175 mm
25 mm,3500 mm,41233.77 cm³,31,28,84001 mm,24,STR-Model,Structural Foundation,F3A,Footing,324.097422,Standard,175 mm
25 mm,6500 mm,95719.80 cm³,1,1,194999 mm,30,STR-Model,Structural Foundation,F3,Footing,752.357638,Standard,175 mm
25 mm,3500 mm,34361.95 cm³,74,67,70002 mm,20,STR-Model,Structural Foundation,F3,Footing,270.084938,Standard,175 mm
25 mm,5500 mm,75596.76 cm³,77,69,154004 mm,28,STR-Model,Structural Foundation,F1,Footing,594.190551,Standard,175 mm
25 mm,6000 mm,73630.61 cm³,79,71,149999 mm,25,STR-Model,Structural Foundation,F1,Footing,578.736625,Standard,175 mm
25 mm,3500 mm,41233.88 cm³,83,74,84001 mm,24,STR-Model,Structural Foundation,F1,Footing,324.098302,Standard,175 mm
25 mm,6500 mm,95719.80 cm³,1,1,194999 mm,30,STR-Model,Structural Foundation,F2,Footing,752.357638,Standard,175 mm
25 mm,6500 mm,95719.80 cm³,1,1,194999 mm,30,STR-Model,Structural Foundation,F2,Footing,752.357638,Standard,175 mm
25 mm,3500 mm,72157.78 cm³,108,97,146999 mm,42,STR-Model,Wall,W2,Footing,567.160128,Standard,175 mm
25 mm,3700 mm,30875.63 cm³,146,146,62899 mm,17,STR-Model,Structural Foundation,F7,Footing,242.682415,Standard,175 mm
25 mm,3600 mm,30041.14 cm³,147,147,61199 mm,17,STR-Model,Structural Foundation,F7,Footing,236.123359,Standard,175 mm
25 mm,4000 mm,11781.44 cm³,160,160,24001 mm,6,STR-Model,Structural Foundation,F5,Footing,92.60213,Standard,175 mm
25 mm,7000 mm,99646.81 cm³,163,163,202999 mm,29,STR-Model,Structural Foundation,F5,Footing,783.223943,Standard,175 mm
25 mm,6000 mm,73630.58 cm³,167,167,149999 mm,25,STR-Model,Structural Foundation,F5,Footing,578.736343,Standard,175 mm
25 mm,8900 mm,69900.21 cm³,169,169,142400 mm,16,STR-Model,Structural Foundation,F5,Footing,549.415653,Standard,175 mm
25 mm,6400 mm,56548.54 cm³,170,210,115200 mm,18,STR-Model,Structural Foundation,F5,Footing,444.471502,Standard,175 mm
25 mm,6500 mm,44669.24 cm³,1,1,90999 mm,14,STR-Model,Structural Foundation,F5,Footing,351.100231,Standard,175 mm
25 mm,5500 mm,24298.08 cm³,175,175,49500 mm,9,STR-Model,Structural Foundation,F5,Footing,190.982875,Standard,175 mm
25 mm,3500 mm,41233.88 cm³,83,74,84001 mm,24,STR-Model,Structural Foundation,F5,Footing,324.098302,Standard,175 mm
25 mm,7600 mm,7461.33 cm³,198,215,15200 mm,2,STR-Model,Structural Foundation,F5,Footing,58.646053,Standard,175 mm
25 mm,8000 mm,94252.82 cm³,204,204,192010 mm,24,STR-Model,Structural Column,C1 900x900x10500,Column,740.827164,Standard,175 mm
25 mm,6000 mm,70684.65 cm³,205,205,143998 mm,24,STR-Model,Structural Column,C1 900x900x10500,Column,555.581327,Standard,175 mm
25 mm,6000 mm,123700.08 cm³,309,309,252000 mm,42,STR-Model,Wall,W2,Wall,972.282647,Standard,175 mm
25 mm,7541 mm,155477.34 cm³,313,323,316736 mm,42,STR-Model,Wall,W2,Wall,1222.051874,Standard,175 mm
25 mm,11951 mm,29332.36 cm³,1738,2430,59755 mm,5,STR-Model,Structural Framing,B24,Beam,230.552369,Standard,175 mm
25 mm,11501 mm,28226.90 cm³,1758,1611,57503 mm,5,STR-Model,Structural Framing,B24,Beam,221.863468,Standard,175 mm
25 mm,4000 mm,9817.48 cm³,1727,1583,20000 mm,5,STR-Model,Structural Framing,B24,Beam,77.16537,Standard,175 mm
25 mm,11501 mm,28226.90 cm³,1758,1611,57503 mm,5,STR-Model,Structural Column,C1 900x900x10500,Beam,221.86346,Standard,175 mm
25 mm,11950 mm,29329.91 cm³,2411,2431,59750 mm,5,STR-Model,Structural Framing,B24,Beam,230.533078,Standard,175 mm
25 mm,12000 mm,29452.63 cm³,1757,1738,60000 mm,5,STR-Model,Structural Framing,B23,Beam,231.497645,Standard,175 mm
25 mm,12000 mm,29452.63 cm³,1746,1746,60000 mm,5,STR-Model,Structural Framing,B23,Beam,231.497645,Standard,175 mm
25 mm,8100 mm,19880.39 cm³,1761,1614,40500 mm,5,STR-Model,Structural Framing,B24,Beam,156.259873,Standard,175 mm
25 mm,8000 mm,19634.95 cm³,1754,1608,40000 mm,5,STR-Model,Structural Framing,B23,Beam,154.330739,Standard,175 mm
25 mm,12000 mm,29452.43 cm³,1740,1615,60000 mm,5,STR-Model,Structural Framing,B23,Beam,231.496109,Standard,175 mm
25 mm,6500 mm,15953.40 cm³,1760,1760,32500 mm,5,STR-Model,Structural Framing,B24,Beam,125.393726,Standard,175 mm
25 mm,3000 mm,7363.11 cm³,1759,1612,15000 mm,5,STR-Model,Structural Framing,B23,Beam,57.874027,Standard,175 mm
25 mm,8000 mm,121736.72 cm³,1754,1608,248000 mm,31,STR-Model,Floor,,ROOF ADD.-MESH TOP Y,956.850582,Standard,175 mm
25 mm,8000 mm,82466.81 cm³,1754,1608,168000 mm,21,STR-Model,Floor,,ROOF ADD.-MESH TOP Y,648.189104,Standard,175 mm
25 mm,8000 mm,86393.80 cm³,1754,1608,176000 mm,22,STR-Model,Floor,,ROOF ADD.-MESH TOP Y,679.055252,Standard,175 mm
25 mm,8000 mm,109955.74 cm³,1754,1608,224000 mm,28,STR-Model,Floor,,ROOF ADD.-MESH TOP X,864.252139,Standard,175 mm
25 mm,8000 mm,109955.74 cm³,1754,1608,224000 mm,28,STR-Model,Floor,,ROOF ADD.-MESH TOP X,864.252139,Standard,175 mm
25 mm,8000 mm,121736.72 cm³,1754,1608,248000 mm,31,STR-Model,Floor,,ROOF ADD.-MESH TOP X,956.850582,Standard,175 mm
25 mm,8000 mm,121736.72 cm³,1754,1608,248000 mm,31,STR-Model,Floor,,ROOF ADD.-MESH TOP Y,956.850582,Standard,175 mm
25 mm,8000 mm,121736.72 cm³,1754,1608,248000 mm,31,STR-Model,Floor,,ROOF ADD.-MESH TOP X,956.850582,Standard,175 mm
25 mm,8000 mm,23561.97 cm³,2046,2046,48000 mm,6,STR-Model,Structural Column,C2 700x700x10500,Column,185.197081,Standard,175 mm
25 mm,8000 mm,54977.60 cm³,2047,3210,111999 mm,14,STR-Model,Structural Column,C2 700x700x10500,Column,432.123918,Standard,175 mm
25 mm,6000 mm,58905.03 cm³,2048,229,120000 mm,20,STR-Model,Structural Column,C2 700x700x10500,Column,462.993513,Standard,175 mm
25 mm,11450 mm,16861.63 cm³,2122,2122,34350 mm,3,STR-Model,Structural Framing,B3 (B400X750),HCS-BEAM,132.532444,Standard,175 mm
25 mm,7402 mm,10900.46 cm³,2130,1981,22206 mm,3,STR-Model,Structural Framing,B4L (B400X750L),HCS-BEAM,85.677632,Standard,175 mm
25 mm,7200 mm,10602.98 cm³,2156,2002,21600 mm,3,STR-Model,Structural Framing,B14TA (B400X750T),HCS-BEAM,83.339459,Standard,175 mm
25 mm,10835 mm,15955.97 cm³,2134,2134,32505 mm,3,STR-Model,Structural Framing,B4L (B400X750L),HCS-BEAM,125.413939,Standard,175 mm
25 mm,8000 mm,11781.09 cm³,2133,1979,24000 mm,3,STR-Model,Structural Framing,B3 (B400X750),HCS-BEAM,92.599365,Standard,175 mm
25 mm,5550 mm,8173.05 cm³,2153,2010,16650 mm,3,STR-Model,Structural Framing,B15TA (B400X750T),HCS-BEAM,64.24017,Standard,175 mm
25 mm,7200 mm,10602.99 cm³,2156,2002,21600 mm,3,STR-Model,Structural Framing,B14TA (B400X750T),HCS-BEAM,83.339521,Standard,175 mm
25 mm,5550 mm,8172.99 cm³,2153,2010,16650 mm,3,STR-Model,Structural Framing,B15TA (B400X750T),HCS-BEAM,64.239696,Standard,175 mm
25 mm,6000 mm,8835.73 cm³,2231,2231,18000 mm,3,STR-Model,Structural Framing,B19L (B500X850L),HCS-BEAM,69.448833,Standard,175 mm
25 mm,5000 mm,7363.11 cm³,2170,2014,15000 mm,3,STR-Model,Structural Framing,B19L (B500X850L),HCS-BEAM,57.874027,Standard,175 mm
25 mm,7000 mm,13744.47 cm³,2162,2007,28000 mm,4,STR-Model,Structural Framing,B19L (B500X850L),HCS-BEAM,108.031517,Standard,175 mm
25 mm,7000 mm,13744.47 cm³,2162,2007,28000 mm,4,STR-Model,Structural Framing,B19L (B500X850L),HCS-BEAM,108.031517,Standard,175 mm
25 mm,8000 mm,15707.96 cm³,1754,1608,32000 mm,4,STR-Model,Structural Framing,B20L (B500X850L),HCS-BEAM,123.464591,Standard,175 mm
25 mm,10000 mm,19635.61 cm³,2421,2166,40001 mm,4,STR-Model,Structural Framing,B20L (B500X850L),HCS-BEAM,154.335932,Standard,175 mm
25 mm,8000 mm,15707.96 cm³,1754,1608,32000 mm,4,STR-Model,Structural Framing,B21L (B500X850L),HCS-BEAM,123.464591,Standard,175 mm
25 mm,4981 mm,7334.90 cm³,2169,2189,14943 mm,3,STR-Model,Structural Framing,B21L (B500X850L),HCS-BEAM,57.652308,Standard,175 mm
25 mm,10022 mm,14758.44 cm³,2360,2360,30066 mm,3,STR-Model,Structural Framing,B21L (B500X850L),HCS-BEAM,116.001307,Standard,175 mm
25 mm,5000 mm,4908.74 cm³,2170,2014,10000 mm,2,STR-Model,Structural Framing,B19L (B500X850L),HCS-BEAM,38.582685,Standard,175 mm
25 mm,5000 mm,4908.74 cm³,2170,2014,10000 mm,2,STR-Model,Structural Framing,B21L (B500X850L),HCS-BEAM,38.582685,Standard,175 mm
25 mm,10000 mm,9817.48 cm³,2166,2166,20000 mm,2,STR-Model,Structural Framing,B21L (B500X850L),HCS-BEAM,77.16537,Standard,175 mm
25 mm,9600 mm,4712.60 cm³,2315,2315,9600 mm,1,STR-Model,Structural Framing,B19L (B500X850L),HCS-BEAM,37.041032,Standard,175 mm
25 mm,10280 mm,10092.66 cm³,2174,2452,20561 mm,2,STR-Model,Structural Framing,B21L (B500X850L),HCS-BEAM,79.328326,Standard,175 mm
25 mm,5000 mm,4908.74 cm³,2170,2014,10000 mm,2,STR-Model,Structural Framing,B21L (B500X850L),HCS-BEAM,38.582685,Standard,175 mm
25 mm,5451 mm,2675.90 cm³,2157,2074,5451 mm,1,STR-Model,Structural Framing,B19L (B500X850L),HCS-BEAM,21.03257,Standard,175 mm
25 mm,4201 mm,2062.10 cm³,2286,2286,4201 mm,1,STR-Model,Structural Framing,B19L (B500X850L),HCS-BEAM,16.208143,Standard,175 mm
25 mm,10000 mm,14726.15 cm³,2166,2166,30000 mm,3,STR-Model,Floor,,HCS-BEAM,115.74756,Standard,175 mm
25 mm,9000 mm,13253.61 cm³,2243,2243,27000 mm,3,STR-Model,Structural Framing,B17LA (B400X850L),HCS-BEAM,104.173372,Standard,175 mm
25 mm,4000 mm,5890.49 cm³,1727,1727,12000 mm,3,STR-Model,Floor,,HCS-BEAM,46.299222,Standard,175 mm
25 mm,4000 mm,5890.49 cm³,1727,1727,12000 mm,3,STR-Model,Floor,,HCS-BEAM,46.299222,Standard,175 mm
25 mm,4000 mm,5890.49 cm³,1727,1727,12000 mm,3,STR-Model,Floor,,HCS-BEAM,46.299222,Standard,175 mm
25 mm,4000 mm,5890.49 cm³,1727,1727,12000 mm,3,STR-Model,Floor,,HCS-BEAM,46.299222,Standard,175 mm
25 mm,4000 mm,5890.49 cm³,1727,1727,12000 mm,3,STR-Model,Floor,,HCS-BEAM,46.299222,Standard,175 mm
25 mm,4000 mm,5890.49 cm³,1727,1727,12000 mm,3,STR-Model,Structural Framing,B18L (B400X850L),HCS-BEAM,46.299222,Standard,175 mm
25 mm,10000 mm,14726.22 cm³,2166,2166,30000 mm,3,STR-Model,Structural Framing,B17L (B400X750L),HCS-BEAM,115.748054,Standard,175 mm
25 mm,12000 mm,17671.46 cm³,1740,1740,36000 mm,3,STR-Model,Structural Framing,B17LA (B400X850L),HCS-BEAM,138.897665,Standard,175 mm
25 mm,8500 mm,12517.30 cm³,2292,2292,25500 mm,3,STR-Model,Structural Framing,B17LA (B400X850L),HCS-BEAM,98.386012,Standard,175 mm
25 mm,8000 mm,11780.94 cm³,1754,1608,24000 mm,3,STR-Model,Structural Framing,B18L (B400X850L),HCS-BEAM,92.598225,Standard,175 mm
25 mm,9000 mm,13253.59 cm³,2290,2290,27000 mm,3,STR-Model,Structural Framing,B18L (B400X850L),HCS-BEAM,104.173249,Standard,175 mm
25 mm,5000 mm,7363.08 cm³,2298,2298,15000 mm,3,STR-Model,Floor,,HCS-BEAM,57.873791,Standard,175 mm
25 mm,12000 mm,17671.43 cm³,2302,2302,36000 mm,3,STR-Model,Structural Framing,B21L (B500X850L),HCS-BEAM,138.897429,Standard,175 mm
25 mm,5000 mm,7363.11 cm³,2170,2014,15000 mm,3,STR-Model,Structural Framing,B1 (B400X650),HCS-BEAM,57.874027,Standard,175 mm
25 mm,5000 mm,7363.08 cm³,2298,2298,15000 mm,3,STR-Model,Structural Framing,B2L (B400X750L),HCS-BEAM,57.873791,Standard,175 mm
25 mm,10000 mm,4908.74 cm³,2166,2166,10000 mm,1,STR-Model,Structural Framing,B19L (B500X850L),HCS-BEAM,38.582685,Standard,175 mm
25 mm,6869 mm,3371.84 cm³,2433,2450,6869 mm,1,STR-Model,Structural Framing,B21L (B500X850L),HCS-BEAM,26.502662,Standard,175 mm
25 mm,11809 mm,5796.51 cm³,2432,2449,11809 mm,1,STR-Model,Structural Framing,B21L (B500X850L),HCS-BEAM,45.560577,Standard,175 mm
25 mm,5000 mm,9817.53 cm³,423,2678,20000 mm,4,STR-Model,Structural Column,PD5 550x800x2900,CT-COLUMN,77.165766,Standard,175 mm
25 mm,5000 mm,9817.53 cm³,423,3279,20000 mm,4,STR-Model,Structural Column,PD5 550x800x2900,CT-COLUMN,77.165766,Standard,175 mm
25 mm,5000 mm,9817.53 cm³,423,2678,20000 mm,4,STR-Model,Structural Column,PD5 550x800x2900,CT-COLUMN,77.165766,Standard,175 mm
25 mm,5000 mm,9817.53 cm³,423,3279,20000 mm,4,STR-Model,Structural Column,PD5 550x800x2900,CT-COLUMN,77.165766,Standard,175 mm
25 mm,5000 mm,24543.91 cm³,424,3280,50000 mm,10,STR-Model,Structural Column,PD5 550x800x2900,CT-COLUMN,192.915163,Standard,175 mm
25 mm,5000 mm,24543.91 cm³,424,3280,50000 mm,10,STR-Model,Structural Column,PD5 550x800x2900,CT-COLUMN,192.915163,Standard,175 mm
25 mm,5000 mm,24543.91 cm³,424,3280,50000 mm,10,STR-Model,Structural Column,PD5 550x800x2900,CT-COLUMN,192.915163,Standard,175 mm
25 mm,5000 mm,24543.91 cm³,424,3280,50000 mm,10,STR-Model,Structural Column,PD5 550x800x2900,CT-COLUMN,192.915163,Standard,175 mm
25 mm,5000 mm,58905.88 cm³,654,654,120002 mm,24,STR-Model,Structural Column,PD3 800x900x2900,CT-COLUMN,463.000197,Standard,175 mm
25 mm,5000 mm,58905.88 cm³,654,654,120002 mm,24,STR-Model,Structural Column,PD3 800x900x2900,CT-COLUMN,463.000197,Standard,175 mm
25 mm,8000 mm,94252.82 cm³,204,204,192010 mm,24,STR-Model,Structural Column,C1 900x900x10500,Column,740.827164,Standard,175 mm
25 mm,6000 mm,70684.65 cm³,205,205,143998 mm,24,STR-Model,Structural Column,C1 900x900x10500,Column,555.581327,Standard,175 mm
25 mm,8000 mm,94252.82 cm³,204,204,192010 mm,24,STR-Model,Structural Column,C1 900x900x10500,Column,740.827164,Standard,175 mm
25 mm,6000 mm,70684.65 cm³,205,205,143998 mm,24,STR-Model,Structural Column,C1 900x900x10500,Column,555.581327,Standard,175 mm
25 mm,8000 mm,94252.82 cm³,204,204,192010 mm,24,STR-Model,Structural Column,C1 900x900x10500,Column,740.827164,Standard,175 mm
25 mm,6000 mm,70684.65 cm³,205,205,143998 mm,24,STR-Model,Structural Column,C1 900x900x10500,Column,555.581327,Standard,175 mm
25 mm,8000 mm,94252.82 cm³,204,204,192010 mm,24,STR-Model,Structural Column,C1 900x900x10500,Column,740.827164,Standard,175 mm
25 mm,6000 mm,70684.65 cm³,205,205,143998 mm,24,STR-Model,Structural Column,C1 900x900x10500,Column,555.581327,Standard,175 mm
25 mm,8000 mm,94252.82 cm³,204,204,192010 mm,24,STR-Model,Structural Column,C1 900x900x10500,Column,740.827164,Standard,175 mm
25 mm,6000 mm,70684.65 cm³,205,205,143998 mm,24,STR-Model,Structural Column,C1 900x900x10500,Column,555.581327,Standard,175 mm
25 mm,8000 mm,94252.82 cm³,204,204,192010 mm,24,STR-Model,Structural Column,C1 900x900x10500,Column,740.827164,Standard,175 mm
25 mm,6000 mm,70684.65 cm³,205,205,143998 mm,24,STR-Model,Structural Column,C1 900x900x10500,Column,555.581327,Standard,175 mm
25 mm,8000 mm,94252.82 cm³,204,204,192010 mm,24,STR-Model,Structural Column,C1 900x900x10500,Column,740.827164,Standard,175 mm
25 mm,6000 mm,70684.65 cm³,205,205,143998 mm,24,STR-Model,Structural Column,C1 900x900x10500,Column,555.581327,Standard,175 mm
25 mm,8000 mm,54977.60 cm³,2047,3210,111999 mm,14,STR-Model,Structural Column,C2 700x700x10500,Column,432.123918,Standard,175 mm
25 mm,6000 mm,58905.03 cm³,2048,229,120000 mm,20,STR-Model,Structural Column,C2 700x700x10500,Column,462.993513,Standard,175 mm
25 mm,8000 mm,94252.82 cm³,204,204,192010 mm,24,STR-Model,Structural Column,C1 900x900x10500,Column,740.827164,Standard,175 mm
25 mm,6000 mm,70684.65 cm³,205,205,143998 mm,24,STR-Model,Structural Column,C1 900x900x10500,Column,555.581327,Standard,175 mm
25 mm,8000 mm,94252.82 cm³,204,204,192010 mm,24,STR-Model,Structural Column,C1 900x900x10500,Column,740.827164,Standard,175 mm
25 mm,6000 mm,70684.65 cm³,205,205,143998 mm,24,STR-Model,Structural Column,C1 900x900x10500,Column,555.581327,Standard,175 mm
25 mm,8000 mm,94252.82 cm³,204,204,192010 mm,24,STR-Model,Structural Column,C1 900x900x10500,Column,740.827164,Standard,175 mm
25 mm,6000 mm,70684.65 cm³,205,205,143998 mm,24,STR-Model,Structural Column,C1 900x900x10500,Column,555.581327,Standard,175 mm
Grand total: 6009,,,,,,58632,,,,,338267.9523,,
